plant_id,plant_name,operator_name,operator_id,plant_state,census_region,nerc_region,sector_name,naics_code,prime_mover,net_gen_mwh,year
1,Sand Point,"TDX Sand Point Generating, LLC",63560,AK,PACN,,NAICS-22 Non-Cogen,22,WT,347.0,2020
90,Snake River,Nome Joint Utility Systems,13642,AK,PACN,,Electric Utility,22,WT,2383.0,2020
508,Lamar Plant,City of Lamar - (CO),10633,CO,MTN,WECC,Electric Utility,22,WT,13232.0,2020
692,Medicine Bow,SRIV Partnership LLC,62042,WY,MTN,WECC,NAICS-22 Non-Cogen,22,WT,16121.0,2020
944,Geneseo,City of Geneseo - (IL),7095,IL,ENC,MRO,Electric Utility,22,WT,5855.0,2020
1172,Osage (IA),City of Osage - (IA),14201,IA,WNC,MRO,Electric Utility,22,WT,4373.0,2020
1998,Mountain Lake,City of Mountain Lake - (MN),13048,MN,WNC,MRO,Electric Utility,22,WT,3077.0,2020
2022,Willmar,Willmar Municipal Utilities,20737,MN,WNC,MRO,Electric Utility,22,WT,3822.879,2020
2022,Willmar,Willmar Municipal Utilities,20737,MN,WNC,MRO,Electric Utility,22,WT,3335.121,2020
2024,Worthington,City of Worthington - (MN),21013,MN,WNC,MRO,Electric Utility,22,WT,10805.0,2020
2240,Lon Wright,City of Fremont - (NE),6779,NE,WNC,MRO,Electric Utility,22,WT,199575.0,2020
6304,Kotzebue Hybrid,Kotzebue Electric Assn Inc,10451,AK,PACN,,Electric Utility,22,WT,3983.0,2020
7381,Searsburg Wind Turbine,Green Mountain Power Corp,7601,VT,NEW,NPCC,Electric Utility,22,WT,12250.0,2020
7501,Princeton Wind Farm,Town of Princeton - (MA),15371,MA,NEW,NPCC,Electric Utility,22,WT,4133.0,2020
7526,Solano Wind,Sacramento Municipal Util Dist,16534,CA,PACC,WECC,Electric Utility,22,WT,555775.0,2020
7771,Springview,Bluestem LLC,58190,NE,WNC,MRO,NAICS-22 Non-Cogen,22,WT,10066.0,2020
7855,Moorhead Wind Turbine,City of Moorhead - (MN),12894,MN,WNC,MRO,Electric Utility,22,WT,2213.0,2020
7886,Wind Turbine,Madison Gas & Electric Co,11479,WI,ENC,MRO,Electric Utility,22,WT,17543.0,2020
7927,Buffalo Mountain,Tennessee Valley Authority,18642,TN,ESC,SERC,Electric Utility,22,WT,0.0,2020
7936,Nine Canyon,Energy Northwest,20160,WA,PACC,WECC,Electric Utility,22,WT,267382.0,2020
7965,Salt Valley Wind Plant,Lincoln Electric System,11018,NE,WNC,MRO,Electric Utility,22,WT,2451.0,2020
7966,Iowa Distributed Wind Generation Project,City of Algona - (IA),309,IA,WNC,MRO,Electric Utility,22,WT,5125.0,2020
7974,Chamberlain Wind Project,Basin Electric Power Coop,1307,SD,WNC,MRO,Electric Utility,22,WT,949.0,2020
10005,Dinosaur Point,International Turbine Res Inc,9397,CA,PACC,WECC,NAICS-22 Non-Cogen,22,WT,9553.0,2020
10191,Tehachapi Wind Resource I,CalWind Resources Inc,2719,CA,PACC,WECC,NAICS-22 Non-Cogen,22,WT,13800.0,2020
10586,Cameron Ridge LLC,Terra-Gen Operating Co-Wind,2770,CA,PACC,WECC,NAICS-22 Non-Cogen,22,WT,147797.0,2020
10597,Ridgetop Energy LLC,Terra-Gen Operating Co-Wind,2770,CA,PACC,WECC,NAICS-22 Non-Cogen,22,WT,39458.0,2020
10718,Karen Avenue Wind Farm,San Gorgonio Farms Inc,16630,CA,PACC,WECC,NAICS-22 Non-Cogen,22,WT,29328.0,2020
10823,Deer Island Treatment Plant,Massachusetts Wtr Rauth-Deer I,11427,MA,NEW,NPCC,Commercial NAICS Cogen,22132,WT,1883.97,2020
50276,Wintec Energy Ltd,Wintec Energy Ltd,20707,CA,PACC,WECC,NAICS-22 Non-Cogen,22,WT,582.0,2020
50281,San Gorgonio Farms Wind Farm,San Gorgonio Farms Inc,16630,CA,PACC,WECC,NAICS-22 Non-Cogen,22,WT,85980.0,2020
50386,Windland,Terra-Gen Operating Co-Wind,2770,CA,PACC,WECC,NAICS-22 Non-Cogen,22,WT,5298.0,2020
50485,Altech III,Terra-Gen Operating Co-Wind,2770,CA,PACC,WECC,NAICS-22 Non-Cogen,22,WT,0.0,2020
50532,Victory Garden (Tehachapi),Wind Stream Operations LLC,56899,CA,PACC,WECC,NAICS-22 Non-Cogen,22,WT,21799.0,2020
50535,Mesa Wind Power Corp,Brookfield Renewable Trading and Marketing LP,63235,CA,PACC,WECC,NAICS-22 Non-Cogen,22,WT,812.0,2020
50536,Sky River Wind Energy Center,Sky River Wind LLC,64156,CA,PACC,WECC,NAICS-22 Non-Cogen,22,WT,36984.0,2020
50552,GPS Cabazon Wind LLC,GlidePath Power Operations LLC,61728,CA,PACC,WECC,NAICS-22 Non-Cogen,22,WT,33916.0,2020
50553,Edom Hills Project 1 LLC,"Red Marlin Wind Ventures, LLC",61208,CA,PACC,WECC,NAICS-22 Non-Cogen,22,WT,29640.0,2020
50690,San Gorgonio Westwinds II LLC,Terra-Gen Operating Co-Wind,2770,CA,PACC,WECC,NAICS-22 Non-Cogen,22,WT,121948.0,2020
50754,Oak Creek Energy Systems I,Oak Creek Energy System Inc II,13938,CA,PACC,WECC,NAICS-22 Non-Cogen,22,WT,62223.0,2020
50820,East Winds Project,Terra-Gen Operating Co-Wind,2770,CA,PACC,WECC,NAICS-22 Non-Cogen,22,WT,7102.0,2020
50821,Mojave 16/17/18,Terra-Gen Operating Co-Wind,2770,CA,PACC,WECC,NAICS-22 Non-Cogen,22,WT,97991.0,2020
52142,Mojave 3/4/5,Terra-Gen Operating Co-Wind,2770,CA,PACC,WECC,NAICS-22 Non-Cogen,22,WT,147742.0,2020
52160,Victory Garden Phase IV LLC,Terra-Gen Operating Co-Wind,2770,CA,PACC,WECC,NAICS-22 Non-Cogen,22,WT,1846.0,2020
52161,Terra-Gen 251 Wind LLC,Terra-Gen Operating Co-Wind,2770,CA,PACC,WECC,NAICS-22 Non-Cogen,22,WT,0.0,2020
52162,85 A,Wind Wall 1 LLC,64311,CA,PACC,WECC,NAICS-22 Non-Cogen,22,WT,0.0,2020
52163,85 B,Wind Wall 1 LLC,64311,CA,PACC,WECC,NAICS-22 Non-Cogen,22,WT,0.0,2020
52165,Helzel & Schwarzhoff 88 Wind Farm,"Terra-Gen 251 Wind, LLC",61444,CA,PACC,WECC,NAICS-22 Non-Cogen,22,WT,0.0,2020
54298,Coram Energy LLC (ECT),Brookfield Renewable Trading and Marketing LP,63235,CA,PACC,WECC,NAICS-22 Non-Cogen,22,WT,27712.0,2020
54299,Coram Energy LLC,Brookfield Renewable Trading and Marketing LP,63235,CA,PACC,WECC,NAICS-22 Non-Cogen,22,WT,9725.0,2020
54300,CTV Power Purchase Contract Trust,Brookfield Renewable Trading and Marketing LP,63235,CA,PACC,WECC,NAICS-22 Non-Cogen,22,WT,11999.0,2020
54453,EDF Renewable Windfarm V Inc,"EDF Renewable Asset Holdings, Inc.",57170,CA,PACC,WECC,NAICS-22 Non-Cogen,22,WT,20921.0,2020
54454,San Gorgonio Windplant WPP1993,"FPL Energy Operating Services, Inc.",49963,CA,PACC,WECC,NAICS-22 Non-Cogen,22,WT,184353.0,2020
54647,TPC Windfarms LLC,Terra-Gen Operating Co-Wind,2770,CA,PACC,WECC,NAICS-22 Non-Cogen,22,WT,51903.0,2020
54650,Alta Mesa Repower LLC,Alta Mesa 640 LLC,64228,CA,PACC,WECC,NAICS-22 Non-Cogen,22,WT,0.0,2020
54681,Difwind Farms Ltd I,Terra-Gen Operating Co-Wind,2770,CA,PACC,WECC,NAICS-22 Non-Cogen,22,WT,0.0,2020
54682,Difwind Farms Ltd II,Terra-Gen Operating Co-Wind,2770,CA,PACC,WECC,NAICS-22 Non-Cogen,22,WT,0.0,2020
54685,Difwind Farms Ltd V,Terra-Gen Operating Co-Wind,2770,CA,PACC,WECC,NAICS-22 Non-Cogen,22,WT,0.0,2020
54686,Difwind Farms Ltd VI,Terra-Gen Operating Co-Wind,2770,CA,PACC,WECC,NAICS-22 Non-Cogen,22,WT,24544.0,2020
54750,Coram Tehachapi,Brookfield Renewable Trading and Marketing LP,63235,CA,PACC,WECC,NAICS-22 Non-Cogen,22,WT,10513.0,2020
54793,Storm Lake 1,Allete Clean Energy,59496,IA,WNC,MRO,NAICS-22 Non-Cogen,22,WT,207288.0,2020
54909,Tehachapi Wind Resource II,CalWind Resources Inc,2719,CA,PACC,WECC,NAICS-22 Non-Cogen,22,WT,43524.0,2020
54931,Ridgetop,Terra-Gen Operating Co-Wind,2770,CA,PACC,WECC,NAICS-22 Non-Cogen,22,WT,139753.0,2020
54979,Big Spring Wind Power Facility,Terra-Gen Operating Co-Wind,2770,TX,WSC,TRE,NAICS-22 Non-Cogen,22,WT,73449.0,2020
55125,Vansycle,ESI Vansycle Partners LP,6017,OR,PACC,WECC,NAICS-22 Non-Cogen,22,WT,83624.0,2020
55208,Lake Benton I,Allete Clean Energy,59496,MN,WNC,MRO,NAICS-22 Non-Cogen,22,WT,243159.0,2020
55265,Lake Benton II,Northern States Power Co - Minnesota,13781,MN,WNC,MRO,Electric Utility,22,WT,454995.0,2020
55287,Storm Lake II,Allete Clean Energy,59496,IA,WNC,MRO,NAICS-22 Non-Cogen,22,WT,151264.0,2020
55342,Woodstock Windfarm,Consolidated Edison Development Inc.,56769,MN,WNC,MRO,NAICS-22 Non-Cogen,22,WT,32259.0,2020
55353,Lakota Ridge LLC,Longroad Energy Services LLC,61219,MN,WNC,MRO,NAICS-22 Non-Cogen,22,WT,16254.0,2020
55354,Shaokatan Hills LLC,Longroad Energy Services LLC,61219,MN,WNC,MRO,NAICS-22 Non-Cogen,22,WT,23038.0,2020
55368,Wethersfield Wind Farm,CHI Energy Inc,34688,NY,MAT,NPCC,NAICS-22 Non-Cogen,22,WT,2213.0,2020
55396,Green Power I,FPL Energy Green Power,49750,CA,PACC,WECC,NAICS-22 Non-Cogen,22,WT,11983.0,2020
55560,FPL Energy Vansycle LLC (WA),FPL Energy Vansycle LLC,6607,WA,PACC,WECC,NAICS-22 Non-Cogen,22,WT,436102.0,2020
55561,Tsar Nicholas LLC,CHI Operations Inc,54725,MN,WNC,MRO,NAICS-22 Non-Cogen,22,WT,5498.0,2020
55562,Sun River LLC,CHI Operations Inc,54725,MN,WNC,MRO,NAICS-22 Non-Cogen,22,WT,5498.0,2020
55563,Julia Hills LLC,CHI Operations Inc,54725,MN,WNC,MRO,NAICS-22 Non-Cogen,22,WT,5498.0,2020
55564,Jessica Mills LLC,CHI Operations Inc,54725,MN,WNC,MRO,NAICS-22 Non-Cogen,22,WT,5498.0,2020
55565,Jack River LLC,CHI Operations Inc,54725,MN,WNC,MRO,NAICS-22 Non-Cogen,22,WT,5498.0,2020
55566,Autumn Hills LLC,CHI Operations Inc,54725,MN,WNC,MRO,NAICS-22 Non-Cogen,22,WT,5498.0,2020
55567,Winters Spawn LLC,CHI Operations Inc,54725,MN,WNC,MRO,NAICS-22 Non-Cogen,22,WT,4477.0,2020
55568,Twin Lake Hills LLC,CHI Operations Inc,54725,MN,WNC,MRO,NAICS-22 Non-Cogen,22,WT,4706.0,2020
55569,Spartan Hills LLC,CHI Operations Inc,54725,MN,WNC,MRO,NAICS-22 Non-Cogen,22,WT,4608.0,2020
55570,Soliloquoy Ridge LLC,CHI Operations Inc,54725,MN,WNC,MRO,NAICS-22 Non-Cogen,22,WT,4597.0,2020
55571,Ruthton Ridge LLC,CHI Operations Inc,54725,MN,WNC,MRO,NAICS-22 Non-Cogen,22,WT,4499.0,2020
55572,Hope Creek LLC,CHI Operations Inc,54725,MN,WNC,MRO,NAICS-22 Non-Cogen,22,WT,4946.0,2020
55573,Hadley Ridge LLC,CHI Operations Inc,54725,MN,WNC,MRO,NAICS-22 Non-Cogen,22,WT,4738.0,2020
55574,Florence Hills LLC,CHI Operations Inc,54725,MN,WNC,MRO,NAICS-22 Non-Cogen,22,WT,4651.0,2020
55576,Agassiz Beach LLC,CHI Operations Inc,54725,MN,WNC,MRO,NAICS-22 Non-Cogen,22,WT,4697.0,2020
55579,Llano Estacado Wind Ranch,Llano Estacado Wind Ranch,62136,TX,WSC,MRO,NAICS-22 Non-Cogen,22,WT,149175.0,2020
55581,King Mountain Wind Ranch 1,FPL Energy Upton Wind LP,6354,TX,WSC,TRE,NAICS-22 Non-Cogen,22,WT,600857.0,2020
55607,Foote Creek I,PacifiCorp,14354,WY,MTN,WECC,Electric Utility,22,WT,49196.0,2020
55608,Foote Creek II,Terra-Gen Operating Co-Wind,2770,WY,MTN,WECC,NAICS-22 Non-Cogen,22,WT,0.0,2020
55609,Foote Creek III,Terra-Gen Operating Co-Wind,2770,WY,MTN,WECC,NAICS-22 Non-Cogen,22,WT,0.0,2020
55610,Foote Creek IV,Terra-Gen Operating Co-Wind,2770,WY,MTN,WECC,NAICS-22 Non-Cogen,22,WT,38219.0,2020
55719,Mountain View I&2,AES Wind Generation Inc,19740,CA,PACC,WECC,NAICS-22 Non-Cogen,22,WT,193742.0,2020
55734,Gray County Wind Energy,Gray County Wind Energy LLC,7531,KS,WNC,MRO,NAICS-22 Non-Cogen,22,WT,210879.0,2020
55739,Condon Windpower LLC,Allete Clean Energy,59496,OR,PACC,WECC,NAICS-22 Non-Cogen,22,WT,106205.0,2020
55740,Rock River I LLC,Shell Wind Energy Inc.,17058,WY,MTN,WECC,NAICS-22 Non-Cogen,22,WT,151174.0,2020
55741,Ridge Crest Wind Partners,EDF Renewable Services Inc,5906,CO,MTN,WECC,NAICS-22 Non-Cogen,22,WT,71721.0,2020
55742,Montfort Wind Energy Center,Wisconsin Electric Power Co,20847,WI,ENC,RFC,Electric Utility,22,WT,52709.0,2020
55747,NWP Indian Mesa Wind Farm,NWP Indian Mesa Wind Farm LP,13866,TX,WSC,TRE,NAICS-22 Non-Cogen,22,WT,237991.0,2020
55769,Madison Windpower LLC,Madison Windpower LLC,49880,NY,MAT,NPCC,NAICS-22 Non-Cogen,22,WT,16223.0,2020
55782,Noble Ridge LLC,RENEW Energy Inc,56689,MN,WNC,MRO,NAICS-22 Non-Cogen,22,WT,725.0,2020
55790,Fenner Wind,CHI Energy Inc,34688,NY,MAT,NPCC,NAICS-22 Non-Cogen,22,WT,62122.0,2020
55795,Woodward Mountain II,Pecos Wind II LP,14629,TX,WSC,TRE,NAICS-22 Non-Cogen,22,WT,164168.0,2020
55796,Woodward Mountain I,Pecos Wind I LP,14628,TX,WSC,TRE,NAICS-22 Non-Cogen,22,WT,172586.0,2020
55803,Somerset Windpower LLC,GlidePath Power Operations LLC,61728,PA,MAT,RFC,NAICS-22 Non-Cogen,22,WT,8319.0,2020
55804,Northern Iowa Windfarm,Black Hills Electric Generation LLC,61973,IA,WNC,MRO,NAICS-22 Non-Cogen,22,WT,128437.0,2020
55805,Mill Run Windpower LLC,GlidePath Power Operations LLC,61728,PA,MAT,RFC,NAICS-22 Non-Cogen,22,WT,17632.0,2020
55809,Kas Brothers Windfarm,Kas Brothers Windfarm LLC,10046,MN,WNC,MRO,NAICS-22 Non-Cogen,22,WT,3127.0,2020
55816,Hawkeye Power Partners LLC,Hawkeye Power Partners LLC,8294,IA,WNC,MRO,NAICS-22 Non-Cogen,22,WT,79296.0,2020
55871,Klondike Wind Power,Avangrid Renewables LLC,15399,OR,PACC,WECC,NAICS-22 Non-Cogen,22,WT,52887.0,2020
55944,Bay Windpower I,Bay Windpower LLC,1361,MI,ENC,RFC,NAICS-22 Non-Cogen,22,WT,2478.0,2020
55968,Trent Wind Farm LP,Trent Wind Farm LP,19171,TX,WSC,TRE,NAICS-22 Non-Cogen,22,WT,555840.0,2020
55980,Champepaden Wind Power,"EDF Renewable Asset Holdings, Inc.",57170,MN,WNC,MRO,NAICS-22 Non-Cogen,22,WT,1584.0,2020
55986,Mountaineer Wind Energy Center,GlidePath Power Operations LLC,61728,WV,SAT,RFC,NAICS-22 Non-Cogen,22,WT,133768.0,2020
55989,FPL Energy Vansycle LLC (OR),FPL Energy Vansycle LLC,6607,OR,PACC,WECC,NAICS-22 Non-Cogen,22,WT,302732.0,2020
55992,Desert Sky,Desert Sky Wind Farm LP,49796,TX,WSC,TRE,NAICS-22 Non-Cogen,22,WT,539378.0,2020
55995,Minot Wind Project,Basin Electric Power Coop,1307,ND,WNC,MRO,Electric Utility,22,WT,18667.0,2020
56001,Waymart Wind,GlidePath Power Operations LLC,61728,PA,MAT,RFC,NAICS-22 Non-Cogen,22,WT,131175.0,2020
56002,Minwind,"Community Renewables, LLC",60580,MN,WNC,MRO,NAICS-22 Non-Cogen,22,WT,5808.0,2020
56010,Hancock County Wind Energy Center,"FPL Energy Hancock County Wind, LLC",6850,IA,WNC,MRO,NAICS-22 Non-Cogen,22,WT,247213.0,2020
56011,Cabazon Wind Partners,Shell Wind Energy Inc.,17058,CA,PACC,WECC,NAICS-22 Non-Cogen,22,WT,103235.0,2020
56012,Whitewater Hill Wind Partners,Shell Wind Energy Inc.,17058,CA,PACC,WECC,NAICS-22 Non-Cogen,22,WT,132375.0,2020
56052,"Meyersdale Windpower, LLC",GlidePath Power Operations LLC,61728,PA,MAT,RFC,NAICS-22 Non-Cogen,22,WT,70865.0,2020
56054,G McNeilus Wind Farm Dodge Center,Garwin McNeilus,6985,MN,WNC,MRO,NAICS-22 Non-Cogen,22,WT,93433.0,2020
56075,High Winds LLC,"FPLE High Winds, LLC",8565,CA,PACC,WECC,NAICS-22 Non-Cogen,22,WT,312992.0,2020
56081,Blue Canyon Windpower,Blue Canyon Windpower LLC,1881,OK,WSC,MRO,NAICS-22 Non-Cogen,22,WT,214503.0,2020
56092,South Dakota Wind Energy Cente,FPL Energy South Dakota Wind LLC,34721,SD,WNC,MRO,NAICS-22 Non-Cogen,22,WT,84448.0,2020
56093,TransAlta Wyoming Wind,NextEra Energy Operating Services LLC,58528,WY,MTN,WECC,NAICS-22 Non-Cogen,22,WT,377140.0,2020
56094,Oklahoma Wind Energy Center,FPL Energy Oklahoma Wind LLC,34719,OK,WSC,MRO,NAICS-22 Non-Cogen,22,WT,280291.0,2020
56097,New Mexico Wind Energy Center,FPL Energy New Mexico Wind LLC,34717,NM,MTN,WECC,NAICS-22 Non-Cogen,22,WT,573389.0,2020
56099,FPL Energy North Dakota Wind I/II,FPL Energy North Dakota Wind LLC,34723,ND,WNC,MRO,NAICS-22 Non-Cogen,22,WT,98406.0,2020
56106,Kimball Wind,"Kimball Wind, LLC",61369,NE,WNC,WECC,NAICS-22 Non-Cogen,22,WT,127177.0,2020
56111,Brazos Wind Farm,Shell Wind Energy Inc.,17058,TX,WSC,TRE,NAICS-22 Non-Cogen,22,WT,330423.0,2020
56112,Mountain View III,Avangrid Renewables LLC,15399,CA,PACC,WECC,NAICS-22 Non-Cogen,22,WT,58309.0,2020
56123,Minwind 3-9,"Rock County Energy Center, LLC",60558,MN,WNC,MRO,NAICS-22 Non-Cogen,22,WT,0.0,2020
56142,"Chanarambie Power Partners, LLC",Allete Clean Energy,59496,MN,WNC,MRO,NAICS-22 Non-Cogen,22,WT,227154.0,2020
56153,Viking Wind Partners,Allete Clean Energy,59496,MN,WNC,MRO,NAICS-22 Non-Cogen,22,WT,35550.0,2020
56160,"Mendota Hills, LLC","Leeward Asset Management, LLC",50123,IL,ENC,RFC,NAICS-22 Non-Cogen,22,WT,242259.0,2020
56162,Ainsworth Wind,Nebraska Public Power District,13337,NE,WNC,MRO,Electric Utility,22,WT,122079.0,2020
56172,Flying Cloud Power Partners LLC,Avangrid Renewables LLC,15399,IA,WNC,MRO,NAICS-22 Non-Cogen,22,WT,133105.0,2020
56173,Colorado Green Holdings LLC,Avangrid Renewables LLC,15399,CO,MTN,WECC,NAICS-22 Non-Cogen,22,WT,247413.0,2020
56174,Moraine Wind LLC,Avangrid Renewables LLC,15399,MN,WNC,MRO,NAICS-22 Non-Cogen,22,WT,109904.0,2020
56195,Combine Hills I,Eurus Combine Hills I LLC,49844,OR,PACC,WECC,NAICS-22 Non-Cogen,22,WT,121150.0,2020
56199,TG Windfarm LLC,TG Windfarm LLC,61141,MN,WNC,MRO,NAICS-22 Non-Cogen,22,WT,3378.0,2020
56200,CG Windfarm LLC,CG Windfarm LLC,61140,MN,WNC,MRO,NAICS-22 Non-Cogen,22,WT,1689.0,2020
56201,Bisson Windfarm LLC,Bisson Windfarm LLC,61139,MN,WNC,MRO,NAICS-22 Non-Cogen,22,WT,3378.0,2020
56202,Tofteland Windfarm LLC,Tofteland Windfarm LLC,49867,MN,WNC,MRO,NAICS-22 Non-Cogen,22,WT,3378.0,2020
56203,Westridge Windfarm LLC,Westridge Windfarm LLC,61142,MN,WNC,MRO,NAICS-22 Non-Cogen,22,WT,1689.0,2020
56204,Fey Windfarm LLC,Fey Windfarm LLC,49869,MN,WNC,MRO,NAICS-22 Non-Cogen,22,WT,4145.0,2020
56205,Windcurrent Farms LLC,Windcurrent Farms LLC,49870,MN,WNC,MRO,NAICS-22 Non-Cogen,22,WT,3922.0,2020
56206,K-Brink Windfarm LLC,"K-brink Windfarm, LLC",61120,MN,WNC,MRO,NAICS-22 Non-Cogen,22,WT,3740.0,2020
56207,DL Windy Acres LLC,Brewster,56800,MN,WNC,MRO,NAICS-22 Non-Cogen,22,WT,2434.0,2020
56208,S&P Windfarm LLC,Brewster,56800,MN,WNC,MRO,NAICS-22 Non-Cogen,22,WT,2434.0,2020
56209,Boeve Windfarm LLC,Boeve Windfarm LLC,49874,MN,WNC,MRO,NAICS-22 Non-Cogen,22,WT,4281.0,2020
56210,B&K Energy Systems LLC,Brewster,56800,MN,WNC,MRO,NAICS-22 Non-Cogen,22,WT,2434.0,2020
56211,Sweetwater Wind 1 LLC,"Leeward Asset Management, LLC",50123,TX,WSC,TRE,NAICS-22 Non-Cogen,22,WT,145425.0,2020
56212,Sweetwater Wind 2 LLC,"Leeward Asset Management, LLC",50123,TX,WSC,TRE,NAICS-22 Non-Cogen,22,WT,343906.0,2020
56215,Allendorf,E&E Enterprises LLC,57202,IA,WNC,MRO,NAICS-22 Non-Cogen,22,WT,1806.0,2020
56225,Aeolus Wind Facility,Aeolus Wind LLC,49903,TX,WSC,MRO,NAICS-22 Non-Cogen,22,WT,1102.0,2020
56226,Bowling Green Wind,"American Mun Power-Ohio, Inc",40577,OH,ENC,RFC,Electric Utility,22,WT,9259.0,2020
56240,Buffalo Gap Wind Farm,AES Wind Generation Inc,19740,TX,WSC,TRE,NAICS-22 Non-Cogen,22,WT,330380.0,2020
56251,Intrepid,MidAmerican Energy Co,12341,IA,WNC,MRO,Electric Utility,22,WT,519593.0,2020
56252,Century,MidAmerican Energy Co,12341,IA,WNC,MRO,Electric Utility,22,WT,570021.0,2020
56255,Hopkins Ridge Wind,Puget Sound Energy Inc,15500,WA,PACC,WECC,Electric Utility,22,WT,414673.0,2020
56270,Callahan Divide Wind Energy Center,"FPL Energy Callahan Wind, LLC",50012,TX,WSC,TRE,NAICS-22 Non-Cogen,22,WT,431465.0,2020
56271,Diablo Winds LLC,GlidePath Power Operations LLC,61728,CA,PACC,WECC,NAICS-22 Non-Cogen,22,WT,56046.0,2020
56273,Weatherford Wind Energy Center,"FPL Energy Weatherford, LLC",50014,OK,WSC,MRO,NAICS-22 Non-Cogen,22,WT,415059.0,2020
56275,Helzel & Schwarzhoff 86,Wind Stream Operations LLC,56899,CA,PACC,WECC,NAICS-22 Non-Cogen,22,WT,2822.0,2020
56276,ZCO,Wind Stream Operations LLC,56899,CA,PACC,WECC,NAICS-22 Non-Cogen,22,WT,1855.0,2020
56290,Maple Ridge Wind Farm,"Flat Rock Windpower, LLC",54684,NY,MAT,NPCC,NAICS-22 Non-Cogen,22,WT,741223.0,2020
56291,Horse Hollow Wind Energy Center,FPL Energy Horse Hollow LLC,50063,TX,WSC,TRE,NAICS-22 Non-Cogen,22,WT,2513457.0,2020
56293,Caprock Wind Farm,"Leeward Asset Management, LLC",50123,NM,MTN,MRO,NAICS-22 Non-Cogen,22,WT,276519.0,2020
56295,Kumeyaay Wind,"Leeward Asset Management, LLC",50123,CA,PACC,WECC,NAICS-22 Non-Cogen,22,WT,143525.0,2020
56296,Trimont Area Wind Farm,Avangrid Renewables LLC,15399,MN,WNC,MRO,NAICS-22 Non-Cogen,22,WT,297274.0,2020
56297,Crescent Ridge,"Leeward Asset Management, LLC",50123,IL,ENC,RFC,NAICS-22 Non-Cogen,22,WT,132071.0,2020
56299,Wind Park Bear Creek,"Leeward Asset Management, LLC",50123,PA,MAT,RFC,NAICS-22 Non-Cogen,22,WT,57209.0,2020
56300,Jersey-Atlantic Wind Farm,"Leeward Asset Management, LLC",50123,NJ,MAT,RFC,NAICS-22 Non-Cogen,22,WT,19999.0,2020
56301,Wolverine Creek,Invenergy Services LLC,49893,ID,MTN,WECC,NAICS-22 Non-Cogen,22,WT,185417.0,2020
56302,Oasis Wind,Terra-Gen Operating Co-Wind,2770,CA,PACC,WECC,NAICS-22 Non-Cogen,22,WT,81991.0,2020
56303,Elk River Wind,Avangrid Renewables LLC,15399,KS,WNC,MRO,NAICS-22 Non-Cogen,22,WT,348149.0,2020
56304,San Juan Mesa Wind Project LLC,NRG Energy Gas & Wind Holdings Inc,59883,NM,MTN,MRO,NAICS-22 Non-Cogen,22,WT,405440.0,2020
56307,Adams Wind Farm,Consolidated Edison Development Inc.,56769,MN,WNC,MRO,NAICS-22 Non-Cogen,22,WT,47889.0,2020
56308,Fossil Gulch,Greenbacker Renewable Energy Corporation,60025,ID,MTN,WECC,NAICS-22 Non-Cogen,22,WT,27462.0,2020
56311,Sweetwater Wind 3 LLC,"Leeward Asset Management, LLC",50123,TX,WSC,TRE,NAICS-22 Non-Cogen,22,WT,422110.0,2020
56320,Spring Canyon,Invenergy Services LLC,49893,CO,MTN,WECC,NAICS-22 Non-Cogen,22,WT,182052.0,2020
56322,Wild Horse,Puget Sound Energy Inc,15500,WA,PACC,WECC,Electric Utility,22,WT,764908.0,2020
56335,Blue Canyon Windpower II,Blue Canyon Windpower II LLC,54707,OK,WSC,MRO,NAICS-22 Non-Cogen,22,WT,444567.0,2020
56336,Aragonne Wind LLC,"Leeward Asset Management, LLC",50123,NM,MTN,WECC,NAICS-22 Non-Cogen,22,WT,247884.0,2020
56337,Sweetwater Wind 4 LLC,"Leeward Asset Management, LLC",50123,TX,WSC,TRE,NAICS-22 Non-Cogen,22,WT,699524.0,2020
56338,High Trail Wind Farm LLC,High Trail Wind Farm LLC,54709,IL,ENC,RFC,NAICS-22 Non-Cogen,22,WT,525024.0,2020
56347,Cedar Ridge,Wisconsin Power & Light Co,20856,WI,ENC,MRO,Electric Utility,22,WT,184025.0,2020
56351,Spearville,Evergy Metro,10000,KS,WNC,MRO,Electric Utility,22,WT,371227.0,2020
56355,Whispering Willow Wind Farm - East,Interstate Power and Light Co,9417,IA,WNC,MRO,Electric Utility,22,WT,445474.0,2020
56357,FPL Energy Burleigh County Wind,FPL Energy Burleigh County Wind LLC,54717,ND,WNC,MRO,NAICS-22 Non-Cogen,22,WT,177564.0,2020
56359,Klondike Windpower II,Avangrid Renewables LLC,15399,OR,PACC,WECC,NAICS-22 Non-Cogen,22,WT,202129.0,2020
56360,Leaning Juniper,PacifiCorp,14354,OR,PACC,WECC,Electric Utility,22,WT,316368.0,2020
56361,Big Horn Wind Project,Avangrid Renewables LLC,15399,WA,PACC,WECC,NAICS-22 Non-Cogen,22,WT,600492.0,2020
56362,Shiloh I Wind Project,Avangrid Renewables LLC,15399,CA,PACC,WECC,NAICS-22 Non-Cogen,22,WT,394032.0,2020
56369,Casselman Wind Power Project,Avangrid Renewables LLC,15399,PA,MAT,RFC,NAICS-22 Non-Cogen,22,WT,94503.0,2020
56371,Cedar Creek Wind,"Leeward Asset Management, LLC",50123,CO,MTN,WECC,NAICS-22 Non-Cogen,22,WT,787016.0,2020
56372,Sweetwater Wind 5,"Leeward Asset Management, LLC",50123,TX,WSC,TRE,NAICS-22 Non-Cogen,22,WT,194772.0,2020
56376,Pike County Wind Power,Illinois Rural Electric Coop,9209,IL,ENC,SERC,Electric Utility,22,WT,2416.0,2020
56377,Judith Gap Wind Energy Center,Invenergy Services LLC,49893,MT,MTN,WECC,NAICS-22 Non-Cogen,22,WT,517396.0,2020
56378,Pakini Nui Wind Farm,Apollo Energy Corp,794,HI,PACN,,NAICS-22 Non-Cogen,22,WT,118805.0,2020
56379,Victory Wind Farm,MidAmerican Energy Co,12341,IA,WNC,MRO,Electric Utility,22,WT,354385.0,2020
56380,Centennial Wind Farm,Oklahoma Gas & Electric Co,14063,OK,WSC,MRO,Electric Utility,22,WT,236181.0,2020
56383,Northern Iowa Windpower II,Avangrid Renewables LLC,15399,IA,WNC,MRO,NAICS-22 Non-Cogen,22,WT,139776.0,2020
56386,Top of Iowa Windfarm III,Madison Gas & Electric Co,11479,IA,WNC,MRO,Electric Utility,22,WT,48847.0,2020
56391,Blue Sky Green Field Wind Project,Wisconsin Electric Power Co,20847,WI,ENC,RFC,Electric Utility,22,WT,336621.0,2020
56392,FPL Energy Oliver Wind I LLC,FPL Energy Oliver County Wind,55696,ND,WNC,MRO,NAICS-22 Non-Cogen,22,WT,131509.0,2020
56394,Forest Creek Wind Farm LLC,RWE Renewables Americas LLC,56215,TX,WSC,TRE,NAICS-22 Non-Cogen,22,WT,312715.0,2020
56395,Mesquite Wind Power LLC,Mesquite Wind LLC,54759,TX,WSC,TRE,NAICS-22 Non-Cogen,22,WT,484260.0,2020
56399,Lempster Wind LLC,Avangrid Renewables LLC,15399,NH,NEW,NPCC,NAICS-22 Non-Cogen,22,WT,67678.0,2020
56408,Agriwind,"AgriWind Project, LLC",54789,IL,ENC,RFC,NAICS-22 Non-Cogen,22,WT,13200.0,2020
56409,Stahl Wind Energy,Longroad Energy Services LLC,61219,MN,WNC,MRO,NAICS-22 Non-Cogen,22,WT,4742.0,2020
56410,Carstensen Wind,Longroad Energy Services LLC,61219,MN,WNC,MRO,NAICS-22 Non-Cogen,22,WT,4383.0,2020
56411,Northern Lights Wind LLC,Longroad Energy Services LLC,61219,MN,WNC,MRO,NAICS-22 Non-Cogen,22,WT,3731.0,2020
56412,Lucky Wind,Longroad Energy Services LLC,61219,MN,WNC,MRO,NAICS-22 Non-Cogen,22,WT,3027.0,2020
56413,Greenback Energy,Longroad Energy Services LLC,61219,MN,WNC,MRO,NAICS-22 Non-Cogen,22,WT,3208.0,2020
56414,Redwood Falls Wind,Southern Minnesota Mun P Agny,40580,MN,WNC,MRO,Electric Utility,22,WT,9833.0,2020
56415,Fairmont Wind,Southern Minnesota Mun P Agny,40580,MN,WNC,MRO,Electric Utility,22,WT,14823.0,2020
56416,Michigan Wind 1,"Michigan Wind 1, LLC",54800,MI,ENC,RFC,NAICS-22 Non-Cogen,22,WT,169200.0,2020
56424,Mower County Wind Energy Center,FPL Energy Mower County LLC,54819,MN,WNC,MRO,NAICS-22 Non-Cogen,22,WT,202560.0,2020
56432,Wildorado Wind LLC,NRG Energy Gas & Wind Holdings Inc,59883,TX,WSC,MRO,NAICS-22 Non-Cogen,22,WT,597835.0,2020
56433,Pine Tree Wind Power Project,Los Angeles Department of Water & Power,11208,CA,PACC,WECC,Electric Utility,22,WT,260357.0,2020
56434,Burley Butte Windpark,Idaho Wind Partners 1 LLC,56592,ID,MTN,WECC,NAICS-22 Non-Cogen,22,WT,62600.0,2020
56435,Golden Valley Wind Park LLC,Idaho Wind Partners 1 LLC,56592,ID,MTN,WECC,NAICS-22 Non-Cogen,22,WT,33170.0,2020
56437,Milner Dam Wind Park LLC,Idaho Wind Partners 1 LLC,56592,ID,MTN,WECC,NAICS-22 Non-Cogen,22,WT,58940.0,2020
56439,Oregon Trail Wind Park,Idaho Wind Partners 1 LLC,56592,ID,MTN,WECC,NAICS-22 Non-Cogen,22,WT,40411.0,2020
56440,Pilgrim Stage Wind Park,Idaho Wind Partners 1 LLC,56592,ID,MTN,WECC,NAICS-22 Non-Cogen,22,WT,34404.0,2020
56441,Salmon Falls Wind Park,Idaho Wind Partners 1 LLC,56592,ID,MTN,WECC,NAICS-22 Non-Cogen,22,WT,65964.0,2020
56442,Thousand Springs Wind Park,Idaho Wind Partners 1 LLC,56592,ID,MTN,WECC,NAICS-22 Non-Cogen,22,WT,34130.0,2020
56443,Tuana Gulch Wind Park,Idaho Wind Partners 1 LLC,56592,ID,MTN,WECC,NAICS-22 Non-Cogen,22,WT,31616.0,2020
56446,Buena Vista Energy LLC,"Leeward Asset Management, LLC",50123,CA,PACC,WECC,NAICS-22 Non-Cogen,22,WT,85267.0,2020
56447,Hawi Wind Farm,"EDF Renewable Asset Holdings, Inc.",57170,HI,PACN,,NAICS-22 Non-Cogen,22,WT,26658.0,2020
56448,Mars Hill Wind Farm Project,"Evergreen Wind, LLC",59155,ME,NEW,NPCC,NAICS-22 Non-Cogen,22,WT,132410.0,2020
56449,Kaheawa Pastures Wind Farm Hybrid,"Evergreen Wind, LLC",59155,HI,PACN,,NAICS-22 Non-Cogen,22,WT,108503.0,2020
56450,GSG LLC,"Leeward Asset Management, LLC",50123,IL,ENC,RFC,NAICS-22 Non-Cogen,22,WT,187761.0,2020
56451,Allegheny Ridge Wind Farm,"Leeward Asset Management, LLC",50123,PA,MAT,RFC,NAICS-22 Non-Cogen,22,WT,214046.0,2020
56457,Post Wind Farm LP,FPL Energy Red Canyon LLC,54870,TX,WSC,TRE,NAICS-22 Non-Cogen,22,WT,332992.0,2020
56459,MinnDakota Wind LLC,Avangrid Renewables LLC,15399,MN,WNC,MRO,NAICS-22 Non-Cogen,22,WT,425744.0,2020
56460,Twin Buttes Wind Project,Avangrid Renewables LLC,15399,CO,MTN,WECC,NAICS-22 Non-Cogen,22,WT,265372.0,2020
56466,Marengo Wind Plant,PacifiCorp,14354,WA,PACC,WECC,Electric Utility,22,WT,648830.0,2020
56468,Klondike Windpower III,Avangrid Renewables LLC,15399,OR,PACC,WECC,NAICS-22 Non-Cogen,22,WT,818420.0,2020
56470,Locust Ridge,Avangrid Renewables LLC,15399,PA,MAT,RFC,NAICS-22 Non-Cogen,22,WT,68127.0,2020
56479,Sand Bluff Wind Farm,RWE Renewables Americas LLC,56215,TX,WSC,TRE,NAICS-22 Non-Cogen,22,WT,143104.0,2020
56483,Post Oak Wind LLC,Mesquite Wind LLC,54759,TX,WSC,TRE,NAICS-22 Non-Cogen,22,WT,528593.0,2020
56484,Buffalo Gap 2 Wind Farm,AES Wind Generation Inc,19740,TX,WSC,TRE,NAICS-22 Non-Cogen,22,WT,483505.0,2020
56485,Biglow Canyon Wind Farm,Portland General Electric Co,15248,OR,PACC,WECC,Electric Utility,22,WT,1152089.0,2020
56487,White Creek Wind Farm,White Creek Wind 1 LLC,55907,WA,PACC,WECC,NAICS-22 Non-Cogen,22,WT,646622.0,2020
56488,Smoky Hills Wind Project Phase I,Smoky Hills Wind Farm I LLC,55886,KS,WNC,MRO,NAICS-22 Non-Cogen,22,WT,275094.0,2020
56493,Buffalo Mountain Energy Center,Invenergy Services LLC,49893,TN,ESC,SERC,NAICS-22 Non-Cogen,22,WT,39185.0,2020
56494,Prairie Star Wind Farm,High Prairie Wind Farm II LLC,54904,MN,WNC,MRO,NAICS-22 Non-Cogen,22,WT,289511.0,2020
56495,NedPower Mount Storm,NedPower Mt Storm LLC,62810,WV,SAT,RFC,NAICS-22 Non-Cogen,22,WT,652961.0,2020
56501,Pomeroy Wind Farm,MidAmerican Energy Co,12341,IA,WNC,MRO,Electric Utility,22,WT,917215.0,2020
56506,Scurry County Wind LP,Invenergy Services LLC,49893,TX,WSC,TRE,NAICS-22 Non-Cogen,22,WT,312158.0,2020
56536,Cow Branch,"Cow Branch Wind Power, LLC",55734,MO,WNC,SERC,NAICS-22 Non-Cogen,22,WT,89797.41,2020
56537,Conception,"CR Clearing, LLC",55735,MO,WNC,SERC,NAICS-22 Non-Cogen,22,WT,83069.74,2020
56538,Loess Hills,Loess Hills Wind Farm LLC,55736,MO,WNC,SERC,NAICS-22 Non-Cogen,22,WT,6300.9,2020
56543,Eastridge Wind Project,Eastridge Wind Project,62005,MN,WNC,MRO,NAICS-22 Non-Cogen,22,WT,18710.0,2020
56544,Windom Wind Project,Midwest Power Partners LLC,60661,MN,WNC,MRO,NAICS-22 Non-Cogen,22,WT,30160.0,2020
56555,Bluegrass Ridge,"Wind Capital Holdings, LLC",55737,MO,WNC,SERC,NAICS-22 Non-Cogen,22,WT,85931.73,2020
56560,Porterhouse Wind (4) LLC,GlidePath Power Operations LLC,61728,TX,WSC,MRO,NAICS-22 Non-Cogen,22,WT,71498.0,2020
56561,Filet Wind (5) LLC,GlidePath Power Operations LLC,61728,TX,WSC,MRO,NAICS-22 Non-Cogen,22,WT,5427.0,2020
56562,Tenderloin Wind (6) LLC,GlidePath Power Operations LLC,61728,TX,WSC,MRO,NAICS-22 Non-Cogen,22,WT,5873.0,2020
56563,Peetz Table Wind Energy,FPL Peetz Table Wind Energy,55785,CO,MTN,WECC,NAICS-22 Non-Cogen,22,WT,672737.0,2020
56570,Terra-Gen VG Wind LLC,Terra-Gen Operating Co-Wind,2770,CA,PACC,WECC,NAICS-22 Non-Cogen,22,WT,10820.0,2020
56573,FPL Energy Oliver Wind II LLC,FPL Energy Oliver County Wind II LLC,54799,ND,WNC,MRO,NAICS-22 Non-Cogen,22,WT,177775.0,2020
56575,Steel Winds Wind Farm,"Evergreen Wind, LLC",59155,NY,MAT,NPCC,NAICS-22 Non-Cogen,22,WT,51698.0,2020
56577,Shane's Wind Machine,Shane's Wind Machine LLC,55832,MN,WNC,MRO,NAICS-22 Non-Cogen,22,WT,5171.0,2020
56580,Blue Breezes LLC,Moore 1,56807,MN,WNC,MRO,NAICS-22 Non-Cogen,22,WT,1418.0,2020
56581,Blue Breezes II LLC,Moore 1,56807,MN,WNC,MRO,NAICS-22 Non-Cogen,22,WT,1301.0,2020
56586,Sunset Breeze LLC,Midwest Power Partners LLC,60661,MN,WNC,MRO,NAICS-22 Non-Cogen,22,WT,2008.0,2020
56587,Minnesota Breeze LLC,Midwest Power Partners LLC,60661,MN,WNC,MRO,NAICS-22 Non-Cogen,22,WT,2008.0,2020
56588,G Flow Wind LLC,Midwest Power Partners LLC,60661,MN,WNC,MRO,NAICS-22 Non-Cogen,22,WT,2008.0,2020
56589,Wolf Wind Enterprises LLC,Midwest Power Partners LLC,60661,MN,WNC,MRO,NAICS-22 Non-Cogen,22,WT,2008.0,2020
56590,Green Acres Breeze LLC,Midwest Power Partners LLC,60661,MN,WNC,MRO,NAICS-22 Non-Cogen,22,WT,2008.0,2020
56591,Horseshoe Bend Wind Park,Cycle Power Partners,61185,MT,MTN,WECC,NAICS-22 Non-Cogen,22,WT,23877.0,2020
56592,Champion Wind Farm LLC,RWE Renewables Americas LLC,56215,TX,WSC,TRE,NAICS-22 Non-Cogen,22,WT,338513.0,2020
56593,Roscoe Wind Farm LLC,RWE Renewables Americas LLC,56215,TX,WSC,TRE,NAICS-22 Non-Cogen,22,WT,510715.0,2020
56594,Munnsville Wind Farm LLC,RWE Renewables Americas LLC,56215,NY,MAT,NPCC,NAICS-22 Non-Cogen,22,WT,89203.0,2020
56602,Snyder Wind Farm,Snyder Wind Farm LLC,55847,TX,WSC,TRE,NAICS-22 Non-Cogen,22,WT,53530.0,2020
56605,"Langdon Renewables, LLC",FPL Energy Langdon Wind LLC,55799,ND,WNC,MRO,NAICS-22 Non-Cogen,22,WT,511057.0,2020
56607,Prairie Winds ND1,Basin Electric Power Coop,1307,ND,WNC,MRO,Electric Utility,22,WT,283932.0,2020
56608,Prairie Winds SD1,Basin Electric Power Coop,1307,SD,WNC,MRO,Electric Utility,22,WT,313712.0,2020
56613,Logan Wind Energy,Logan Wind Energy LLC,55862,CO,MTN,WECC,NAICS-22 Non-Cogen,22,WT,557388.0,2020
56614,Old Trail Wind Farm,Old Trail Wind Farm LLC,55866,IL,ENC,RFC,NAICS-22 Non-Cogen,22,WT,542032.0,2020
56617,Fenton Wind Farm,"EDF Renewable Asset Holdings, Inc.",57170,MN,WNC,MRO,NAICS-22 Non-Cogen,22,WT,487863.0,2020
56618,Clinton,"Valcour Operating Services, LLC",63858,NY,MAT,NPCC,NAICS-22 Non-Cogen,22,WT,175928.0,2020
56619,Ellenburg,"Valcour Operating Services, LLC",63858,NY,MAT,NPCC,NAICS-22 Non-Cogen,22,WT,167227.0,2020
56620,Bliss,"Valcour Operating Services, LLC",63858,NY,MAT,NPCC,NAICS-22 Non-Cogen,22,WT,196262.0,2020
56621,Sleeping Bear LLC,NRG Energy Gas & Wind Holdings Inc,59883,OK,WSC,MRO,NAICS-22 Non-Cogen,22,WT,187319.0,2020
56622,Providence Heights Wind LLC,Avangrid Renewables LLC,15399,IL,ENC,RFC,NAICS-22 Non-Cogen,22,WT,183644.0,2020
56623,Elkhorn Valley Wind Farm,Telocaset Wind Power Partners,55880,OR,PACC,WECC,NAICS-22 Non-Cogen,22,WT,295431.0,2020
56624,BC Energy LLC,Ewington Wind Project,57158,MN,WNC,MRO,NAICS-22 Non-Cogen,22,WT,4303.0,2020
56625,KC Energy LLC,Ewington Wind Project,57158,MN,WNC,MRO,NAICS-22 Non-Cogen,22,WT,4303.0,2020
56626,K&D Energy LLC,Ewington Wind Project,57158,MN,WNC,MRO,NAICS-22 Non-Cogen,22,WT,4303.0,2020
56627,KSS Turbines LLC,Ewington Wind Project,57158,MN,WNC,MRO,NAICS-22 Non-Cogen,22,WT,4303.0,2020
56628,Prairie Wind Power LLC,Ewington Wind Project,57158,MN,WNC,MRO,NAICS-22 Non-Cogen,22,WT,4303.0,2020
56630,Taconite Ridge 1 Wind Energy Center,"ALLETE, Inc.",12647,MN,WNC,MRO,Electric Utility,22,WT,59419.0,2020
56633,Dutch Hill Wind Project,"Evergreen Wind, LLC",59155,NY,MAT,NPCC,NAICS-22 Non-Cogen,22,WT,54981.0,2020
56634,Cohocton Wind Project,"Evergreen Wind, LLC",59155,NY,MAT,NPCC,NAICS-22 Non-Cogen,22,WT,115826.0,2020
56635,Harvest,"Harvest Windfarm, LLC",55873,MI,ENC,RFC,NAICS-22 Non-Cogen,22,WT,123280.0,2020
56636,Mountain Home,"Hot Springs Windfarm, LLC",55891,ID,MTN,WECC,NAICS-22 Non-Cogen,22,WT,37076.56,2020
56637,Bennett Creek Windfarm LLC - Mountain Home,Bennett Creek Windfarm LLC,55890,ID,MTN,WECC,NAICS-22 Non-Cogen,22,WT,37614.0,2020
56638,Buffalo Gap 3 Wind Farm,AES Wind Generation Inc,19740,TX,WSC,TRE,NAICS-22 Non-Cogen,22,WT,403450.0,2020
56640,Camp Grove Wind Farm,Orion Energy Group LLC,55931,IL,ENC,RFC,NAICS-22 Non-Cogen,22,WT,399280.0,2020
56644,Stanton Wind Energy LLC,Invenergy Services LLC,49893,TX,WSC,TRE,NAICS-22 Non-Cogen,22,WT,274550.0,2020
56645,Osceola Windpower LLC,Osceola Windpower LLC,55901,IA,WNC,MRO,NAICS-22 Non-Cogen,22,WT,405393.0,2020
56647,Butler Ridge,Butler Ridge Wind Energy Center,56484,WI,ENC,MRO,NAICS-22 Non-Cogen,22,WT,149647.0,2020
56648,Majestic 1 Wind Farm,NextEra Energy Majestic Wind,58353,TX,WSC,MRO,NAICS-22 Non-Cogen,22,WT,290973.0,2020
56649,South Trent Wind Farm,NRG Energy Inc,55397,TX,WSC,TRE,NAICS-22 Non-Cogen,22,WT,216506.0,2020
56650,Wessington Springs,Wessington Wind,59102,SD,WNC,MRO,NAICS-22 Non-Cogen,22,WT,224791.0,2020
56651,North Allegheny Windpower Project,Duke Energy DEGS North Allegheny,56385,PA,MAT,RFC,NAICS-22 Non-Cogen,22,WT,158932.0,2020
56654,Hatchet Ridge Wind Project,Pattern Operators LP,56545,CA,PACC,WECC,NAICS-22 Non-Cogen,22,WT,281677.0,2020
56659,Michigan Wind 2,"Michigan Wind 2, LLC",56951,MI,ENC,RFC,NAICS-22 Non-Cogen,22,WT,338640.0,2020
56661,Pattern Gulf Wind,Pattern Operators LP,56545,TX,WSC,TRE,NAICS-22 Non-Cogen,22,WT,21902.0,2020
56665,Dempsey Ridge Wind Farm,Acciona Wind Energy USA LLC,55918,OK,WSC,MRO,NAICS-22 Non-Cogen,22,WT,345339.0,2020
56666,Goodnoe Hills,PacifiCorp,14354,WA,PACC,WECC,Electric Utility,22,WT,326832.0,2020
56669,Tatanka Wind Power LLC,Acciona Wind Energy USA LLC,55918,ND,WNC,MRO,NAICS-22 Non-Cogen,22,WT,373198.0,2020
56670,Velva Windfarm LLC,Acciona Wind Energy USA LLC,55918,ND,WNC,MRO,NAICS-22 Non-Cogen,22,WT,30101.0,2020
56673,Whirlwind Energy Center,Whirlwind Energy LLC,55922,TX,WSC,TRE,NAICS-22 Non-Cogen,22,WT,179607.0,2020
56677,Charles City Wind Farm,MidAmerican Energy Co,12341,IA,WNC,MRO,Electric Utility,22,WT,246973.0,2020
56679,Benton County Wind Farm,Orion Energy Group LLC,55931,IN,ENC,RFC,NAICS-22 Non-Cogen,22,WT,323311.0,2020
56699,Forward Windpower LLC,NRG Energy Gas & Wind Holdings Inc,59883,PA,MAT,RFC,NAICS-22 Non-Cogen,22,WT,60465.0,2020
56700,Lookout Windpower LLC,NRG Energy Gas & Wind Holdings Inc,59883,PA,MAT,RFC,NAICS-22 Non-Cogen,22,WT,107711.0,2020
56702,Tuolumne Wind Project,Turlock Irrigation District,19281,WA,PACC,WECC,Electric Utility,22,WT,422364.0,2020
56750,Jeffers Wind 20 LLC,Northern States Power Co - Minnesota,13781,MN,WNC,MRO,Electric Utility,22,WT,99389.0,2020
56751,Spanish Fork Wind Park 2 LLC,NRG Energy Gas & Wind Holdings Inc,59883,UT,MTN,WECC,NAICS-22 Non-Cogen,22,WT,46312.0,2020
56752,Mountain Wind Power LLC,NRG Energy Gas & Wind Holdings Inc,59883,WY,MTN,WECC,NAICS-22 Non-Cogen,22,WT,110374.0,2020
56753,Mountain Wind Power II LLC,NRG Energy Gas & Wind Holdings Inc,59883,WY,MTN,WECC,NAICS-22 Non-Cogen,22,WT,156303.0,2020
56754,Goat Wind LP,NRG Energy Gas & Wind Holdings Inc,59883,TX,WSC,TRE,NAICS-22 Non-Cogen,22,WT,304364.0,2020
56755,Odin Wind Farm LLC,NRG Energy Gas & Wind Holdings Inc,59883,MN,WNC,MRO,NAICS-22 Non-Cogen,22,WT,57954.0,2020
56763,Capricorn Ridge Wind LLC,Capricorn Ridge Wind LLC,55958,TX,WSC,TRE,NAICS-22 Non-Cogen,22,WT,2259411.0,2020
56764,Winnebago Wind Power Project,Avangrid Renewables LLC,15399,IA,WNC,MRO,NAICS-22 Non-Cogen,22,WT,61923.0,2020
56765,Barton Windpower LLC,Avangrid Renewables LLC,15399,IA,WNC,MRO,NAICS-22 Non-Cogen,22,WT,408202.0,2020
56767,Farmers City Wind LLC,Avangrid Renewables LLC,15399,MO,WNC,SERC,NAICS-22 Non-Cogen,22,WT,276807.0,2020
56770,Locust Ridge II LLC,Avangrid Renewables LLC,15399,PA,MAT,RFC,NAICS-22 Non-Cogen,22,WT,201838.0,2020
56771,Silver Star I Wind Power Project,Silver Star I Power Partners LLC,62076,TX,WSC,TRE,NAICS-22 Non-Cogen,22,WT,64821.0,2020
56773,McAdoo Wind Energy LLC,Invenergy Services LLC,49893,TX,WSC,TRE,NAICS-22 Non-Cogen,22,WT,446772.0,2020
56774,Turkey Track Wind Energy LLC,Invenergy Services LLC,49893,TX,WSC,TRE,NAICS-22 Non-Cogen,22,WT,386697.0,2020
56775,Scurry County Wind II,Invenergy Services LLC,49893,TX,WSC,TRE,NAICS-22 Non-Cogen,22,WT,279617.0,2020
56776,Gunsight Mountain Wind Energy LLC,Invenergy Services LLC,49893,TX,WSC,TRE,NAICS-22 Non-Cogen,22,WT,507668.0,2020
56777,Fowler Ridge Wind Farm LLC,AE Power Services LLC,55963,IN,ENC,RFC,NAICS-22 Non-Cogen,22,WT,1369503.0,2020
56779,Sherbino I Wind Farm,Sherbino Mesa I Windfarm LLC,62811,TX,WSC,TRE,NAICS-22 Non-Cogen,22,WT,119118.0,2020
56782,Diamond Willow Wind Facility,Montana-Dakota Utilities Co,12199,MT,MTN,MRO,Electric Utility,22,WT,98541.0,2020
56783,Elbow Creek Wind Project LLC,Elbow Creek Wind Project LLC,55981,TX,WSC,TRE,NAICS-22 Non-Cogen,22,WT,297452.0,2020
56784,Cloud County Wind Farm,"Cloud County Windfarm, LLC",55990,KS,WNC,MRO,NAICS-22 Non-Cogen,22,WT,490636.0,2020
56789,Pebble Springs Wind LLC,Avangrid Renewables LLC,15399,OR,PACC,WECC,NAICS-22 Non-Cogen,22,WT,255711.0,2020
56790,Hay Canyon Wind Power LLC,Avangrid Renewables LLC,15399,OR,PACC,WECC,NAICS-22 Non-Cogen,22,WT,224221.0,2020
56791,Dillon Wind LLC,Avangrid Renewables LLC,15399,CA,PACC,WECC,NAICS-22 Non-Cogen,22,WT,143444.0,2020
56792,Buffalo Ridge I LLC,Avangrid Renewables LLC,15399,SD,WNC,MRO,NAICS-22 Non-Cogen,22,WT,115298.0,2020
56793,Elm Creek Wind LLC,Avangrid Renewables LLC,15399,MN,WNC,MRO,NAICS-22 Non-Cogen,22,WT,241682.0,2020
56794,Moraine II Wind LLC,Avangrid Renewables LLC,15399,MN,WNC,MRO,NAICS-22 Non-Cogen,22,WT,129066.0,2020
56795,Penascal Wind Power LLC,Avangrid Renewables LLC,15399,TX,WSC,TRE,NAICS-22 Non-Cogen,22,WT,373760.0,2020
56796,South Chestnut LLC,Avangrid Renewables LLC,15399,PA,MAT,RFC,NAICS-22 Non-Cogen,22,WT,108090.0,2020
56797,Pioneer Prairie Wind Farm,"Pioneer Prairie Wind Farm I, LLC",55992,IA,WNC,MRO,NAICS-22 Non-Cogen,22,WT,836563.0,2020
56800,Hull Wind II,Hull Municipal Light Plant,8797,MA,NEW,NPCC,Electric Utility,22,WT,3199.0,2020
56804,Red Hills Wind Project LLC,Acciona Wind Energy USA LLC,55918,OK,WSC,MRO,NAICS-22 Non-Cogen,22,WT,400323.0,2020
56805,EcoGrove Wind LLC,Acciona Wind Energy USA LLC,55918,IL,ENC,RFC,NAICS-22 Non-Cogen,22,WT,260222.0,2020
56809,Carroll Wind Farm,MidAmerican Energy Co,12341,IA,WNC,MRO,Electric Utility,22,WT,520089.0,2020
56810,Adair Wind Farm,MidAmerican Energy Co,12341,IA,WNC,MRO,Electric Utility,22,WT,487765.0,2020
56811,Walnut Wind Farm,MidAmerican Energy Co,12341,IA,WNC,MRO,Electric Utility,22,WT,542072.0,2020
56818,Central Plains Wind Farm,"Evergy Kansas Central, Inc",22500,KS,WNC,MRO,Electric Utility,22,WT,240490.0,2020
56819,Flat Ridge Wind Farm,"Evergy Kansas Central, Inc",22500,KS,WNC,MRO,Electric Utility,22,WT,121006.0,2020
56823,Hackberry Wind Farm,Hackberry Wind LLC,56033,TX,WSC,TRE,NAICS-22 Non-Cogen,22,WT,418183.0,2020
56824,Marshall Wind 2 LLC,"Marshall Wind Farm, LLC",63166,MN,WNC,MRO,NAICS-22 Non-Cogen,22,WT,6424.0,2020
56825,Marshall Wind 3 LLC,"Marshall Wind Farm, LLC",63166,MN,WNC,MRO,NAICS-22 Non-Cogen,22,WT,6424.0,2020
56826,Marshall Wind 4 LLC,"Marshall Wind Farm, LLC",63166,MN,WNC,MRO,NAICS-22 Non-Cogen,22,WT,6424.0,2020
56827,Marshall Wind 5 LLC,"Marshall Wind Farm, LLC",63166,MN,WNC,MRO,NAICS-22 Non-Cogen,22,WT,3212.0,2020
56828,Marshall Wind 6 LLC,"Marshall Wind Farm, LLC",63166,MN,WNC,MRO,NAICS-22 Non-Cogen,22,WT,3212.0,2020
56829,Kibby Wind Facility,"Helix Maine Wind Development, LLC",61191,ME,NEW,NPCC,NAICS-22 Non-Cogen,22,WT,285848.0,2020
56831,Crane Creek Wind Energy Center,Wisconsin Public Service Corp,20860,IA,WNC,MRO,Electric Utility,22,WT,217320.0,2020
56834,High Plains,High Plains Wind Power LLC,56046,TX,WSC,MRO,NAICS-22 Non-Cogen,22,WT,3614.0,2020
56835,Ribeye Wind (11) LLC,GlidePath Power Operations LLC,61728,TX,WSC,MRO,NAICS-22 Non-Cogen,22,WT,14944.0,2020
56836,T-Bone Wind (10) LLC,GlidePath Power Operations LLC,61728,TX,WSC,MRO,NAICS-22 Non-Cogen,22,WT,14946.0,2020
56837,Tri-Tip Wind (9) LLC,GlidePath Power Operations LLC,61728,TX,WSC,MRO,NAICS-22 Non-Cogen,22,WT,18028.0,2020
56838,Brisket Wind (8) LLC,GlidePath Power Operations LLC,61728,TX,WSC,MRO,NAICS-22 Non-Cogen,22,WT,14107.0,2020
56839,Flat Iron Wind (7) LLC,GlidePath Power Operations LLC,61728,TX,WSC,MRO,NAICS-22 Non-Cogen,22,WT,14993.0,2020
56840,Marshall Wind 1 LLC,"Marshall Wind Farm, LLC",63166,MN,WNC,MRO,NAICS-22 Non-Cogen,22,WT,3212.0,2020
56841,Glenrock,PacifiCorp,14354,WY,MTN,WECC,Electric Utility,22,WT,557397.0,2020
56842,Rolling Hills,PacifiCorp,14354,WY,MTN,WECC,Electric Utility,22,WT,363221.0,2020
56843,Seven Mile Hill,PacifiCorp,14354,WY,MTN,WECC,Electric Utility,22,WT,518652.0,2020
56854,Wheat Field Wind Power Project,Wheat Field Wind Power Project LLC,56073,OR,PACC,WECC,NAICS-22 Non-Cogen,22,WT,240951.0,2020
56855,Arlington Wind Power Project,Arlington Wind Power Project LLC,56074,OR,PACC,WECC,NAICS-22 Non-Cogen,22,WT,253333.0,2020
56856,Rail Splitter Wind Farm,Rail Splitter Wind Farm LLC,56075,IL,ENC,SERC,NAICS-22 Non-Cogen,22,WT,266090.0,2020
56857,Marble River Wind Farm,"Marble River, LLC",56072,NY,MAT,NPCC,NAICS-22 Non-Cogen,22,WT,488006.0,2020
56858,Sagebrush Power Partners,"Sagebrush Power Partners, LLC",56071,WA,PACC,WECC,NAICS-22 Non-Cogen,22,WT,299644.0,2020
56859,Crosswind Energy Project,NRG Energy Gas & Wind Holdings Inc,59883,IA,WNC,MRO,NAICS-22 Non-Cogen,22,WT,66878.0,2020
56860,Hardin Hilltop Wind LLC,NRG Energy Gas & Wind Holdings Inc,59883,IA,WNC,MRO,NAICS-22 Non-Cogen,22,WT,43742.0,2020
56874,Shiloh Wind Project 2 LLC,"EDF Renewable Asset Holdings, Inc.",57170,CA,PACC,WECC,NAICS-22 Non-Cogen,22,WT,387422.0,2020
56876,Wapsipinicon Wind Project,"EDF Renewable Asset Holdings, Inc.",57170,MN,WNC,MRO,NAICS-22 Non-Cogen,22,WT,293777.0,2020
56878,Hoosier Wind Project LLC,"EDF Renewable Asset Holdings, Inc.",57170,IN,ENC,RFC,NAICS-22 Non-Cogen,22,WT,233507.0,2020
56879,Flat Ridge Wind Energy LLC,AE Power Services LLC,55963,KS,WNC,MRO,NAICS-22 Non-Cogen,22,WT,138029.0,2020
56901,Altona,"Valcour Operating Services, LLC",63858,NY,MAT,NPCC,NAICS-22 Non-Cogen,22,WT,184627.0,2020
56902,Wethersfield,"Valcour Operating Services, LLC",63858,NY,MAT,NPCC,NAICS-22 Non-Cogen,22,WT,264657.0,2020
56904,Chateaugay,"Valcour Operating Services, LLC",63858,NY,MAT,NPCC,NAICS-22 Non-Cogen,22,WT,207008.0,2020
56905,Great Plains Windpark LLC,Great Plains Windpark Legacy LLC,61671,TX,WSC,MRO,NAICS-22 Non-Cogen,22,WT,262624.0,2020
56912,Langdon Wind II LLC,FPL Energy Langdon Wind LLC,55799,ND,WNC,MRO,NAICS-22 Non-Cogen,22,WT,183993.0,2020
56913,Osceola Windpower II,Osceola Windpower II,56121,IA,WNC,MRO,NAICS-22 Non-Cogen,22,WT,201517.0,2020
56919,FPL Energy Ashtabula Wind LLC,FPL Energy Ashtabula Wind LLC,56122,ND,WNC,MRO,NAICS-22 Non-Cogen,22,WT,593100.0,2020
56920,Panther Creek Wind Farm I,RWE Renewables Americas LLC,56215,TX,WSC,TRE,NAICS-22 Non-Cogen,22,WT,557327.0,2020
56921,Panther Creek Wind Farm II,RWE Renewables Americas LLC,56215,TX,WSC,TRE,NAICS-22 Non-Cogen,22,WT,436399.0,2020
56923,FPL Energy Crystal Lake Wind LLC,FPL Energy Crystal Lake Wind LLC,56123,IA,WNC,MRO,NAICS-22 Non-Cogen,22,WT,577609.0,2020
56924,FPL Energy Story Wind LLC,FPL Energy Story Wind LLC,56119,IA,WNC,MRO,NAICS-22 Non-Cogen,22,WT,564654.0,2020
56925,FPL Energy Crystal Lake Wind II LLC,FPL Energy Crystal Lake Wind II LLC,56124,IA,WNC,MRO,NAICS-22 Non-Cogen,22,WT,752535.0,2020
56933,Threemile Canyon,"Threemile Canyon Wind I, LLC",56159,OR,PACC,WECC,NAICS-22 Non-Cogen,22,WT,25198.0,2020
56934,Cassia Wind,"Cassia Wind Farm, LLC",56158,ID,MTN,WECC,NAICS-22 Non-Cogen,22,WT,18993.97,2020
56935,Cassia Gulch,"Cassia Gulch Wind Park, LLC",56157,ID,MTN,WECC,NAICS-22 Non-Cogen,22,WT,41982.27,2020
56941,Grand Ridge Wind Energy Center,Invenergy Services LLC,49893,IL,ENC,RFC,NAICS-22 Non-Cogen,22,WT,254417.0,2020
56942,Forward Wind Energy Center,Wisconsin Public Service Corp,20860,WI,ENC,MRO,Electric Utility,22,WT,151122.0,2020
56945,High Lonesome Mesa LLC,NRG Energy Gas & Wind Holdings Inc,59883,NM,MTN,WECC,NAICS-22 Non-Cogen,22,WT,367905.0,2020
56946,Buffalo Bear LLC,NRG Energy Gas & Wind Holdings Inc,59883,OK,WSC,MRO,NAICS-22 Non-Cogen,22,WT,46400.0,2020
56947,Elkhorn Ridge Wind LLC,NRG Energy Gas & Wind Holdings Inc,59883,NE,WNC,MRO,NAICS-22 Non-Cogen,22,WT,186966.0,2020
56952,Willow Creek Energy Center,Invenergy Services LLC,49893,OR,PACC,WECC,NAICS-22 Non-Cogen,22,WT,195046.0,2020
56953,High Sheldon Wind Farm,Invenergy Services LLC,49893,NY,MAT,NPCC,NAICS-22 Non-Cogen,22,WT,258716.0,2020
56956,Bull Creek Wind,Bull Creek Wind LLC,56222,TX,WSC,TRE,NAICS-22 Non-Cogen,22,WT,307722.0,2020
56959,Ocotillo Windpower,Duke Energy DEGS Ocotillo,56273,TX,WSC,TRE,NAICS-22 Non-Cogen,22,WT,44430.0,2020
56960,Happy Jack Windpower Project,Duke Energy DEGS Happy Jack,56271,WY,MTN,WECC,NAICS-22 Non-Cogen,22,WT,86605.0,2020
56961,Notrees Windpower Hybrid,Duke Energy DEGS Notrees,56272,TX,WSC,TRE,NAICS-22 Non-Cogen,22,WT,390429.0,2020
56967,Butter Creek Power LLC,Echo 3,56804,OR,PACC,WECC,NAICS-22 Non-Cogen,22,WT,12562.0,2020
56968,Big Top LLC,Echo 3,56804,OR,PACC,WECC,NAICS-22 Non-Cogen,22,WT,3676.0,2020
56969,Four Corners Windfarm LLC,Echo 2,56803,OR,PACC,WECC,NAICS-22 Non-Cogen,22,WT,24289.0,2020
56970,Four Mile Canyon Windfarm LLC,Echo 2,56803,OR,PACC,WECC,NAICS-22 Non-Cogen,22,WT,23054.0,2020
56971,Oregon Trail Windfarm LLC,Echo 1,56802,OR,PACC,WECC,NAICS-22 Non-Cogen,22,WT,24782.0,2020
56972,Pacific Canyon Windfarm LLC,Echo 1,56802,OR,PACC,WECC,NAICS-22 Non-Cogen,22,WT,18876.0,2020
56973,Sand Ranch Windfarm LLC,Echo 1,56802,OR,PACC,WECC,NAICS-22 Non-Cogen,22,WT,23087.0,2020
56974,Wagon Trail LLC,Echo 3,56804,OR,PACC,WECC,NAICS-22 Non-Cogen,22,WT,7618.0,2020
56975,Ward Butte Windfarm LLC,Echo 1,56802,OR,PACC,WECC,NAICS-22 Non-Cogen,22,WT,16837.0,2020
56979,Panther Creek Wind Farm Three,RWE Renewables Americas LLC,56215,TX,WSC,TRE,NAICS-22 Non-Cogen,22,WT,559567.0,2020
56980,Stony Creek Wind Farm LLC,RWE Renewables Americas LLC,56215,PA,MAT,RFC,NAICS-22 Non-Cogen,22,WT,148370.0,2020
56981,Pyron Wind Farm LLC Hybrid,RWE Renewables Americas LLC,56215,TX,WSC,TRE,NAICS-22 Non-Cogen,22,WT,702898.0,2020
56983,Papalote Creek I LLC,RWE Renewables Americas LLC,56215,TX,WSC,TRE,NAICS-22 Non-Cogen,22,WT,502007.0,2020
56984,Inadale Wind Farm LLC Hybrid,RWE Renewables Americas LLC,56215,TX,WSC,TRE,NAICS-22 Non-Cogen,22,WT,503831.0,2020
56985,Smoky Hills Wind Project Phase II,Smoky Hills Wind Project II LLC,56285,KS,WNC,MRO,NAICS-22 Non-Cogen,22,WT,351279.0,2020
56989,Stetson Wind I,"Evergreen Wind, LLC",59155,ME,NEW,NPCC,NAICS-22 Non-Cogen,22,WT,126739.0,2020
56990,Rollins Wind Project,"Evergreen Wind, LLC",59155,ME,NEW,NPCC,NAICS-22 Non-Cogen,22,WT,151915.0,2020
56991,Stetson Wind II,"Evergreen Wind, LLC",59155,ME,NEW,NPCC,NAICS-22 Non-Cogen,22,WT,57105.0,2020
56994,Grand Meadow,Northern States Power Co - Minnesota,13781,MN,WNC,MRO,Electric Utility,22,WT,224678.0,2020
57002,Oakfield Wind Project,Onward Energy,60453,ME,NEW,NPCC,NAICS-22 Non-Cogen,22,WT,373637.0,2020
57031,Luverne Wind Energy Center,Otter Tail Power Co,14232,ND,WNC,MRO,Electric Utility,22,WT,173806.0,2020
57032,Ashtabula Wind Energy Center,Otter Tail Power Co,14232,ND,WNC,MRO,Electric Utility,22,WT,143736.0,2020
57033,Langdon Wind Energy Center,Otter Tail Power Co,14232,ND,WNC,MRO,Electric Utility,22,WT,141294.0,2020
57038,Bison I Wind Energy Center,"ALLETE, Inc.",12647,ND,WNC,MRO,Electric Utility,22,WT,257051.0,2020
57039,McFadden Ridge,PacifiCorp,14354,WY,MTN,WECC,Electric Utility,22,WT,109272.0,2020
57040,High Plains,PacifiCorp,14354,WY,MTN,WECC,Electric Utility,22,WT,358815.0,2020
57044,Armenia Mountain Wind Farm,Allete Clean Energy,59496,PA,MAT,RFC,NAICS-22 Non-Cogen,22,WT,262180.0,2020
57045,Rolling Thunder Wind Farm Hybrid,AE Power Services LLC,55963,SD,WNC,MRO,NAICS-22 Non-Cogen,22,WT,88303.0,2020
57047,Nobles Wind Project,Northern States Power Co - Minnesota,13781,MN,WNC,MRO,Electric Utility,22,WT,667894.0,2020
57048,Merricourt Wind Energy Center,Otter Tail Power Co,14232,ND,WNC,MRO,Electric Utility,22,WT,32973.0,2020
57049,NaturEner Glacier Wind Energy 1,NaturEner Glacier Wind Energy 1 LLC,56365,MT,MTN,WECC,NAICS-22 Non-Cogen,22,WT,298845.0,2020
57050,NaturEner Glacier Wind Energy 2,NaturEner Glacier Wind Energy 2 LLC,56366,MT,MTN,WECC,NAICS-22 Non-Cogen,22,WT,323081.0,2020
57078,Steel Winds II,"Evergreen Wind, LLC",59155,NY,MAT,NPCC,NAICS-22 Non-Cogen,22,WT,51698.0,2020
57079,Milford Wind Corridor I LLC,Longroad Energy Services LLC,61219,UT,MTN,WECC,NAICS-22 Non-Cogen,22,WT,395386.0,2020
57080,Sheffield Wind,"Evergreen Wind, LLC",59155,VT,NEW,NPCC,NAICS-22 Non-Cogen,22,WT,69499.0,2020
57082,Kaheawa Wind Power II LLC,"Evergreen Wind, LLC",59155,HI,PACN,,NAICS-22 Non-Cogen,22,WT,51069.0,2020
57083,Bull Hill Wind Project,"Evergreen Wind, LLC",59155,ME,NEW,NPCC,NAICS-22 Non-Cogen,22,WT,101392.0,2020
57087,Kahuku Wind Power LLC,"Evergreen Wind, LLC",59155,HI,PACN,,NAICS-22 Non-Cogen,22,WT,68086.0,2020
57090,Campbell Hill Windpower,Duke Energy DEGS Campbell Hill,56378,WY,MTN,WECC,NAICS-22 Non-Cogen,22,WT,328719.0,2020
57091,Silver Sage Windpower,Duke Energy DEGS Silver Sage Wndpwr LLC,56377,WY,MTN,WECC,NAICS-22 Non-Cogen,22,WT,125813.0,2020
57093,Casper Wind Farm,Chevron USA,56394,WY,MTN,WECC,NAICS-22 Non-Cogen,22,WT,20687.0,2020
57094,Streator Cayuga Ridge South,Avangrid Renewables LLC,15399,IL,ENC,RFC,NAICS-22 Non-Cogen,22,WT,736924.0,2020
57095,Penascal II Wind Project LLC,Avangrid Renewables LLC,15399,TX,WSC,TRE,NAICS-22 Non-Cogen,22,WT,365216.0,2020
57096,Star Point Wind Project LLC,Avangrid Renewables LLC,15399,OR,PACC,WECC,NAICS-22 Non-Cogen,22,WT,246523.0,2020
57097,Rugby Wind Power Project,Avangrid Renewables LLC,15399,ND,WNC,MRO,NAICS-22 Non-Cogen,22,WT,363123.0,2020
57098,Dry Lake Wind LLC,Avangrid Renewables LLC,15399,AZ,MTN,WECC,NAICS-22 Non-Cogen,22,WT,111125.0,2020
57106,Mesalands Comm College Wind Turbine,Mesalands Community College,56410,NM,MTN,MRO,Commercial NAICS Non-Cogen,611,WT,883.0,2020
57107,Milford Wind Corridor Stage II LLC,Milford Wind Corridor Stage II LLC,56409,UT,MTN,WECC,NAICS-22 Non-Cogen,22,WT,195113.0,2020
57108,Blue Canyon Windpower V LLC,Blue Canyon Windpower V LLC,56416,OK,WSC,MRO,NAICS-22 Non-Cogen,22,WT,354957.0,2020
57109,Meadow Lake Wind Farm LLC,Meadow Lake Wind Farm LLC,56417,IN,ENC,RFC,NAICS-22 Non-Cogen,22,WT,454807.0,2020
57110,Blackstone Wind Farm LLC,Blackstone Wind Farm LLC,56418,IL,ENC,RFC,NAICS-22 Non-Cogen,22,WT,241039.0,2020
57111,Lost Lakes Wind Farm LLC,Lost Lakes Wind Farm LLC,56419,IA,WNC,MRO,NAICS-22 Non-Cogen,22,WT,320370.0,2020
57112,Meadow Lake Wind Farm II LLC,Meadow Lake Wind Farm II LLC,56420,IN,ENC,RFC,NAICS-22 Non-Cogen,22,WT,241687.0,2020
57113,Blackstone Wind Farm II LLC,Blackstone Wind Farm II LLC,56421,IL,ENC,RFC,NAICS-22 Non-Cogen,22,WT,479801.0,2020
57115,Meadow Lake Wind Farm III LLC,Meadow Lake Wind Farm III LLC,56423,IN,ENC,RFC,NAICS-22 Non-Cogen,22,WT,259528.0,2020
57116,Quilt Block Wind Farm LLC,Quilt Block Wind Farm LLC,56424,WI,ENC,MRO,NAICS-22 Non-Cogen,22,WT,381453.0,2020
57118,Greensburg,"Greensburg Wind Farm, LLC",56246,KS,WNC,MRO,NAICS-22 Non-Cogen,22,WT,20784.0,2020
57120,Wilton Wind II LLC,Wilton Wind II LLC,56415,ND,WNC,MRO,NAICS-22 Non-Cogen,22,WT,204659.0,2020
57121,Ashtabula Wind II LLC,Ashtabula Wind II LLC,56414,ND,WNC,MRO,NAICS-22 Non-Cogen,22,WT,388653.0,2020
57124,Payne's Ferry,Idaho Wind Partners 1 LLC,56592,ID,MTN,WECC,NAICS-22 Non-Cogen,22,WT,66836.0,2020
57125,Camp Reed,Idaho Wind Partners 1 LLC,56592,ID,MTN,WECC,NAICS-22 Non-Cogen,22,WT,69699.0,2020
57126,Yahoo Creek,Idaho Wind Partners 1 LLC,56592,ID,MTN,WECC,NAICS-22 Non-Cogen,22,WT,67735.0,2020
57130,Beaver Ridge Wind,Beaver Ridge Wind LLC,56439,ME,NEW,NPCC,NAICS-22 Non-Cogen,22,WT,11200.0,2020
57131,Stoney Corners Wind Farm,DTE Sustainable Generation,64331,MI,ENC,RFC,NAICS-22 Non-Cogen,22,WT,135100.0,2020
57135,Big Sky Wind LLC,RWE Renewables Americas LLC,56215,IL,ENC,RFC,NAICS-22 Non-Cogen,22,WT,432529.0,2020
57136,Tuana Springs,"Tuana Springs Energy, LLC",56475,ID,MTN,WECC,NAICS-22 Non-Cogen,22,WT,33196.63,2020
57137,Eurus Combine Hills Turbine Ranch 2,Eurus Combine Hills II LLC,56483,OR,PACC,WECC,NAICS-22 Non-Cogen,22,WT,189617.0,2020
57139,Cambria Wind LLC,Exus North America Management Partners LLC,63081,PA,MAT,RFC,NAICS-22 Non-Cogen,22,WT,136798.0,2020
57151,Beech Ridge Energy LLC,Invenergy Services LLC,49893,WV,SAT,RFC,NAICS-22 Non-Cogen,22,WT,278723.0,2020
57152,Harvest Wind Project,Harvest Wind Project TIC,56499,WA,PACC,WECC,NAICS-22 Non-Cogen,22,WT,296299.0,2020
57153,Langford Wind Power,Langford Wind Power LLC,56506,TX,WSC,TRE,NAICS-22 Non-Cogen,22,WT,356694.0,2020
57156,Barton Chapel Wind Farm,Avangrid Renewables LLC,15399,TX,WSC,TRE,NAICS-22 Non-Cogen,22,WT,249512.0,2020
57159,Windy Flats Wind Project,Windy Flats Partners LLC,56514,WA,PACC,WECC,NAICS-22 Non-Cogen,22,WT,770897.0,2020
57171,Cedar Hills Wind Farm,Montana-Dakota Utilities Co,12199,ND,WNC,MRO,Electric Utility,22,WT,55746.0,2020
57174,Colorado Highlands Wind,Colorado Highlands Wind LLC,56523,CO,MTN,WECC,NAICS-22 Non-Cogen,22,WT,378178.0,2020
57176,University of Delaware Wind Turbine,First State Marine Wind,56518,DE,SAT,RFC,Commercial NAICS Non-Cogen,611,WT,5179.0,2020
57177,Meadow Lake Wind Farm IV,Meadow Lake Wind Farm IV LLC,56520,IN,ENC,RFC,NAICS-22 Non-Cogen,22,WT,187807.0,2020
57182,PPL Frey Farm Landfill Wind,EPP Renewable Energy,57249,PA,MAT,RFC,NAICS-22 Non-Cogen,22,WT,6438.0,2020
57187,Pillar Mountain Wind Project Microgrid,Kodiak Electric Assn Inc,10433,AK,PACN,,Electric Utility,22,WT,24682.0,2020
57188,Vantage Wind Energy LLC,Invenergy Services LLC,49893,WA,PACC,WECC,NAICS-22 Non-Cogen,22,WT,309866.0,2020
57189,Lost Creek Wind Energy Facility,Pattern Operators LP,56545,MO,WNC,SERC,NAICS-22 Non-Cogen,22,WT,384647.0,2020
57192,Spring Valley Wind Project,Pattern Operators LP,56545,NV,MTN,WECC,NAICS-22 Non-Cogen,22,WT,292991.0,2020
57194,Day County Wind LLC,Day County Wind LLC,56561,SD,WNC,MRO,NAICS-22 Non-Cogen,22,WT,349522.0,2020
57195,Lower Snake River Wind Energy Project,Puget Sound Energy Inc,15500,WA,PACC,WECC,Electric Utility,22,WT,965888.0,2020
57198,Bent Tree Wind Farm Phase 1,Wisconsin Power & Light Co,20856,MN,WNC,MRO,Electric Utility,22,WT,520370.0,2020
57199,Glacier Hills,Wisconsin Electric Power Co,20847,WI,ENC,RFC,Electric Utility,22,WT,389680.0,2020
57201,FPL Energy Montezuma Winds LLC,FPL Energy Montezuma Wind,56555,CA,PACC,WECC,NAICS-22 Non-Cogen,22,WT,89359.0,2020
57210,Cedar Creek II,AE Power Services LLC,55963,CO,MTN,WECC,NAICS-22 Non-Cogen,22,WT,694441.0,2020
57211,Goshen Phase II,AE Power Services LLC,55963,ID,MTN,WECC,NAICS-22 Non-Cogen,22,WT,399617.0,2020
57212,Papalote Creek II LLC,RWE Renewables Americas LLC,56215,TX,WSC,TRE,NAICS-22 Non-Cogen,22,WT,520370.0,2020
57214,Waverly Community Wind Project,Waverly Municipal Elec Utility,20214,IA,WNC,MRO,Electric Utility,22,WT,6022.0,2020
57239,Roth Rock Wind Farm LLC,Roth Rock Wind Farm LLC,56603,MD,SAT,RFC,NAICS-22 Non-Cogen,22,WT,103898.0,2020
57240,"Roth Rock North Wind Farm, LLC",Roth Rock Wind Farm LLC,56603,MD,SAT,RFC,NAICS-22 Non-Cogen,22,WT,25970.0,2020
57244,Kit Carson Windpower,Kit Carson Windpower LLC,56612,CO,MTN,WECC,NAICS-22 Non-Cogen,22,WT,187846.0,2020
57248,Welcome Wind Turbine,Federated Rural Electric Assn,6258,MN,WNC,MRO,Electric Utility,22,WT,6548.0,2020
57251,Lakota Wind Wind Farm,Iowa Lakes Electric Coop,9425,IA,WNC,MRO,Electric Utility,22,WT,36420.0,2020
57252,Iowa Lakes Superior Wind Farm,Iowa Lakes Electric Coop,9425,IA,WNC,MRO,Electric Utility,22,WT,38784.0,2020
57253,MA Military Reservation Wind Project,Air Force Civil Engineer Center,56619,MA,NEW,NPCC,NAICS-22 Non-Cogen,22,WT,9203.0,2020
57257,Iowa Lakes Community College Wind Farm,Iowa Lakes Community College,56617,IA,WNC,MRO,Commercial NAICS Non-Cogen,611,WT,4234.0,2020
57258,Texico Wind Ranch LP,Texico Wind LP,56630,NM,MTN,WECC,NAICS-22 Non-Cogen,22,WT,533.0,2020
57260,Cedro Hill Wind LLC,NRG Energy Gas & Wind Holdings Inc,59883,TX,WSC,TRE,NAICS-22 Non-Cogen,22,WT,404292.0,2020
57261,Taloga Wind LLC,NRG Energy Gas & Wind Holdings Inc,59883,OK,WSC,MRO,NAICS-22 Non-Cogen,22,WT,328958.0,2020
57262,Laredo Ridge Wind LLC,NRG Energy Gas & Wind Holdings Inc,59883,NE,WNC,MRO,NAICS-22 Non-Cogen,22,WT,285474.0,2020
57263,Little Pringle I Wind Farm,DeWind Co.,56627,TX,WSC,TRE,NAICS-22 Non-Cogen,22,WT,0.0,2020
57264,Little Pringle II Wind Farm,DeWind Co.,56627,TX,WSC,TRE,NAICS-22 Non-Cogen,22,WT,0.0,2020
57268,Chestnut Flats Wind Farm,"EDF Renewable Asset Holdings, Inc.",57170,PA,MAT,RFC,NAICS-22 Non-Cogen,22,WT,99032.0,2020
57274,Grant County Wind LLC,"Grant County Wind, LLC",56642,MN,WNC,MRO,NAICS-22 Non-Cogen,22,WT,51883.0,2020
57278,Crofton Bluffs Wind LLC,NRG Energy Gas & Wind Holdings Inc,59883,NE,WNC,MRO,NAICS-22 Non-Cogen,22,WT,170020.0,2020
57282,Alta Wind Energy Center I,NRG Yield LLC,60015,CA,PACC,WECC,NAICS-22 Non-Cogen,22,WT,376853.0,2020
57283,Flat Water Wind Farm LLC,Flat Water Wind Farm LLC,56625,NE,WNC,MRO,NAICS-22 Non-Cogen,22,WT,195468.0,2020
57284,Minonk Wind Farm,Algonquin Power Co,59050,IL,ENC,RFC,NAICS-22 Non-Cogen,22,WT,618545.0,2020
57285,Sandy Ridge Wind Farm,Algonquin Power Co,59050,PA,MAT,RFC,NAICS-22 Non-Cogen,22,WT,143791.0,2020
57286,OU Spirit Wind Farm,Oklahoma Gas & Electric Co,14063,OK,WSC,MRO,Electric Utility,22,WT,300295.0,2020
57287,Hardscrabble Wind Power LLC,Avangrid Renewables LLC,15399,NY,MAT,NPCC,NAICS-22 Non-Cogen,22,WT,175920.0,2020
57289,Big Blue,Big Blue Wind Farm LLC (MN),58150,MN,WNC,MRO,NAICS-22 Non-Cogen,22,WT,85200.0,2020
57290,Northern Colorado Wind LLC,Northern Colorado Wind LLC,56653,CO,MTN,WECC,NAICS-22 Non-Cogen,22,WT,466260.0,2020
57291,Alta Wind Energy Center II,NRG Yield LLC,60015,CA,PACC,WECC,NAICS-22 Non-Cogen,22,WT,322844.0,2020
57292,Alta Wind Energy Center III,NRG Yield LLC,60015,CA,PACC,WECC,NAICS-22 Non-Cogen,22,WT,332322.0,2020
57293,Alta Wind Energy Center IV,NRG Yield LLC,60015,CA,PACC,WECC,NAICS-22 Non-Cogen,22,WT,161959.0,2020
57294,Alta Wind Energy Center V,NRG Yield LLC,60015,CA,PACC,WECC,NAICS-22 Non-Cogen,22,WT,256249.0,2020
57296,Carleton College,Carleton College,56654,MN,WNC,MRO,Commercial NAICS Non-Cogen,611,WT,7691.0,2020
57299,Dunlap,PacifiCorp,14354,WY,MTN,WECC,Electric Utility,22,WT,388242.0,2020
57300,Criterion,Criterion Power Partners LLC,56661,MD,SAT,RFC,NAICS-22 Non-Cogen,22,WT,190267.0,2020
57301,Dutch Wind Energy,Terra-Gen Operating Co-Wind,2770,CA,PACC,WECC,NAICS-22 Non-Cogen,22,WT,217.0,2020
57302,Garnet Wind Energy Center,Terra-Gen Operating Co-Wind,2770,CA,PACC,WECC,NAICS-22 Non-Cogen,22,WT,14560.0,2020
57303,Loraine Windpark Project LLC,Loraine Windpower Project,56667,TX,WSC,TRE,NAICS-22 Non-Cogen,22,WT,382006.0,2020
57315,Cedar Point Wind,Cedar Point LLC,56662,CO,MTN,WECC,NAICS-22 Non-Cogen,22,WT,710181.0,2020
57319,Big Horn Wind II,Avangrid Renewables LLC,15399,WA,PACC,WECC,NAICS-22 Non-Cogen,22,WT,144834.0,2020
57320,Juniper Canyon I Wind Project,Avangrid Renewables LLC,15399,WA,PACC,WECC,NAICS-22 Non-Cogen,22,WT,392706.0,2020
57325,FPL Energy Illinois Wind LLC Hybrid,FPL Energy Illinois Wind LLC,56678,IL,ENC,RFC,NAICS-22 Non-Cogen,22,WT,672873.0,2020
57326,Sunray Wind I,Diamond Shamrock Refining Company LP,56680,TX,WSC,TRE,NAICS-22 Non-Cogen,22,WT,162885.0,2020
57327,Top of the World Windpower Project,Duke Energy Top Of the World WindPower,56682,WY,MTN,WECC,NAICS-22 Non-Cogen,22,WT,539770.0,2020
57332,Crossroads Wind Farm,Oklahoma Gas & Electric Co,14063,OK,WSC,MRO,Electric Utility,22,WT,797015.0,2020
57333,Leaning Juniper Wind Power II,Avangrid Renewables LLC,15399,OR,PACC,WECC,NAICS-22 Non-Cogen,22,WT,476381.0,2020
57342,White Oak Energy LLC,White Oak Energy LLC,56684,IL,ENC,SERC,NAICS-22 Non-Cogen,22,WT,401202.0,2020
57346,Elk City LLC,Elk City LLC,56683,OK,WSC,MRO,NAICS-22 Non-Cogen,22,WT,751710.0,2020
57347,Baldwin Wind LLC,Baldwin Wind LLC,56688,ND,WNC,MRO,NAICS-22 Non-Cogen,22,WT,326982.0,2020
57351,Uilk Wind LLC,RENEW Energy Inc,56689,MN,WNC,MRO,Commercial NAICS Non-Cogen,561,WT,12287.0,2020
57354,Fox Island Wind LLC,Fox Island Wind LLC,56693,ME,NEW,NPCC,NAICS-22 Non-Cogen,22,WT,9831.0,2020
57357,Red Mesa Wind LLC,Red Mesa Wind LLC,56698,NM,MTN,WECC,NAICS-22 Non-Cogen,22,WT,230293.0,2020
57358,Keenan II Renewable Energy Co LLC,CPV Keenan II Renewable Energy Co LLC,56699,OK,WSC,MRO,NAICS-22 Non-Cogen,22,WT,586455.0,2020
57374,Lakefield Wind Project LLC,"EDF Renewable Asset Holdings, Inc.",57170,MN,WNC,MRO,NAICS-22 Non-Cogen,22,WT,457251.0,2020
57375,Adams Wind Generations LLC,"BEAM US, LLC",63024,MN,WNC,MRO,NAICS-22 Non-Cogen,22,WT,60463.0,2020
57379,"Poseidon Wind, LLC","Axium Arizona Renewables, LLC",63287,AZ,MTN,WECC,NAICS-22 Non-Cogen,22,WT,114148.0,2020
57380,New England Wind LLC,Avangrid Renewables LLC,15399,MA,NEW,NPCC,NAICS-22 Non-Cogen,22,WT,87197.0,2020
57385,Community Wind North LLC,Northern States Power Co - Minnesota,13781,MN,WNC,MRO,Electric Utility,22,WT,56508.0,2020
57386,Ridgewind,Ridgewind Power Partners LLC,56715,MN,WNC,MRO,NAICS-22 Non-Cogen,22,WT,85849.0,2020
57387,Ashtabula Wind III LLC,Ashtabula Wind III LLC,56727,ND,WNC,MRO,NAICS-22 Non-Cogen,22,WT,207149.0,2020
57396,Danielson Wind Farms LLC,"BEAM US, LLC",63024,MN,WNC,MRO,NAICS-22 Non-Cogen,22,WT,55838.0,2020
57414,Notus Wind 1,Notus Clean Energy LLC,56742,MA,NEW,NPCC,NAICS-22 Non-Cogen,22,WT,4968.0,2020
57415,Sherbino II,Sherbino II Wind Farm LLC,62077,TX,WSC,TRE,NAICS-22 Non-Cogen,22,WT,61498.0,2020
57417,Elk Wind Farm,Greenbacker Renewable Energy Corporation,60025,IA,WNC,MRO,NAICS-22 Non-Cogen,22,WT,129530.0,2020
57421,Gratiot Wind Park,DTE Electric Company,5109,MI,ENC,RFC,Electric Utility,22,WT,257930.0,2020
57424,Buffalo Ridge II LLC,Avangrid Renewables LLC,15399,SD,WNC,WECC,NAICS-22 Non-Cogen,22,WT,548614.0,2020
57427,Ryegrass Windfarm,Aegis Renewables LLC,57337,ID,MTN,WECC,NAICS-22 Non-Cogen,22,WT,53812.0,2020
57428,Hammett Hill Windfarm,Aegis Renewables LLC,57337,ID,MTN,WECC,NAICS-22 Non-Cogen,22,WT,57717.0,2020
57429,Mainline Windfarm,Aegis Renewables LLC,57337,ID,MTN,WECC,NAICS-22 Non-Cogen,22,WT,56532.0,2020
57430,Desert Meadow Windfarm,Aegis Renewables LLC,57337,ID,MTN,WECC,NAICS-22 Non-Cogen,22,WT,57745.0,2020
57431,Cold Springs Windfarm,Aegis Renewables LLC,57337,ID,MTN,WECC,NAICS-22 Non-Cogen,22,WT,50925.0,2020
57432,Oak Glen Wind Farm,Minnesota Municipal Power Agny,12667,MN,WNC,MRO,Electric Utility,22,WT,86066.0,2020
57434,Valley View Transmission LLC,Consolidated Edison Development Inc.,56769,MN,WNC,MRO,NAICS-22 Non-Cogen,22,WT,26004.0,2020
57444,Two Ponds Windfarm,Aegis Renewables LLC,57337,ID,MTN,WECC,NAICS-22 Non-Cogen,22,WT,60327.0,2020
57447,Laurel Mountain Hybrid,AES Wind Generation Inc,19740,WV,SAT,RFC,NAICS-22 Non-Cogen,22,WT,229922.0,2020
57449,Blue Creek Wind Project,Avangrid Renewables LLC,15399,OH,ENC,RFC,NAICS-22 Non-Cogen,22,WT,779963.0,2020
57459,Mountain View IV,AES Wind Generation Inc,19740,CA,PACC,WECC,NAICS-22 Non-Cogen,22,WT,162110.0,2020
57463,Bishop Hill Energy LLC,SunEdison LLC,59139,IL,ENC,RFC,NAICS-22 Non-Cogen,22,WT,550709.0,2020
57468,Crystal Lake 3 LLC,Crystal Lake 3 LLC,56786,IA,WNC,MRO,NAICS-22 Non-Cogen,22,WT,177125.0,2020
57469,Garden Wind LLC,Garden Wind LLC,56787,IA,WNC,MRO,NAICS-22 Non-Cogen,22,WT,434812.0,2020
57474,Ralls Wind Farm,Ralls Wind Farm LLC,56790,TX,WSC,MRO,NAICS-22 Non-Cogen,22,WT,14164.0,2020
57484,Manzana Wind LLC,Avangrid Renewables LLC,15399,CA,PACC,WECC,NAICS-22 Non-Cogen,22,WT,482628.0,2020
57493,Settlers Trail Wind Farm LLC,RWE Renewables Americas LLC,56215,IL,ENC,SERC,NAICS-22 Non-Cogen,22,WT,382594.0,2020
57500,Laurel Wind Farm,MidAmerican Energy Co,12341,IA,WNC,MRO,Electric Utility,22,WT,343276.0,2020
57501,Rolling Hills Wind Farm,MidAmerican Energy Co,12341,IA,WNC,MRO,Electric Utility,22,WT,1219373.0,2020
57514,Ocotillo Express LLC,Pattern Operators LP,56545,CA,PACC,WECC,NAICS-22 Non-Cogen,22,WT,542897.0,2020
57516,KODE Novus I,DeWind Co.,56627,OK,WSC,MRO,NAICS-22 Non-Cogen,22,WT,38767.0,2020
57517,DeWind Frisco,DeWind Co.,56627,TX,WSC,MRO,NAICS-22 Non-Cogen,22,WT,0.0,2020
57520,Trinity Hills,Trinity Hills Wind Farm LLC,62075,TX,WSC,TRE,NAICS-22 Non-Cogen,22,WT,271372.0,2020
57526,North Hurlburt Wind LLC,Caithness Shepherds Flat LLC,56865,OR,PACC,WECC,NAICS-22 Non-Cogen,22,WT,597055.0,2020
57529,Kawailoa Wind,Kawailoa Wind LLC,56868,HI,PACN,,NAICS-22 Non-Cogen,22,WT,103768.0,2020
57530,Palouse,Onward Energy,60453,WA,PACC,WECC,NAICS-22 Non-Cogen,22,WT,368324.0,2020
57531,Bingham Wind,Onward Energy,60453,ME,NEW,NPCC,NAICS-22 Non-Cogen,22,WT,490507.0,2020
57547,Winona County Wind LLC,Winona County Wind LLC,56874,MN,WNC,MRO,NAICS-22 Non-Cogen,22,WT,0.0,2020
57549,South Hurlburt Wind LLC,Caithness Shepherds Flat LLC,56865,OR,PACC,WECC,NAICS-22 Non-Cogen,22,WT,633835.0,2020
57550,Horseshoe Bend Wind LLC,Caithness Shepherds Flat LLC,56865,OR,PACC,WECC,NAICS-22 Non-Cogen,22,WT,616117.0,2020
57553,Shirley Wind,Shirley Wind LLC,56891,WI,ENC,MRO,NAICS-22 Non-Cogen,22,WT,60955.0,2020
57566,GE - Tehachapi,GE Wind Energy LLC,58270,CA,PACC,WECC,NAICS-22 Non-Cogen,22,WT,0.0,2020
57568,Record Hill Wind,Record Hill Wind LLC,56909,ME,NEW,NPCC,NAICS-22 Non-Cogen,22,WT,125018.0,2020
57570,Cooper Farms VW Project,Cooper Hatchery Inc.,56912,OH,ENC,RFC,Industrial NAICS Non-Cogen,311,WT,13176.0,2020
57578,PaTu Wind Farm LLC,PaTu Wind Farm LLC,56916,OR,PACC,WECC,NAICS-22 Non-Cogen,22,WT,31859.0,2020
57586,Shiloh III Wind Project LLC,"EDF Renewable Asset Holdings, Inc.",57170,CA,PACC,WECC,NAICS-22 Non-Cogen,22,WT,260826.0,2020
57590,"Minco Wind I, LLC","FPLE Wind, LLC",56925,OK,WSC,MRO,NAICS-22 Non-Cogen,22,WT,279916.0,2020
57593,Broken Bow Wind LLC,NRG Energy Gas & Wind Holdings Inc,59883,NE,WNC,MRO,NAICS-22 Non-Cogen,22,WT,253720.0,2020
57594,Teichert Materials-Teichert Vernalis,"Foundation HA Energy Generation, LLC",56930,CA,PACC,WECC,NAICS-22 Non-Cogen,22,WT,1760.0,2020
57595,Pinnacle Wind Force LLC,NRG Energy Gas & Wind Holdings Inc,59883,WV,SAT,RFC,NAICS-22 Non-Cogen,22,WT,169073.0,2020
57609,New Harvest Wind Project LLC,Avangrid Renewables LLC,15399,IA,WNC,MRO,NAICS-22 Non-Cogen,22,WT,291829.0,2020
57613,LE Wind Turbine 1,Lincoln Electric Company,56952,OH,ENC,RFC,Industrial NAICS Non-Cogen,333,WT,3878.0,2020
57614,Waverly Wind Farm LLC,Waverly Wind Farm LLC,56948,KS,WNC,MRO,NAICS-22 Non-Cogen,22,WT,711202.0,2020
57616,Blue Canyon Windpower VI LLC,Blue Canyon Windpower VI LLC,56945,OK,WSC,MRO,NAICS-22 Non-Cogen,22,WT,360509.0,2020
57617,Hidalgo Wind Farm LLC,Hidalgo Wind Farm LLC,56946,TX,WSC,TRE,NAICS-22 Non-Cogen,22,WT,685713.0,2020
57620,Paulding Wind Farm II,Paulding Wind Farm II LLC,56936,OH,ENC,RFC,NAICS-22 Non-Cogen,22,WT,314021.0,2020
57621,Rising Tree Wind Farm,Rising Tree Wind Farm LLC,56937,CA,PACC,WECC,NAICS-22 Non-Cogen,22,WT,229825.0,2020
57623,Bright Stalk Wind Farm I,Lexington Chenoa Wind Farm LLC,56940,IL,ENC,SERC,NAICS-22 Non-Cogen,22,WT,695023.0,2020
57626,Foundation ST,"Foundation HA Energy Generation, LLC",56930,CA,PACC,WECC,NAICS-22 Non-Cogen,22,WT,2440.0,2020
57628,Meadow Lake Wind Farm V LLC,Meadow Lake Wind Farm V LLC,56941,IN,ENC,RFC,NAICS-22 Non-Cogen,22,WT,327008.0,2020
57631,Wolverine,"Wolverine Wind Energy, LLC",56962,IA,WNC,MRO,NAICS-22 Non-Cogen,22,WT,4654.0,2020
57632,Bulldog,"Bulldog Wind Energy, LLC",56961,IA,WNC,MRO,NAICS-22 Non-Cogen,22,WT,5028.0,2020
57635,Linden Wind Energy Project,Los Angeles Department of Water & Power,11208,WA,PACC,WECC,Electric Utility,22,WT,105189.0,2020
57637,Union City Wind Turbine,Performance Services,56855,IN,ENC,RFC,NAICS-22 Non-Cogen,22,WT,0.0,2020
57638,Randolph Eastern School Wind Turbine,Performance Services,56855,IN,ENC,RFC,Commercial NAICS Non-Cogen,611,WT,0.0,2020
57639,Ironwood Wind,Ironwood Windpower LLC,56967,KS,WNC,MRO,NAICS-22 Non-Cogen,22,WT,630889.0,2020
57643,"Vestas Towers America, Inc.","Vestas Towers America, Inc",56972,CO,MTN,WECC,Industrial NAICS Non-Cogen,311,WT,2681.0,2020
57644,Prairie Rose Wind Farm,"Enel Green Power NA, Inc.",59380,MN,WNC,MRO,NAICS-22 Non-Cogen,22,WT,654621.0,2020
57648,Zotos International WPGF,Zotos International,56977,NY,MAT,NPCC,Industrial NAICS Non-Cogen,339,WT,1849.0,2020
57649,Elm Creek Wind II LLC,Avangrid Renewables LLC,15399,MN,WNC,MRO,NAICS-22 Non-Cogen,22,WT,306153.0,2020
57663,Cimarron Windpower II,"Cimarron Windpower II, LLC",56988,KS,WNC,MRO,NAICS-22 Non-Cogen,22,WT,553703.0,2020
57675,"Pioneer Trail Wind Farm, LLC",RWE Renewables Americas LLC,56215,IL,ENC,SERC,NAICS-22 Non-Cogen,22,WT,445269.0,2020
57678,"Post Rock Wind Power Project, LLC",Pattern Operators LP,56545,KS,WNC,WECC,NAICS-22 Non-Cogen,22,WT,765642.0,2020
57700,Vasco Winds,"Vasco Winds, LLC",57024,CA,PACC,WECC,NAICS-22 Non-Cogen,22,WT,225951.0,2020
57701,Montezuma Wind II,"NextEra Energy Montezuma Wind II, LLC",57026,CA,PACC,WECC,NAICS-22 Non-Cogen,22,WT,205736.0,2020
57721,Berkshire Wind Power Project,Massachusetts Mun Wholes Electric Co,11806,MA,NEW,NPCC,Electric Utility,22,WT,56150.0,2020
57725,Shiloh IV Wind Project LLC,"EDF Renewable Asset Holdings, Inc.",57170,CA,PACC,WECC,NAICS-22 Non-Cogen,22,WT,277561.0,2020
57732,UMM Wind Turbine,University of Minnesota Morris Campus,57046,MN,WNC,MRO,Commercial NAICS Non-Cogen,611,WT,5373.0,2020
57741,Suzlon Project VIII LLC,Suzlon Project VIII LLC,57054,TX,WSC,TRE,NAICS-22 Non-Cogen,22,WT,6180.0,2020
57744,Laurel Hill Wind,Laurel Wind Energy LLC,57053,PA,MAT,RFC,NAICS-22 Non-Cogen,22,WT,173242.0,2020
57748,Gordon Butte Wind LLC,Gordon Butte Wind LLC,57042,MT,MTN,WECC,NAICS-22 Non-Cogen,22,WT,77241.0,2020
57749,Sawtooth Wind Project,Idaho Winds LLC,57041,ID,MTN,WECC,NAICS-22 Non-Cogen,22,WT,53480.0,2020
57751,Los Vientos Wind 1A,"Los Vientos Wind 1A, LLC",57063,TX,WSC,TRE,NAICS-22 Non-Cogen,22,WT,513614.0,2020
57752,Los Vientos Wind 1B,"Los Vientos Wind 1B, LLC",57064,TX,WSC,TRE,NAICS-22 Non-Cogen,22,WT,448229.0,2020
57755,TPW Petersburg,TPW Petersburg LLC,57050,NE,WNC,MRO,NAICS-22 Non-Cogen,22,WT,195468.0,2020
57756,Coastal Energy Project,Coastal Community Action Program,57066,WA,PACC,WECC,NAICS-22 Non-Cogen,22,WT,13760.0,2020
57757,Pacific Wind LLC,"EDF Renewable Asset Holdings, Inc.",57170,CA,PACC,WECC,NAICS-22 Non-Cogen,22,WT,289197.0,2020
57760,Power County Wind Park South,Power County Wind Park South LLC,57068,ID,MTN,WECC,NAICS-22 Non-Cogen,22,WT,63049.0,2020
57761,Power County Wind Park North,Power County Wind Park North LLC,57069,ID,MTN,WECC,NAICS-22 Non-Cogen,22,WT,70303.0,2020
57762,Cimarron Wind Energy LLC,Cimarron Wind Energy LLC,58143,KS,WNC,MRO,NAICS-22 Non-Cogen,22,WT,682804.0,2020
57766,Rockland Wind Farm,Ridgeline Energy LLC,57075,ID,MTN,WECC,NAICS-22 Non-Cogen,22,WT,258372.0,2020
57767,Brown County Wind Turbine,Adams Electric Cooperative,57077,IL,ENC,SERC,Electric Utility,22,WT,2857.0,2020
57769,Mehoopany Wind Energy LLC,AE Power Services LLC,55963,PA,MAT,RFC,NAICS-22 Non-Cogen,22,WT,397705.0,2020
57774,Windstar 1,Brookfield Renewable Trading and Marketing LP,63235,CA,PACC,WECC,NAICS-22 Non-Cogen,22,WT,278347.0,2020
57775,Kingman 1,Brookfield Renewable Trading and Marketing LP,63235,AZ,MTN,WECC,NAICS-22 Non-Cogen,22,WT,26573.0,2020
57787,Flat Ridge 2 Wind Energy LLC,AE Power Services LLC,55963,KS,WNC,MRO,NAICS-22 Non-Cogen,22,WT,1775159.0,2020
57791,Foundation AB,"Foundation HA Energy Generation, LLC",56930,CA,PACC,WECC,NAICS-22 Non-Cogen,22,WT,2299.0,2020
57792,Foundation IE,"Foundation HA Energy Generation, LLC",56930,CA,PACC,WECC,NAICS-22 Non-Cogen,22,WT,447.0,2020
57800,Bison 2 Wind Energy Center,"ALLETE, Inc.",12647,ND,WNC,MRO,Electric Utility,22,WT,316299.0,2020
57801,Bison 3 Wind Energy Center,"ALLETE, Inc.",12647,ND,WNC,MRO,Electric Utility,22,WT,320752.0,2020
57802,Magic Valley Wind Farm I LLC,RWE Renewables Americas LLC,56215,TX,WSC,TRE,NAICS-22 Non-Cogen,22,WT,539511.0,2020
57803,Lime Wind,Lime Wind LLC,57122,OR,PACC,WECC,NAICS-22 Non-Cogen,22,WT,5297.0,2020
57813,GL Wind,GL Wind LLC,57127,MN,WNC,MRO,NAICS-22 Non-Cogen,22,WT,9958.0,2020
57823,WCROC Wind Farm,University of Minnesota WCROC,57138,MN,WNC,MRO,NAICS-22 Non-Cogen,22,WT,4630.0,2020
57830,Rippey Wind Farm,Greenbacker Renewable Energy Corporation,60025,IA,WNC,MRO,NAICS-22 Non-Cogen,22,WT,149277.0,2020
57832,Hawkeye Wind Farm,Greenbacker Renewable Energy Corporation,60025,IA,WNC,MRO,NAICS-22 Non-Cogen,22,WT,129927.0,2020
57833,Mustang Hills LLC,Longroad Energy Services 2,63800,CA,PACC,WECC,NAICS-22 Non-Cogen,22,WT,276718.0,2020
57834,Pinyon Pine I,"Pinyon Pines Wind I, LLC",59868,CA,PACC,WECC,NAICS-22 Non-Cogen,22,WT,276349.0,2020
57835,Alta Wind VIII,Brookfield Renewable Trading and Marketing LP,63235,CA,PACC,WECC,NAICS-22 Non-Cogen,22,WT,214170.0,2020
57837,Pinyon Pine II,"Pinyon Pines Wind II, LLC",59869,CA,PACC,WECC,NAICS-22 Non-Cogen,22,WT,206520.0,2020
57844,Franklin County Wind Farm,Interstate Power and Light Co,9417,IA,WNC,MRO,Electric Utility,22,WT,235601.0,2020
57851,Sigel Wind Park,DTE Electric Company,5109,MI,ENC,RFC,Electric Utility,22,WT,256579.0,2020
57852,Minden Wind Park,DTE Electric Company,5109,MI,ENC,RFC,Electric Utility,22,WT,113950.0,2020
57853,McKinley Wind Park,DTE Electric Company,5109,MI,ENC,RFC,Electric Utility,22,WT,51695.0,2020
57855,Ipswich Wind Turbine,Town of Ipswich - (MA),9442,MA,NEW,NPCC,Electric Utility,22,WT,3774.0,2020
57858,Caney River Wind Project,Caney River Wind Project,57191,KS,WNC,MRO,NAICS-22 Non-Cogen,22,WT,695972.0,2020
57862,"Wildcat Wind Farm I, LLC",RWE Renewables Americas LLC,56215,IN,ENC,RFC,NAICS-22 Non-Cogen,22,WT,596030.0,2020
57866,Golden Spread Panhandle Wnd Rch,"Golden Spread Electric Cooperative, Inc",7349,TX,WSC,MRO,Electric Utility,22,WT,244370.0,2020
57867,Howard Wind Farm,Longroad Energy Services 2,63800,NY,MAT,NPCC,NAICS-22 Non-Cogen,22,WT,126171.0,2020
57873,Eclipse Wind Farm,MidAmerican Energy Co,12341,IA,WNC,MRO,Electric Utility,22,WT,676555.0,2020
57874,Vienna Wind Farm,MidAmerican Energy Co,12341,IA,WNC,MRO,Electric Utility,22,WT,464398.0,2020
57875,Morning Light Wind Farm,MidAmerican Energy Co,12341,IA,WNC,MRO,Electric Utility,22,WT,327779.0,2020
57880,Eolos Wind Energy Research Field Station,Regents of the University of Minnesota,57215,MN,WNC,MRO,NAICS-22 Non-Cogen,22,WT,2745.0,2020
57887,Wildcat Wind,"Wildcat Wind, LLC",57257,NM,MTN,MRO,NAICS-22 Non-Cogen,22,WT,83294.0,2020
57888,Harvest 2,"Harvest II Windfarm, LLC",57256,MI,ENC,RFC,NAICS-22 Non-Cogen,22,WT,203344.0,2020
57889,KODE Novus II,DeWind Co.,56627,OK,WSC,MRO,NAICS-22 Non-Cogen,22,WT,38767.0,2020
57890,"Horse Butte Wind I, LLC",Utah Associated Mun Power Sys,40575,ID,MTN,WECC,Electric Utility,22,WT,183405.0,2020
57913,Tule Wind LLC,Avangrid Renewables LLC,15399,CA,PACC,WECC,NAICS-22 Non-Cogen,22,WT,340692.0,2020
57927,Baffin Wind,Avangrid Renewables LLC,15399,TX,WSC,TRE,NAICS-22 Non-Cogen,22,WT,549656.0,2020
57935,Eva Creek Wind,Golden Valley Elec Assn Inc,7353,AK,PACN,,Electric Utility,22,WT,46088.0,2020
57947,Macho Springs Power I,Capital Power Corporation,59365,NM,MTN,WECC,NAICS-22 Non-Cogen,22,WT,129086.0,2020
57956,"Minco Wind II, LLC","FPLE Wind, LLC",56925,OK,WSC,MRO,NAICS-22 Non-Cogen,22,WT,337654.0,2020
57962,Brookfield Tehachapi 1,Consolidated Edison Development Inc.,56769,CA,PACC,WECC,NAICS-22 Non-Cogen,22,WT,250637.0,2020
57963,Musselshell Wind Project,Musselshell Wind Project LLC,57333,MT,MTN,WECC,NAICS-22 Non-Cogen,22,WT,26055.0,2020
57964,Shady Oaks Wind Farm,Algonquin Power Co,59050,IL,ENC,MRO,NAICS-22 Non-Cogen,22,WT,319674.0,2020
57965,Musselshell Wind Project Two LLC,Musselshell Wind Project Two LLC,57338,MT,MTN,WECC,NAICS-22 Non-Cogen,22,WT,30868.0,2020
57968,Cashton Greens Wind Farm,Cashton Greens Wind Farm LLC,57340,WI,ENC,MRO,NAICS-22 Non-Cogen,22,WT,11272.0,2020
57973,Spinning Spur Wind LLC,"EDF Renewable Asset Holdings, Inc.",57170,TX,WSC,MRO,NAICS-22 Non-Cogen,22,WT,632396.0,2020
57974,Bobcat Bluff Wind Project LLC,"EDF Renewable Asset Holdings, Inc.",57170,TX,WSC,TRE,NAICS-22 Non-Cogen,22,WT,552097.0,2020
57975,Spearville 3 LLC,"EDF Renewable Asset Holdings, Inc.",57170,KS,WNC,MRO,NAICS-22 Non-Cogen,22,WT,413794.0,2020
57976,Pocahontas Prairie Wind Farm,MidAmerican Energy Co,12341,IA,WNC,MRO,Electric Utility,22,WT,102582.0,2020
57979,Kingdom Community Wind,Green Mountain Power Corp,7601,VT,NEW,NPCC,Electric Utility,22,WT,168774.0,2020
57980,Busch Ranch Wind Energy Farm,"Black Hills Colorado Electric, LLC",56146,CO,MTN,WECC,Electric Utility,22,WT,91428.0,2020
57981,Senate Wind LLC,Algonquin Power Co,59050,TX,WSC,TRE,NAICS-22 Non-Cogen,22,WT,501776.0,2020
57983,Stephens Ranch Wind Energy LLC,Stephens Ranch Wind Energy LLC,57355,TX,WSC,TRE,NAICS-22 Non-Cogen,22,WT,1358663.0,2020
57984,Lake Winds Energy Park,Consumers Energy Co,4254,MI,ENC,RFC,Electric Utility,22,WT,273390.0,2020
57987,Canadian Hills Wind,Canadian Hills Wind LLC,57363,OK,WSC,MRO,NAICS-22 Non-Cogen,22,WT,904252.0,2020
57991,Highland North Wind Farm,Longroad Energy Services 2,63800,PA,MAT,RFC,NAICS-22 Non-Cogen,22,WT,197222.0,2020
57995,NaturEner Rim Rock Energy,NaturEner Rim Rock Energy LLC,57370,MT,MTN,WECC,NAICS-22 Non-Cogen,22,WT,705585.0,2020
57996,Auwahi Wind Energy Hybrid,Auwahi Wind Energy LLC,57372,HI,PACN,,NAICS-22 Non-Cogen,22,WT,91182.0,2020
57998,Twin Ridges Wind Farm,Longroad Energy Services 2,63800,PA,MAT,RFC,NAICS-22 Non-Cogen,22,WT,416692.0,2020
57999,Patton Wind Farm,Longroad Energy Services 2,63800,PA,MAT,RFC,NAICS-22 Non-Cogen,22,WT,79188.0,2020
58000,"Anacacho Wind Farm, LLC",RWE Renewables Americas LLC,56215,TX,WSC,TRE,NAICS-22 Non-Cogen,22,WT,319380.0,2020
58004,Granite Reliable Power,Granite Reliable Power,57378,NH,NEW,NPCC,NAICS-22 Non-Cogen,22,WT,235334.0,2020
58008,California Ridge Wind Energy LLC,SunEdison LLC,59139,IL,ENC,SERC,NAICS-22 Non-Cogen,22,WT,673076.0,2020
58018,Shooting Star,"Shooting Star Power Partners, LLC",57395,KS,WNC,MRO,NAICS-22 Non-Cogen,22,WT,439411.0,2020
58019,High Mesa,"High Mesa Energy, LLC",57396,ID,MTN,WECC,NAICS-22 Non-Cogen,22,WT,92624.75,2020
58020,Beebe 1A,"Beebe Renewable Energy, LLC",57397,MI,ENC,RFC,NAICS-22 Non-Cogen,22,WT,220986.0,2020
58021,Whitetail,"Whitetail Wind Energy, LLC",57398,TX,WSC,TRE,NAICS-22 Non-Cogen,22,WT,240072.0,2020
58025,Mt Wachusett Community College,Mt Wachusett Community College,57401,MA,NEW,NPCC,Commercial NAICS Non-Cogen,611,WT,4844.07,2020
58026,Spruce Mountain WInd,Spruce Mountain Wind LLC,57402,ME,NEW,NPCC,NAICS-22 Non-Cogen,22,WT,55861.0,2020
58038,Buffalo Center Wind LLC,Buffalo Center Wind LLC,57409,IA,WNC,MRO,NAICS-22 Non-Cogen,22,WT,5316.0,2020
58041,Chisholm View Wind Project,Chisholm View Wind Project,57412,OK,WSC,MRO,NAICS-22 Non-Cogen,22,WT,984059.0,2020
58044,"Anchor Wind, LLC","Acciona Energy USA Global, LLC",57416,IA,WNC,MRO,NAICS-22 Non-Cogen,22,WT,17666.0,2020
58045,Community Wind South,Greenbacker Renewable Energy Corporation,60025,MN,WNC,MRO,NAICS-22 Non-Cogen,22,WT,71992.0,2020
58048,BayWa r.e Mozart LLC,BayWa r.e Wind LLC,57421,TX,WSC,TRE,NAICS-22 Non-Cogen,22,WT,65168.0,2020
58065,Charlestown Wind Turbine,MWRA Charlestown,57443,MA,NEW,NPCC,NAICS-22 Non-Cogen,22,WT,1663.0,2020
58071,Windwalkers LLC,Consolidated Edison Development Inc.,56769,IA,WNC,MRO,NAICS-22 Non-Cogen,22,WT,3342.0,2020
58078,Rocky Ridge Wind Project,Rocky Ridge Wind Project LLC,57451,OK,WSC,MRO,NAICS-22 Non-Cogen,22,WT,588549.0,2020
58080,Wolf Ridge Wind,NextEra Wolf Ridge LLC,57460,TX,WSC,TRE,NAICS-22 Non-Cogen,22,WT,272040.0,2020
58088,Stony Creek Wind Farm NY,Invenergy Services LLC,49893,NY,MAT,NPCC,NAICS-22 Non-Cogen,22,WT,281626.0,2020
58089,Roeder Family Wind Farm LLC,Consolidated Edison Development Inc.,56769,IA,WNC,MRO,NAICS-22 Non-Cogen,22,WT,3695.0,2020
58098,El Cabo Wind,Avangrid Renewables LLC,15399,NM,MTN,WECC,NAICS-22 Non-Cogen,22,WT,1077111.0,2020
58099,Montague Wind Power Facility LLC,Avangrid Renewables LLC,15399,OR,PACC,WECC,NAICS-22 Non-Cogen,22,WT,589589.0,2020
58101,Foundation Cemex River Plant,Foundation CA Fund VI Manager LLC,57476,CA,PACC,WECC,NAICS-22 Non-Cogen,22,WT,2935.0,2020
58102,Foundation Cemex BMQ,Foundation CA Fund VI Manager LLC,57476,CA,PACC,WECC,NAICS-22 Non-Cogen,22,WT,3484.0,2020
58103,Heritage Garden Wind Farm I LLC,DTE Sustainable Generation,64331,MI,ENC,RFC,NAICS-22 Non-Cogen,22,WT,71613.0,2020
58104,Foundation Superior Farms,Foundation CA Fund VI Manager LLC,57476,CA,PACC,WECC,Industrial NAICS Non-Cogen,311,WT,1335.0,2020
58105,Foundation Wal-Mart Red Bluff,Foundation CA Fund VI Manager LLC,57476,CA,PACC,WECC,Commercial NAICS Non-Cogen,421,WT,1755.0,2020
58106,Meadow Creek Project Company,Ridgeline Energy LLC,57075,ID,MTN,WECC,NAICS-22 Non-Cogen,22,WT,360942.0,2020
58111,Bishop Hill II Wind Farm,"Bishop Hill Energy II, LLC",59870,IL,ENC,SERC,NAICS-22 Non-Cogen,22,WT,271499.0,2020
58112,Foundation Cemex Madison,"Foundation CA Fund V Manager, LLC",57484,CA,PACC,WECC,NAICS-22 Non-Cogen,22,WT,1778.0,2020
58113,Foundation RRM,"Foundation CA Fund V Manager, LLC",57484,CA,PACC,WECC,NAICS-22 Non-Cogen,22,WT,9258.0,2020
58114,Foundation NWNA,"Foundation CA Fund V Manager, LLC",57484,CA,PACC,WECC,NAICS-22 Non-Cogen,22,WT,19569.0,2020
58121,Echo Wind Park,DTE Electric Company,5109,MI,ENC,RFC,Electric Utility,22,WT,392248.0,2020
58126,Limon Wind I,Limon,57503,CO,MTN,WECC,NAICS-22 Non-Cogen,22,WT,711128.0,2020
58127,Limon Wind II,Limon,57503,CO,MTN,WECC,NAICS-22 Non-Cogen,22,WT,611274.0,2020
58137,Ensign Wind LLC,NextEra Energy Resources Ensign Wind,58090,KS,WNC,MRO,NAICS-22 Non-Cogen,22,WT,444401.0,2020
58141,Groton Wind LLC,Avangrid Renewables LLC,15399,NH,NEW,NPCC,NAICS-22 Non-Cogen,22,WT,106749.0,2020
58154,North Sky River Energy LLC,North Sky River Energy LLC,58121,CA,PACC,WECC,NAICS-22 Non-Cogen,22,WT,428422.0,2020
58155,Perrin Ranch Wind LLC,Perrin Ranch Wind LLC,58132,AZ,MTN,WECC,NAICS-22 Non-Cogen,22,WT,212188.0,2020
58162,Cirrus Wind 1 LLC,Cirrus Wind 1 LLC,58134,TX,WSC,MRO,NAICS-22 Non-Cogen,22,WT,21879.0,2020
58203,"Minco Wind III, LLC","FPLE Wind, LLC",56925,OK,WSC,MRO,NAICS-22 Non-Cogen,22,WT,393282.0,2020
58209,"NextEra-Blackwell Wind, LLC","Blackwell Wind, LLC",58180,OK,WSC,MRO,NAICS-22 Non-Cogen,22,WT,204693.0,2020
58218,Spion Kop Wind Farm,NorthWestern Energy,13902,MT,MTN,WECC,Electric Utility,22,WT,145990.0,2020
58220,Haviland Plastic Products,Haviland Plastic Products Co,58187,OH,ENC,RFC,Industrial NAICS Non-Cogen,326,WT,12936.0,2020
58233,Wagner Wind LLC,Greenbacker Renewable Energy Corporation,60025,CA,PACC,WECC,NAICS-22 Non-Cogen,22,WT,13636.0,2020
58238,Georgia Mountain Community Wind Farm,Greenbacker Renewable Energy Corporation,60025,VT,NEW,NPCC,NAICS-22 Non-Cogen,22,WT,28952.0,2020
58242,Pattern Panhandle Wind LLC,Pattern Operators LP,56545,TX,WSC,TRE,NAICS-22 Non-Cogen,22,WT,624078.0,2020
58321,Goldthwaite Wind Energy Facility,Invenergy Services LLC,49893,TX,WSC,TRE,NAICS-22 Non-Cogen,22,WT,550325.0,2020
58322,Prairie Breeze,SunEdison LLC,59139,NE,WNC,MRO,NAICS-22 Non-Cogen,22,WT,834160.0,2020
58324,Vansycle II Wind Energy Center,FPL Energy Stateline II Inc,58298,OR,PACC,WECC,NAICS-22 Non-Cogen,22,WT,310808.0,2020
58351,Tuscola Bay Wind,Tuscola Bay Wind LLC,58340,MI,ENC,RFC,NAICS-22 Non-Cogen,22,WT,370601.0,2020
58363,Majestic II Wind,NextEra Energy Majestic Wind,58353,TX,WSC,TRE,NAICS-22 Non-Cogen,22,WT,338630.0,2020
58372,Blue Summit Wind LLC,Blue Summit Wind LLC,58360,TX,WSC,TRE,NAICS-22 Non-Cogen,22,WT,446963.0,2020
58394,Alta Wind X,NRG Yield LLC,60015,CA,PACC,WECC,NAICS-22 Non-Cogen,22,WT,347345.0,2020
58395,Alta Wind XI,NRG Yield LLC,60015,CA,PACC,WECC,NAICS-22 Non-Cogen,22,WT,214818.0,2020
58404,Pantex,Pantex (NNSA),58388,TX,WSC,MRO,Commercial NAICS Non-Cogen,928,WT,36972.0,2020
58407,Luther College Wind Project,Luther College Wind Energy Project LLC,58389,IA,WNC,MRO,NAICS-22 Non-Cogen,22,WT,2835.0,2020
58414,NLMU Wind,New London Municipal Utilities,13468,IA,WNC,MRO,Electric Utility,22,WT,4242.0,2020
58416,Headwaters Wind Farm LLC,Headwaters Wind Farm LLC,58412,IN,ENC,RFC,NAICS-22 Non-Cogen,22,WT,650291.0,2020
58424,Harbor Wind LLC,Harbor Wind Tenant LLC,58420,TX,WSC,TRE,NAICS-22 Non-Cogen,22,WT,0.0,2020
58425,Fire Island Wind,Fire Island Wind LLC,58422,AK,PACN,,NAICS-22 Non-Cogen,22,WT,47201.0,2020
58441,Swauk Wind LLC,Gamesa Wind US LLC,58430,WA,PACC,WECC,NAICS-22 Non-Cogen,22,WT,13426.0,2020
58444,Junction Hilltop Wind Farm,Junction Hilltop Management LLC,58439,IA,WNC,MRO,NAICS-22 Non-Cogen,22,WT,23994.0,2020
58456,Cumberland Rose,"Cumberland Rose Wind Energy, LLC",58444,IA,WNC,MRO,NAICS-22 Non-Cogen,22,WT,5144.0,2020
58457,Fontanelle,"Forward Fontanelle Power, LLC",58445,IA,WNC,MRO,NAICS-22 Non-Cogen,22,WT,5733.0,2020
58458,Greenfield Wind,"Greenfield Wind Power, LLC",58446,IA,WNC,MRO,Electric Utility,22,WT,4961.0,2020
58459,Meadow Ridge,"Meadow Ridge Wind Energy, LLC",58447,IA,WNC,MRO,NAICS-22 Non-Cogen,22,WT,5625.0,2020
58460,Sky Volt,"Sky Volt, LLC",58448,IA,WNC,MRO,NAICS-22 Non-Cogen,22,WT,5503.0,2020
58461,Wiota,"Wiota Wind Energy, LLC #1",58449,IA,WNC,MRO,NAICS-22 Non-Cogen,22,WT,5650.0,2020
58464,Broadview Energy Prime LLC,BayWa r.e Wind LLC,57421,NM,MTN,MRO,NAICS-22 Non-Cogen,22,WT,36166.0,2020
58465,Broadview Energy Prime 2 LLC,BayWa r.e Wind LLC,57421,NM,MTN,MRO,NAICS-22 Non-Cogen,22,WT,35857.0,2020
58474,Buffalo Dunes Wind Project,Buffalo Dunes Wind Project LLC,58461,KS,WNC,MRO,NAICS-22 Non-Cogen,22,WT,973772.0,2020
58511,Delta Wind Farm,Alaska Environmental Power,58488,AK,PACN,,NAICS-22 Non-Cogen,22,WT,3849.0,2020
58548,Huerfano River Wind,"Huerfano River Wind, LLC",58520,CO,MTN,WECC,NAICS-22 Non-Cogen,22,WT,15544.0,2020
58571,Tucannon River Wind Farm,Portland General Electric Co,15248,WA,PACC,WECC,Electric Utility,22,WT,941731.0,2020
58580,Pheasant Run Wind LLC,Pheasant Run Wind LLC,58539,MI,ENC,RFC,NAICS-22 Non-Cogen,22,WT,260035.0,2020
58587,Tuscola Wind II LLC,Tuscola Wind II LLC,58545,MI,ENC,RFC,NAICS-22 Non-Cogen,22,WT,303391.0,2020
58594,Steele Flats Wind Project LLC,Steele Flats Wind Project LLC,58551,NE,WNC,MRO,NAICS-22 Non-Cogen,22,WT,316078.0,2020
58596,"Grandview Wind Farm, LLC",RWE Renewables Americas LLC,56215,TX,WSC,TRE,NAICS-22 Non-Cogen,22,WT,887326.0,2020
58608,Saddleback Ridge Wind Farm,"Saddleback Ridge Wind, LLC",58565,ME,NEW,NPCC,NAICS-22 Non-Cogen,22,WT,95953.0,2020
58614,Patriot Wind Farm,Avangrid Renewables LLC,15399,TX,WSC,TRE,NAICS-22 Non-Cogen,22,WT,532276.0,2020
58620,Canton Mountain Wind,Canton Mountain Wind LLC,58574,ME,NEW,NPCC,NAICS-22 Non-Cogen,22,WT,58001.0,2020
58630,RP Wind,Consolidated Edison Solutions Inc,57365,OH,ENC,RFC,NAICS-22 Non-Cogen,22,WT,8110.0,2020
58657,Odell Wind Farm,Algonquin Power Co,59050,MN,WNC,MRO,NAICS-22 Non-Cogen,22,WT,795377.0,2020
58658,Courtenay Wind Farm,Northern States Power Co - Minnesota,13781,ND,WNC,MRO,Electric Utility,22,WT,702466.0,2020
58661,Cape Cod Air Force Station - 6 SWS,US Air Force,58604,MA,NEW,NPCC,Commercial NAICS Non-Cogen,928,WT,8627.0,2020
58666,Alexander Wind Farm LLC,SRIV Partnership LLC,62042,KS,WNC,MRO,NAICS-22 Non-Cogen,22,WT,214900.0,2020
58677,Gratiot County Wind LLC,Invenergy Services LLC,49893,MI,ENC,RFC,NAICS-22 Non-Cogen,22,WT,271620.0,2020
58681,Route 66 Wind Plant,Onward Energy,60453,TX,WSC,TRE,NAICS-22 Non-Cogen,22,WT,503858.0,2020
58683,"Osage Wind, LLC","Enel Green Power NA, Inc.",59380,OK,WSC,MRO,NAICS-22 Non-Cogen,22,WT,559205.0,2020
58686,Hancock Wind Plant,Onward Energy,60453,ME,NEW,NPCC,NAICS-22 Non-Cogen,22,WT,132561.0,2020
58690,Apple Blossom Wind Farm,"Apple Blossom Wind, LLC",60456,MI,ENC,RFC,NAICS-22 Non-Cogen,22,WT,268996.0,2020
58691,South Fork Wind Farm,"South Fork Wind, LLC",60458,MN,WNC,MRO,NAICS-22 Non-Cogen,22,WT,47523.0,2020
58692,Black Oak Wind Farm,"Black Oak Wind, LLC",58625,MN,WNC,MRO,NAICS-22 Non-Cogen,22,WT,299149.0,2020
58694,Walnut Ridge Wind Farm,"BHE Renewables, LLC",59359,IL,ENC,RFC,NAICS-22 Non-Cogen,22,WT,776916.0,2020
58695,Grande Prairie Wind Farm,"BHE Renewables, LLC",59359,NE,WNC,MRO,NAICS-22 Non-Cogen,22,WT,1552416.0,2020
58719,Brookfield,DTE Electric Company,5109,MI,ENC,RFC,Electric Utility,22,WT,254452.0,2020
58720,Pattern Panhandle Wind 2 LLC,Pattern Operators LP,56545,TX,WSC,TRE,NAICS-22 Non-Cogen,22,WT,663951.0,2020
58765,Miami Wind Energy Center,Invenergy Services LLC,49893,TX,WSC,TRE,NAICS-22 Non-Cogen,22,WT,1112891.0,2020
58766,Wake Wind Energy Center,Southern Power Co,17650,TX,WSC,TRE,NAICS-22 Non-Cogen,22,WT,1151600.0,2020
58767,Buckeye Wind Energy Center,Invenergy Services LLC,49893,KS,WNC,MRO,NAICS-22 Non-Cogen,22,WT,821619.0,2020
58768,Marsh Hill Wind Farm,Invenergy Services LLC,49893,NY,MAT,NPCC,NAICS-22 Non-Cogen,22,WT,49701.0,2020
58769,Spring Canyon Expansion Wind Energy Ctr,NRG Yield LLC,60015,CO,MTN,WECC,NAICS-22 Non-Cogen,22,WT,243706.0,2020
58771,Roosevelt County,"EDF Renewable Asset Holdings, Inc.",57170,NM,MTN,MRO,NAICS-22 Non-Cogen,22,WT,1099277.0,2020
58772,Longhorn Wind,"EDF Renewable Asset Holdings, Inc.",57170,TX,WSC,TRE,NAICS-22 Non-Cogen,22,WT,708998.0,2020
58773,TX Hereford Wind,"EDF Renewable Asset Holdings, Inc.",57170,TX,WSC,TRE,NAICS-22 Non-Cogen,22,WT,753029.0,2020
58774,Spinning Spur Wind II,"EDF Renewable Asset Holdings, Inc.",57170,TX,WSC,TRE,NAICS-22 Non-Cogen,22,WT,511138.0,2020
58775,Spinning Spur Wind III,"EDF Renewable Asset Holdings, Inc.",57170,TX,WSC,TRE,NAICS-22 Non-Cogen,22,WT,806297.0,2020
58830,Cross Winds Energy Park,Consumers Energy Co,4254,MI,ENC,RFC,Electric Utility,22,WT,721792.0,2020
58833,Red Horse 2,Red Horse 2,59146,AZ,MTN,WECC,NAICS-22 Non-Cogen,22,WT,68847.0,2020
58836,Lakeswind Power Partners,Lakeswind Power Partners,58710,MN,WNC,MRO,NAICS-22 Non-Cogen,22,WT,164780.0,2020
58837,Na Pua Makani Wind Project,Na Pua Makani Power Partners LLC,58718,HI,PACN,,NAICS-22 Non-Cogen,22,WT,14388.0,2020
58838,Keechi Wind,"Keechi Wind, LLC",62969,TX,WSC,TRE,NAICS-22 Non-Cogen,22,WT,431091.0,2020
58872,Bison 4 Wind Energy Center,"ALLETE, Inc.",12647,ND,WNC,MRO,Electric Utility,22,WT,805997.0,2020
58883,Highland Wind Project (IA),MidAmerican Energy Co,12341,IA,WNC,MRO,Electric Utility,22,WT,1518437.0,2020
58884,Lundgren Wind Project,MidAmerican Energy Co,12341,IA,WNC,MRO,Electric Utility,22,WT,797900.0,2020
58885,Macksburg Wind Project,MidAmerican Energy Co,12341,IA,WNC,MRO,Electric Utility,22,WT,320713.0,2020
58886,Wellsburg Wind Project,MidAmerican Energy Co,12341,IA,WNC,MRO,Electric Utility,22,WT,431761.0,2020
58887,Com Adam 1WF-1,FPC Services Inc.,58760,IL,ENC,RFC,NAICS-22 Non-Cogen,22,WT,6252.84,2020
58891,"Big Turtle Wind Farm, LLC",DTE Sustainable Generation,64331,MI,ENC,RFC,NAICS-22 Non-Cogen,22,WT,66478.0,2020
58898,Pilot Hill Wind Farm,"EDF Renewable Asset Holdings, Inc.",57170,IL,ENC,RFC,NAICS-22 Non-Cogen,22,WT,592929.0,2020
58900,Balko Wind LLC,Balko Wind LLC,58770,OK,WSC,MRO,NAICS-22 Non-Cogen,22,WT,1140133.0,2020
58902,Kingfisher Wind LLC,Kingfisher Wind LLC,58773,OK,WSC,MRO,NAICS-22 Non-Cogen,22,WT,1066847.0,2020
58904,Fourmile Ridge,"Fourmile Wind Energy, LLC",58784,MD,SAT,RFC,NAICS-22 Non-Cogen,22,WT,126412.11,2020
58908,Beebe 1B,"Beebe 1B Renewable Energy, LLC",58785,MI,ENC,RFC,NAICS-22 Non-Cogen,22,WT,143417.0,2020
58924,Sugar Creek Wind One LLC,Sugar Creek Wind One LLC,60568,IL,ENC,SERC,NAICS-22 Non-Cogen,22,WT,84206.0,2020
58927,Story City Wind Project,Hamilton Wind Energy LLC,58795,IA,WNC,MRO,NAICS-22 Non-Cogen,22,WT,5365.0,2020
58932,Traer Wind Project,"Norsemen Wind Energy, LLC",58797,IA,WNC,MRO,NAICS-22 Non-Cogen,22,WT,6168.0,2020
58938,Origin Wind,"Enel Green Power NA, Inc.",59380,OK,WSC,MRO,NAICS-22 Non-Cogen,22,WT,586243.0,2020
58939,Anderson Wind I,BayWa r.e Wind LLC,57421,NM,MTN,MRO,NAICS-22 Non-Cogen,22,WT,18227.0,2020
58940,Anderson Wind II,BayWa r.e Wind LLC,57421,NM,MTN,MRO,NAICS-22 Non-Cogen,22,WT,44192.0,2020
58958,Camelot Wind LLC,Camelot Wind LLC,58821,MA,NEW,NPCC,NAICS-22 Non-Cogen,22,WT,2713.0,2020
58965,"Thunder Spirit Wind, LLC",Montana-Dakota Utilities Co,12199,ND,WNC,MRO,Electric Utility,22,WT,600126.0,2020
58966,Fairfield Wind,Greenbacker Renewable Energy Corporation,60025,MT,MTN,WECC,NAICS-22 Non-Cogen,22,WT,33882.0,2020
58979,Copenhagen Wind Farm,"EDF Renewable Asset Holdings, Inc.",57170,NY,MAT,NPCC,NAICS-22 Non-Cogen,22,WT,274660.0,2020
58981,"Broken Bow Wind II, LLC",Consolidated Edison Development Inc.,56769,NE,WNC,MRO,NAICS-22 Non-Cogen,22,WT,328737.0,2020
58992,Dept of Corrections NCCI Wind,Dept of Corrections NCCI Wind,58844,MA,NEW,NPCC,Commercial NAICS Non-Cogen,92214,WT,4298.0,2020
58994,Breckinridge Wind Project LLC,NextEra Energy Resources Breckinridge,59394,OK,WSC,MRO,NAICS-22 Non-Cogen,22,WT,402071.0,2020
58995,St. Olaf Wind Turbine,St. Olaf College,58828,MN,WNC,MRO,NAICS-22 Non-Cogen,22,WT,2826.0,2020
58998,Goodwell Wind Project LLC,"Enel Green Power NA, Inc.",59380,OK,WSC,MRO,NAICS-22 Non-Cogen,22,WT,891936.29,2020
58999,Little Elk Wind Project LLC,"Enel Green Power NA, Inc.",59380,OK,WSC,MRO,NAICS-22 Non-Cogen,22,WT,318767.0,2020
59003,Two Dot Wind Farm,NorthWestern Energy,13902,MT,MTN,WECC,Electric Utility,22,WT,40336.0,2020
59005,Mariah del Norte,Mariah Holdings II LLC c/o CAMS,60475,TX,WSC,TRE,NAICS-22 Non-Cogen,22,WT,724436.0,2020
59021,Hoopeston Wind LLC,Hoopeston Wind LLC,58865,IL,ENC,SERC,NAICS-22 Non-Cogen,22,WT,322378.0,2020
59022,Kingston Wind Independence,Kingston Wind Independence,58867,MA,NEW,NPCC,NAICS-22 Non-Cogen,22,WT,0.0,2020
59023,Ipswich Wind Independence,Ipswich Wind Independence,58866,MA,NEW,NPCC,NAICS-22 Non-Cogen,22,WT,0.0,2020
59024,"Euclid Farm, Stamco N-54",Case Western Reserve University,58869,OH,ENC,RFC,NAICS-22 Non-Cogen,22,WT,770.0,2020
59034,Shannon Wind,Shannon Wind LLC,58872,TX,WSC,TRE,NAICS-22 Non-Cogen,22,WT,684149.0,2020
59053,Michelangelo Wind 3 LLC,Michelangelo Wind 3 LLC,58887,IA,WNC,MRO,NAICS-22 Non-Cogen,22,WT,10401.0,2020
59061,Radfords Run Wind Farm,RWE Renewables Americas LLC,56215,IL,ENC,RFC,NAICS-22 Non-Cogen,22,WT,1017939.0,2020
59063,Stella Wind Farm,RWE Renewables Americas LLC,56215,TX,WSC,TRE,NAICS-22 Non-Cogen,22,WT,617943.0,2020
59065,Drift Sand Wind Project LLC,"Enel Green Power NA, Inc.",59380,OK,WSC,MRO,NAICS-22 Non-Cogen,22,WT,409180.0,2020
59066,Bruennings Breeze Wind Farm,RWE Renewables Americas LLC,56215,TX,WSC,TRE,NAICS-22 Non-Cogen,22,WT,535706.0,2020
59068,"Colbeck's Corner, LLC",RWE Renewables Americas LLC,56215,TX,WSC,TRE,NAICS-22 Non-Cogen,22,WT,881253.0,2020
59070,Jericho Power,Jericho Power LLC,58891,NH,NEW,NPCC,NAICS-22 Non-Cogen,22,WT,25284.0,2020
59071,Carroll Area Wind Farm,SRIV Partnership LLC,62042,IA,WNC,MRO,NAICS-22 Non-Cogen,22,WT,81048.0,2020
59076,Chopin Wind LLC,BayWa r.e Wind LLC,57421,OR,PACC,WECC,NAICS-22 Non-Cogen,22,WT,35609.0,2020
59083,Limon III Wind LLC,Limon,57503,CO,MTN,WECC,NAICS-22 Non-Cogen,22,WT,811678.0,2020
59084,Marshall Wind Farm,"BHE Renewables, LLC",59359,KS,WNC,MRO,NAICS-22 Non-Cogen,22,WT,262092.0,2020
59118,Cameron Wind 1 LLC,Cameron Wind 1 LLC,58939,TX,WSC,TRE,NAICS-22 Non-Cogen,22,WT,476558.0,2020
59147,Fair Wind,"Fair Wind Power Partners, LLC",58962,MD,SAT,RFC,NAICS-22 Non-Cogen,22,WT,90454.57,2020
59187,Beethoven Wind,NorthWestern Energy - (SD),13809,SD,WNC,MRO,Electric Utility,22,WT,309749.0,2020
59193,Chapman Ranch Wind I,Chapman Ranch Wind LLC,58998,TX,WSC,TRE,NAICS-22 Non-Cogen,22,WT,684462.0,2020
59200,Border Winds Wind Farm,Northern States Power Co - Minnesota,13781,ND,WNC,MRO,Electric Utility,22,WT,673367.0,2020
59201,Pleasant Valley Wind Farm,Northern States Power Co - Minnesota,13781,MN,WNC,MRO,Electric Utility,22,WT,789515.0,2020
59222,Passadumkeag Windpark LLC,Southern Power Co,17650,ME,NEW,NPCC,NAICS-22 Non-Cogen,22,WT,143332.0,2020
59223,Optimum Wind 5 LLC,Optimum Wind 5 LLC,59017,IA,WNC,MRO,NAICS-22 Non-Cogen,22,WT,9569.0,2020
59224,Optimum Wind 6 LLC,Optimum Wind 6 LLC,59018,IA,WNC,MRO,NAICS-22 Non-Cogen,22,WT,10347.0,2020
59225,Optimum Wind 7 LLC,Optimum Wind 7 LLC,59019,IA,WNC,MRO,NAICS-22 Non-Cogen,22,WT,10424.0,2020
59226,Optimum Wind 4 LLC,Optimum Wind 4 LLC,59024,IA,WNC,MRO,NAICS-22 Non-Cogen,22,WT,9121.0,2020
59227,Optimum Wind 3 LLC,Optimum Wind 3 LLC,59025,IA,WNC,MRO,NAICS-22 Non-Cogen,22,WT,9614.0,2020
59228,Leonardo Wind 1 LLC,Leonardo Wind 1 LLC,59022,IA,WNC,MRO,NAICS-22 Non-Cogen,22,WT,10961.0,2020
59230,Venus Wind 3 LLC,Venus Wind 3 LLC,59021,IA,WNC,MRO,NAICS-22 Non-Cogen,22,WT,11370.0,2020
59231,Michelangelo Wind 1 LLC,Michelangelo Wind 1 LLC,59026,IA,WNC,MRO,NAICS-22 Non-Cogen,22,WT,10814.0,2020
59232,Michelangelo Wind 4 LLC,Michelangelo Wind 4 LLC,59027,IA,WNC,MRO,NAICS-22 Non-Cogen,22,WT,10648.0,2020
59234,Arbuckle Mountain Wind Farm LLC,Arbuckle Mountain Wind Farm LLC,59039,OK,WSC,MRO,NAICS-22 Non-Cogen,22,WT,412668.0,2020
59235,Rising Tree Wind Farm II,Rising Tree Wind Farm II LLC,59040,CA,PACC,WECC,NAICS-22 Non-Cogen,22,WT,53220.0,2020
59236,Rising Tree Wind Farm III,Rising Tree Wind Farm III LLC,59042,CA,PACC,WECC,NAICS-22 Non-Cogen,22,WT,248075.0,2020
59238,Windthorst-2,"EDF Renewable Asset Holdings, Inc.",57170,TX,WSC,TRE,NAICS-22 Non-Cogen,22,WT,230121.0,2020
59244,Lorenzo Wind,"Lorenzo Wind, LLC",61133,TX,WSC,MRO,NAICS-22 Non-Cogen,22,WT,374283.0,2020
59245,Fluvanna,Fluvanna Wind Energy LLC,60042,TX,WSC,TRE,NAICS-22 Non-Cogen,22,WT,614226.0,2020
59247,Hale Community Wind Farm,Hale Wind Energy,60040,TX,WSC,MRO,NAICS-22 Non-Cogen,22,WT,2083677.0,2020
59284,Mammoth Plains,Mammoth Plains Wind Project,60768,OK,WSC,MRO,NAICS-22 Non-Cogen,22,WT,808315.0,2020
59292,Rattlesnake Creek Wind Project,"Rattlesnake Creek Wind Project, LLC",61414,NE,WNC,MRO,NAICS-22 Non-Cogen,22,WT,1205213.0,2020
59295,WED NK Green,WED NK Green LLC,59097,RI,NEW,NPCC,NAICS-22 Non-Cogen,22,WT,2699.0,2020
59296,Northwest Ohio Wind,"Northwest Ohio Wind, LLC",59098,OH,ENC,RFC,NAICS-22 Non-Cogen,22,WT,285440.0,2020
59301,WED Coventry 1,"WED Coventry One, LLC",59105,RI,NEW,NPCC,NAICS-22 Non-Cogen,22,WT,2889.0,2020
59302,WED Coventry 2,"WED Coventry Two, LLC",59106,RI,NEW,NPCC,NAICS-22 Non-Cogen,22,WT,10225.0,2020
59305,WED Coventry 3,"WED Coventry Three, LLC",59107,RI,NEW,NPCC,NAICS-22 Non-Cogen,22,WT,3303.0,2020
59306,WED Coventry 4,"WED Coventry Four, LLC",59108,RI,NEW,NPCC,NAICS-22 Non-Cogen,22,WT,2478.0,2020
59311,Seiling Wind I,NextEra Energy Seiling Wind,59115,OK,WSC,MRO,NAICS-22 Non-Cogen,22,WT,793246.0,2020
59312,Seiling Wind II,NextEra Energy Seiling Wind,59115,OK,WSC,MRO,NAICS-22 Non-Cogen,22,WT,387934.0,2020
59313,WED Coventry 5,"WED Coventry Five, LLC",59116,RI,NEW,NPCC,NAICS-22 Non-Cogen,22,WT,3077.0,2020
59314,WED Coventry 6,"WED Coventry Six, LLC",59117,RI,NEW,NPCC,NAICS-22 Non-Cogen,22,WT,9266.0,2020
59320,Los Vientos Windpower III,"Los Vientos Windpower III, LLC",59119,TX,WSC,TRE,NAICS-22 Non-Cogen,22,WT,571467.0,2020
59321,Los Vientos Windpower IV,"Los Vientos Windpower IV, LLC",59120,TX,WSC,TRE,NAICS-22 Non-Cogen,22,WT,601003.0,2020
59328,Golden Acorn Casino,"Foundation HA Energy Generation, LLC",56930,CA,PACC,WECC,Commercial NAICS Non-Cogen,713,WT,4390.0,2020
59329,City of Soledad Water Reclamation,"Foundation HA Energy Generation, LLC",56930,CA,PACC,WECC,NAICS-22 Non-Cogen,22,WT,3470.0,2020
59330,Taylor Farms,"Foundation HA Energy Generation, LLC",56930,CA,PACC,WECC,NAICS-22 Non-Cogen,22,WT,3507.0,2020
59331,Anheuser-Busch #2,"Foundation HA Energy Generation, LLC",56930,CA,PACC,WECC,Industrial NAICS Non-Cogen,312,WT,3400.0,2020
59332,Mesquite Creek Wind,"Mesquite Creek Wind, LLC",59900,TX,WSC,TRE,NAICS-22 Non-Cogen,22,WT,721908.0,2020
59384,South Plains Wind Phase I,"Evergreen Wind, LLC",59155,TX,WSC,TRE,NAICS-22 Non-Cogen,22,WT,808225.0,2020
59417,Pleasant Hill Wind Energy Project,Pleasant Hill Wind Energy LLC,59188,TX,WSC,MRO,NAICS-22 Non-Cogen,22,WT,39832.0,2020
59435,Oak Tree Energy,Consolidated Edison Development Inc.,56769,SD,WNC,MRO,NAICS-22 Non-Cogen,22,WT,73104.0,2020
59442,Logans Gap Wind LLC,Pattern Operators LP,56545,TX,WSC,TRE,NAICS-22 Non-Cogen,22,WT,677882.0,2020
59448,Waxdale,"S.C. Johnson & Son, Inc.",59216,WI,ENC,RFC,Industrial NAICS Cogen,325,WT,7121.0,2020
59460,"Kay Wind, LLC",Southern Power Co,17650,OK,WSC,MRO,NAICS-22 Non-Cogen,22,WT,977348.0,2020
59475,Palo Duro Wind,Palo Duro Wind,59238,TX,WSC,MRO,NAICS-22 Non-Cogen,22,WT,1138946.0,2020
59490,Jett Creek Windfarm (Burnt River),Jett Creek,59860,OR,PACC,WECC,NAICS-22 Non-Cogen,22,WT,26423.0,2020
59491,Benson Creek Windfarm (Burnt River),Benson Creek,59861,OR,PACC,WECC,NAICS-22 Non-Cogen,22,WT,28209.0,2020
59492,Durbin Creek Windfarm (Burnt River),Durbin Creek,59862,OR,PACC,WECC,NAICS-22 Non-Cogen,22,WT,24782.0,2020
59493,Prospector Windfarm (Burnt River),Prospector,59863,OR,PACC,WECC,NAICS-22 Non-Cogen,22,WT,25435.0,2020
59494,Willow Spring Windfarm (Burnt River),Willow Spring,59864,OR,PACC,WECC,NAICS-22 Non-Cogen,22,WT,29630.0,2020
59547,Fowler Ridge IV Wind Farm LLC,Pattern Operators LP,56545,IN,ENC,RFC,NAICS-22 Non-Cogen,22,WT,409410.0,2020
59621,TX Jumbo Road Wind,"TX Jumbo Road Wind, LLC",59871,TX,WSC,TRE,NAICS-22 Non-Cogen,22,WT,1013056.0,2020
59622,Future Generation Wind,Consolidated Edison Solutions Inc,57365,MA,NEW,NPCC,NAICS-22 Non-Cogen,22,WT,12871.0,2020
59629,Jericho Rise Wind Farm LLC,Jericho Rise Wind Farm LLC,59362,NY,MAT,NPCC,NAICS-22 Non-Cogen,22,WT,224860.0,2020
59637,Adams Wind,MidAmerican Energy Co,12341,IA,WNC,MRO,Electric Utility,22,WT,421448.0,2020
59639,631 Owner Turbine,Philips Lightolier,59395,MA,NEW,NPCC,Industrial NAICS Non-Cogen,335,WT,416.0,2020
59654,Sendero,"Sendero Wind Energy, LLC",59428,TX,WSC,TRE,NAICS-22 Non-Cogen,22,WT,308979.0,2020
59655,Campbell County Wind Farm,Consolidated Edison Development Inc.,56769,SD,WNC,MRO,NAICS-22 Non-Cogen,22,WT,385857.0,2020
59684,"Lindahl Wind Project, LLC","Enel Green Power NA, Inc.",59380,ND,WNC,MRO,NAICS-22 Non-Cogen,22,WT,630540.0,2020
59692,NBC Field's Point Wind Farm,Narragansett Bay Commission,59463,RI,NEW,NPCC,Commercial NAICS Non-Cogen,22132,WT,7368.0,2020
59712,"San Roman Wind I, LLC","Acciona Energy USA Global, LLC",57416,TX,WSC,TRE,NAICS-22 Non-Cogen,22,WT,268675.0,2020
59724,Scituate Wind,Scituate Wind LLC,59493,MA,NEW,NPCC,NAICS-22 Non-Cogen,22,WT,3375.0,2020
59725,Fairhaven Wind,Fairhaven Wind LLC,59494,MA,NEW,NPCC,NAICS-22 Non-Cogen,22,WT,5804.0,2020
59732,Green Pastures Wind I,"Green Pastures Wind I, LLC",59501,TX,WSC,TRE,NAICS-22 Non-Cogen,22,WT,500969.0,2020
59733,Green Pastures Wind II,"Green Pastures Wind II, LLC",59502,TX,WSC,TRE,NAICS-22 Non-Cogen,22,WT,480763.0,2020
59734,Briscoe Wind Farm,Capital Dynamics,59503,TX,WSC,TRE,NAICS-22 Non-Cogen,22,WT,312271.0,2020
59735,Kirkwood Wind Turbine,Kirkwood Community College,59504,IA,WNC,MRO,NAICS-22 Non-Cogen,22,WT,2423.0,2020
59736,"Valentine Wind, LLC","Valentine Wind, LLC",59506,NE,WNC,MRO,NAICS-22 Non-Cogen,22,WT,6363.0,2020
59776,Heartland Community College,Heartland Community College,59543,IL,ENC,SERC,Commercial NAICS Non-Cogen,611,WT,4115.0,2020
59797,Bayonne MUA- Leitner-Poma Wind Turbine,"SUEZ North America, Inc",59568,NJ,MAT,RFC,NAICS-22 Non-Cogen,22,WT,15.0,2020
59817,Tooele Army Depot,Tooele Army Depot,59598,UT,MTN,WECC,NAICS-22 Non-Cogen,22,WT,2724.0,2020
59837,Slate Creek Wind Project LLC,"EDF Renewable Asset Holdings, Inc.",57170,KS,WNC,MRO,NAICS-22 Non-Cogen,22,WT,616241.0,2020
59838,Milo Wind Project LLC,"EDF Renewable Asset Holdings, Inc.",57170,NM,MTN,MRO,NAICS-22 Non-Cogen,22,WT,216646.0,2020
59888,CP Bloom Wind LLC,Capital Power Corporation,59365,KS,WNC,MRO,NAICS-22 Non-Cogen,22,WT,727651.0,2020
59902,Cardinal Point LLC,Capital Power Corporation,59365,IL,ENC,MRO,NAICS-22 Non-Cogen,22,WT,431002.0,2020
59903,New Frontier Wind,Capital Power Corporation,59365,ND,WNC,MRO,NAICS-22 Non-Cogen,22,WT,426535.0,2020
59943,Rattlesnake Den,SunEdison LLC,59139,TX,WSC,TRE,NAICS-22 Non-Cogen,22,WT,688790.04,2020
59953,Antrim Wind,Antrim Wind Energy LLC,59714,NH,NEW,NPCC,NAICS-22 Non-Cogen,22,WT,80222.0,2020
59965,Latigo Wind Park,"Sustainable Power Group, LLC",58661,UT,MTN,WECC,NAICS-22 Non-Cogen,22,WT,163084.0,2020
59968,"Desert Wind Farm, LLC",Avangrid Renewables LLC,15399,NC,SAT,SERC,NAICS-22 Non-Cogen,22,WT,546267.0,2020
59972,Bearkat,"Bearkat Wind Energy 1, LLC",63428,TX,WSC,TRE,NAICS-22 Non-Cogen,22,WT,683808.0,2020
59974,Golden West Power Partners LLC,"Golden West Power Partners, LLC",59729,CO,MTN,WECC,NAICS-22 Non-Cogen,22,WT,836444.0,2020
59975,Carousel Wind Farm LLC,"Carousel Wind Farm, LLC",59730,CO,MTN,WECC,NAICS-22 Non-Cogen,22,WT,656843.0,2020
60013,"Grant Wind, LLC",Southern Power Co,17650,OK,WSC,MRO,NAICS-22 Non-Cogen,22,WT,570084.0,2020
60015,Findlay Wind Farm,Findlay Wind Farm,59760,OH,ENC,RFC,Industrial NAICS Non-Cogen,326,WT,7682.0,2020
60049,Golden Hills Wind,"Golden Hills Wind, LLC",59780,CA,PACC,WECC,NAICS-22 Non-Cogen,22,WT,262660.0,2020
60059,Los Vientos V Wind Power,"Los Vientos Windpower V, LLC",59792,TX,WSC,TRE,NAICS-22 Non-Cogen,22,WT,355095.0,2020
60069,"Cedar Bluff Wind, LLC","Cedar Bluff Wind, LLC",59817,KS,WNC,MRO,NAICS-22 Non-Cogen,22,WT,866135.0,2020
60087,South Plains II,Onward Energy,60453,TX,WSC,TRE,NAICS-22 Non-Cogen,22,WT,1076693.0,2020
60088,Sunflower Wind Project,Onward Energy,60453,ND,WNC,MRO,NAICS-22 Non-Cogen,22,WT,464376.0,2020
60104,"Javelina Wind Energy, LLC","Javelina Wind Energy, LLC",59882,TX,WSC,TRE,NAICS-22 Non-Cogen,22,WT,945992.0,2020
60126,Harpster Wind,"OEE XVII, LLC",59899,OH,ENC,RFC,Commercial NAICS Non-Cogen,486,WT,3319.0,2020
60128,Zephyr Wind,"OEE XIX, LLC",59905,OH,ENC,RFC,Industrial NAICS Non-Cogen,332,WT,11111.0,2020
60132,New Creek Wind,"New Creek Wind, LLC",62967,WV,SAT,SERC,NAICS-22 Non-Cogen,22,WT,323582.0,2020
60143,Peak View Wind Farm,"Black Hills Colorado Electric, LLC",56146,CO,MTN,WECC,Electric Utility,22,WT,216916.0,2020
60145,"Broadview Energy JN, LLC",Pattern Operators LP,56545,NM,MTN,WECC,NAICS-22 Non-Cogen,22,WT,683441.0,2020
60152,"Broadview Energy KW, LLC",Pattern Operators LP,56545,NM,MTN,WECC,NAICS-22 Non-Cogen,22,WT,539610.0,2020
60210,Cotton Plains Wind Farm,"Cotton Plains Wind I, LLC",59979,TX,WSC,TRE,NAICS-22 Non-Cogen,22,WT,192419.0,2020
60217,Rocksprings,"Rocksprings Val Verde Wind, LLC",59999,TX,WSC,TRE,NAICS-22 Non-Cogen,22,WT,501709.0,2020
60218,Frontier Windpower,"Frontier Windpower, LLC",59998,OK,WSC,MRO,NAICS-22 Non-Cogen,22,WT,619887.0,2020
60256,Bluestem,"Bluestem Wind Energy, LLC",60044,OK,WSC,MRO,NAICS-22 Non-Cogen,22,WT,811876.0,2020
60259,"Pioneer Wind Park, LLC","Sustainable Power Group, LLC",58661,WY,MTN,WECC,NAICS-22 Non-Cogen,22,WT,292235.0,2020
60262,Prairie Breeze II,Invenergy Services LLC,49893,NE,WNC,MRO,NAICS-22 Non-Cogen,22,WT,310015.0,2020
60270,Blue Cloud Wind Energy LLC,RWE Renewables Americas LLC,56215,TX,WSC,MRO,NAICS-22 Non-Cogen,22,WT,612778.0,2020
60314,Prairie Breeze III,Invenergy Services LLC,49893,NE,WNC,MRO,NAICS-22 Non-Cogen,22,WT,143072.0,2020
60317,"Grady Wind Energy Center, LLC",Pattern Operators LP,56545,NM,MTN,WECC,NAICS-22 Non-Cogen,22,WT,833070.0,2020
60326,O'Brien Wind,MidAmerican Energy Co,12341,IA,WNC,MRO,Electric Utility,22,WT,803319.0,2020
60329,"Ringer Hill Wind Farm, LLC",Ringer Hill Wind LLC,62892,PA,MAT,RFC,NAICS-22 Non-Cogen,22,WT,113338.0,2020
60338,Electra Wind Farm,"Electra Wind, LLC",60128,TX,WSC,TRE,NAICS-22 Non-Cogen,22,WT,943059.0,2020
60339,Horse Creek Wind Farm,"Horse Creek Wind, LLC",60129,TX,WSC,TRE,NAICS-22 Non-Cogen,22,WT,875961.0,2020
60342,Ida Grove Wind,MidAmerican Energy Co,12341,IA,WNC,MRO,Electric Utility,22,WT,1069990.0,2020
60354,Brady II Wind Energy Center,"Brady Wind II, LLC",60149,ND,WNC,MRO,NAICS-22 Non-Cogen,22,WT,681994.0,2020
60355,Brady Wind Energy Center,"Brady Wind, LLC",60148,ND,WNC,MRO,NAICS-22 Non-Cogen,22,WT,695089.0,2020
60366,Old Settler Wind,"Old Settler Wind, LLC",60155,TX,WSC,TRE,NAICS-22 Non-Cogen,22,WT,513106.0,2020
60404,Pisgah Mountain Wind,"Pisgah Mountain, LLC",60207,ME,NEW,NPCC,NAICS-22 Non-Cogen,22,WT,30216.0,2020
60414,Bethel Wind Farm LLC,Southern Power Co,17650,TX,WSC,MRO,NAICS-22 Non-Cogen,22,WT,1225575.0,2020
60470,Paulding Wind Farm III,Paulding Wind Farm III LLC,60258,OH,ENC,RFC,NAICS-22 Non-Cogen,22,WT,295242.0,2020
60471,Green River Wind Farm,"Green River Wind Farm Phase 1, LLC",60259,IL,ENC,RFC,NAICS-22 Non-Cogen,22,WT,527641.0,2020
60486,Greenfield Wind - MT,Greenbacker Renewable Energy Corporation,60025,MT,MTN,WECC,NAICS-22 Non-Cogen,22,WT,89848.0,2020
60502,"Tyler Bluff Wind Project, LLC",Southern Power Co,17650,TX,WSC,TRE,NAICS-22 Non-Cogen,22,WT,395274.0,2020
60503,Crowned Ridge Wind Energy Center,"Crowned Ridge Wind, LLC",61416,SD,WNC,MRO,NAICS-22 Non-Cogen,22,WT,809563.0,2020
60504,Blazing Star Wind Farm 1,"Blazing Star Wind Farm, LLC",60289,MN,WNC,MRO,NAICS-22 Non-Cogen,22,WT,567195.0,2020
60505,Crocker Wind Farm,"Crocker Wind Farm, LLC",60290,SD,WNC,MRO,NAICS-22 Non-Cogen,22,WT,808736.0,2020
60541,Wind GEM,"Wind GEM, LLC",60302,IA,WNC,MRO,NAICS-22 Non-Cogen,22,WT,5107.0,2020
60545,"Grant Plains Wind, LLC",Southern Power Co,17650,OK,WSC,MRO,NAICS-22 Non-Cogen,22,WT,529449.0,2020
60551,Big Level Wind,Big Level Wind LLC,60328,PA,MAT,RFC,NAICS-22 Non-Cogen,22,WT,275299.0,2020
60574,"Great Western Wind Energy, LLC","EDF Renewable Asset Holdings, Inc.",57170,OK,WSC,MRO,NAICS-22 Non-Cogen,22,WT,994435.0,2020
60587,Kelly Creek Wind Project,"EDF Renewable Asset Holdings, Inc.",57170,IL,ENC,RFC,NAICS-22 Non-Cogen,22,WT,605088.0,2020
60592,Rush Springs Wind,Rush Springs Wind Project,60819,OK,WSC,MRO,NAICS-22 Non-Cogen,22,WT,953683.0,2020
60594,Voyager Wind I,Terra-Gen Operating Co-Wind,2770,CA,PACC,WECC,NAICS-22 Non-Cogen,22,WT,377298.0,2020
60619,Rush Creek Wind,Public Service Co of Colorado,15466,CO,MTN,WECC,Electric Utility,22,WT,2024321.0,2020
60620,"Ninnescah Wind Energy, LLC",Ninnescah Wind Energy LLC,60364,KS,WNC,MRO,NAICS-22 Non-Cogen,22,WT,860762.0,2020
60639,Kingman Wind,"Kingman Wind Energy, LLC",60371,KS,WNC,MRO,NAICS-22 Non-Cogen,22,WT,849031.0,2020
60645,"Javelina Wind Energy II, LLC","Javelina Wind Energy II, LLC",60384,TX,WSC,TRE,NAICS-22 Non-Cogen,22,WT,773696.0,2020
60655,Rock Creek Wind Project,"Enel Green Power NA, Inc.",59380,MO,WNC,MRO,NAICS-22 Non-Cogen,22,WT,1095104.0,2020
60657,"Salt Fork Wind Project, LLC",Southern Power Co,17650,TX,WSC,TRE,NAICS-22 Non-Cogen,22,WT,728864.0,2020
60672,Osborn Wind Energy,Osborn Wind Energy LLC,60397,MO,WNC,MRO,NAICS-22 Non-Cogen,22,WT,692442.0,2020
60687,"Cimarron Bend Wind Project I, LLC","Cimarron Bend Wind Project I, LLC",60406,KS,WNC,MRO,NAICS-22 Non-Cogen,22,WT,902476.0,2020
60688,"Cimarron Bend Wind Project II, LLC","Cimarron Bend Wind Project II, LLC",60407,KS,WNC,MRO,NAICS-22 Non-Cogen,22,WT,909258.0,2020
60689,Western Plains Wind Farm,"Evergy Kansas Central, Inc",22500,KS,WNC,MRO,Electric Utility,22,WT,1109690.0,2020
60700,Wind Colebrook South,Wind Colebrook South,60430,CT,NEW,NPCC,NAICS-22 Non-Cogen,22,WT,12184.0,2020
60743,"Rattlesnake Power, LLC","Rattlesnake Power, LLC",60443,TX,WSC,TRE,NAICS-22 Non-Cogen,22,WT,590975.38,2020
60856,Astra Wind Farm,Astra Wind LLC,60515,TX,WSC,TRE,NAICS-22 Non-Cogen,22,WT,439659.0,2020
60865,Equity Industrial Turbines,Equity Industrial Turbines,60521,MA,NEW,NPCC,NAICS-22 Non-Cogen,22,WT,8805.0,2020
60873,Prairie Wind Farm,MidAmerican Energy Co,12341,IA,WNC,MRO,Electric Utility,22,WT,527262.0,2020
60883,"Deerfield Wind Energy, LLC","Deerfield Wind Energy, LLC",60537,MI,ENC,RFC,NAICS-22 Non-Cogen,22,WT,541828.0,2020
60901,Willow Springs Wind Farm,"Willow Springs Windfarm, LLC",60542,TX,WSC,TRE,NAICS-22 Non-Cogen,22,WT,954121.0,2020
60902,Dermott Wind,"Dermott Wind, LLC",60543,TX,WSC,TRE,NAICS-22 Non-Cogen,22,WT,935030.0,2020
60905,"Oliver Wind III, LLC","Oliver Wind III, LLC",60562,ND,WNC,MRO,NAICS-22 Non-Cogen,22,WT,457141.0,2020
60911,Green Energy Machine,"Green Energy Machine, LLC",60567,IA,WNC,MRO,NAICS-22 Non-Cogen,22,WT,5761.0,2020
60931,CCC Hastings Wind Turbine,"CCC Hastings Renewable Energy, LLC",60578,NE,WNC,MRO,NAICS-22 Non-Cogen,22,WT,7891.0,2020
60932,Creston Ridge Wind Farm,"Creston Ridge, LLC",60577,NE,WNC,MRO,NAICS-22 Non-Cogen,22,WT,28854.0,2020
60983,Buckthorn Wind Project,"Buckthorn Wind Project, LLC",60617,TX,WSC,TRE,NAICS-22 Non-Cogen,22,WT,407341.0,2020
60987,Santa Rita Wind Energy,"BHE Renewables, LLC",59359,TX,WSC,TRE,NAICS-22 Non-Cogen,22,WT,1278385.0,2020
60991,Sterling I Wind Farm,AEM Wind LLC,60634,NM,MTN,MRO,NAICS-22 Non-Cogen,22,WT,137921.0,2020
60999,Reading Wind Project,Southern Power Co,17650,KS,WNC,MRO,NAICS-22 Non-Cogen,22,WT,364382.0,2020
61001,Cactus Flats Wind Energy Project,Southern Power Co,17650,TX,WSC,TRE,NAICS-22 Non-Cogen,22,WT,492806.0,2020
61002,"WED Portsmouth One, LLC","WED Portsmouth One, LLC",60621,RI,NEW,NPCC,NAICS-22 Non-Cogen,22,WT,5030.0,2020
61004,Whirlpool Corporation - Ottawa Wind Farm,OEE XXIV LLC,60644,OH,ENC,RFC,Industrial NAICS Non-Cogen,335,WT,4090.0,2020
61005,Whirlpool Corporation - Marion Wind Farm,OEE XXIII LLC,60645,OH,ENC,RFC,Industrial NAICS Non-Cogen,335,WT,9421.0,2020
61032,Heart of Texas Wind Project,Scout Clean Energy LLC,63074,TX,WSC,TRE,NAICS-22 Non-Cogen,22,WT,399282.0,2020
61039,Deerfield Wind LLC,Avangrid Renewables LLC,15399,VT,NEW,NPCC,NAICS-22 Non-Cogen,22,WT,104111.0,2020
61040,Twin Buttes II Wind,Avangrid Renewables LLC,15399,CO,MTN,WECC,NAICS-22 Non-Cogen,22,WT,338717.0,2020
61047,Coyote Ridge,Coyote Ridge LLC,63083,SD,WNC,MRO,NAICS-22 Non-Cogen,22,WT,438229.0,2020
61056,Seward Wind Farm,Seward Wind LLC,61275,NE,WNC,MRO,NAICS-22 Non-Cogen,22,WT,7767.0,2020
61066,Foundation CDCR LAC,"Foundation CA Fund VIII Manager, LLC",60690,CA,PACC,WECC,NAICS-22 Non-Cogen,22,WT,4320.0,2020
61067,Foundation Scheid Vineyards,"Foundation CA Fund VIII Manager, LLC",60690,CA,PACC,WECC,NAICS-22 Non-Cogen,22,WT,3742.0,2020
61070,Saratoga Wind Farm,Madison Gas & Electric Co,11479,IA,WNC,MRO,Electric Utility,22,WT,276639.0,2020
61077,Orient Wind Farm,MidAmerican Energy Co,12341,IA,WNC,MRO,Electric Utility,22,WT,1704075.0,2020
61079,Beaver Creek Wind,MidAmerican Energy Co,12341,IA,WNC,MRO,Electric Utility,22,WT,1252623.0,2020
61100,"Burke Wind, LLC",Burke Wind LLC,60714,ND,WNC,MRO,NAICS-22 Non-Cogen,22,WT,22262.0,2020
61106,Pine River Wind Park,DTE Electric Company,5109,MI,ENC,RFC,Electric Utility,22,WT,415654.0,2020
61155,Big Timber Wind Farm,Consolidated Edison Development Inc.,56769,MT,MTN,WECC,NAICS-22 Non-Cogen,22,WT,95098.0,2020
61161,Harvest Ridge  Wind Farm,Harvest Ridge Wind Farm,60719,IL,ENC,SERC,NAICS-22 Non-Cogen,22,WT,276482.0,2020
61212,Flat Top Wind I,"Flat Top Wind I, LLC",60844,TX,WSC,TRE,NAICS-22 Non-Cogen,22,WT,895343.0,2020
61221,Redbed Plains Wind Farm,Redbed Plains Wind Farm LLC,60859,OK,WSC,MRO,NAICS-22 Non-Cogen,22,WT,424691.0,2020
61222,Golden Hills North Wind Energy Center,"Golden Hills Interconnection Wind, LLC",60811,CA,PACC,WECC,NAICS-22 Non-Cogen,22,WT,164891.0,2020
61261,Rock Falls Wind Farm LLC,"EDF Renewable Asset Holdings, Inc.",57170,OK,WSC,MRO,NAICS-22 Non-Cogen,22,WT,559383.0,2020
61269,Thunder Ranch Wind Project,"Thunder Ranch Wind Project, LLC",60881,OK,WSC,MRO,NAICS-22 Non-Cogen,22,WT,1123991.0,2020
61270,Red Dirt Wind Project,"Red Dirt Wind Project, LLC",60882,OK,WSC,MRO,NAICS-22 Non-Cogen,22,WT,983898.0,2020
61303,Bluff Point Wind Facility,"Bluff Point Wind, LLC",60944,IN,ENC,RFC,NAICS-22 Non-Cogen,22,WT,370850.0,2020
61330,Hog Creek Wind Project,Hog Creek Wind Project LLC,60969,OH,ENC,RFC,NAICS-22 Non-Cogen,22,WT,200813.0,2020
61343,Karankawa Wind LLC,Avangrid Renewables LLC,15399,TX,WSC,TRE,NAICS-22 Non-Cogen,22,WT,994401.0,2020
61344,Otter Creek Wind Farm LLC,Avangrid Renewables LLC,15399,IL,ENC,RFC,NAICS-22 Non-Cogen,22,WT,388234.0,2020
61356,Valfilm Wind Project,OEE XXV LLC,60996,OH,ENC,RFC,Industrial NAICS Non-Cogen,325211,WT,7398.0,2020
61357,Red Pine Wind Project,"EDF Renewable Asset Holdings, Inc.",57170,MN,WNC,MRO,NAICS-22 Non-Cogen,22,WT,850472.0,2020
61402,Foard City Wind,"Foard City Wind, LLC",61037,TX,WSC,TRE,NAICS-22 Non-Cogen,22,WT,1302253.0,2020
61407,Cottonwood Wind Energy Center,Cottonwood Wind Project,61042,NE,WNC,MRO,NAICS-22 Non-Cogen,22,WT,432595.0,2020
61417,Gopher Creek Wind Farm,Fluvanna Wind Energy 2 LLC,61054,TX,WSC,TRE,NAICS-22 Non-Cogen,22,WT,647661.0,2020
61442,Foundation California Training Facility,"Foundation CA Fund IX Manager, LLC",61070,CA,PACC,WECC,NAICS-22 Non-Cogen,22,WT,5034.0,2020
61443,Foundation Mann Packing,"Foundation CA Fund IX Manager, LLC",61070,CA,PACC,WECC,NAICS-22 Non-Cogen,22,WT,5129.0,2020
61444,Foundation SaIinas Valley State Prison,"Foundation CA Fund IX Manager, LLC",61070,CA,PACC,WECC,NAICS-22 Non-Cogen,22,WT,4750.0,2020
61540,Fort Hays State University Wind Farm,Fort Hays State University,61149,KS,WNC,MRO,Commercial NAICS Non-Cogen,611,WT,15500.0,2020
61564,Upland Prairie,Interstate Power and Light Co,9417,IA,WNC,MRO,Electric Utility,22,WT,1040479.0,2020
61565,English Farms,Interstate Power and Light Co,9417,IA,WNC,MRO,Electric Utility,22,WT,596549.0,2020
61582,Voyager Wind II,Terra-Gen Operating Co-Wind,2770,CA,PACC,WECC,NAICS-22 Non-Cogen,22,WT,468982.0,2020
61583,Voyager Wind III,Terra-Gen Operating Co-Wind,2770,CA,PACC,WECC,NAICS-22 Non-Cogen,22,WT,136609.0,2020
61584,Voyager Wind IV,Terra-Gen Operating Co-Wind,2770,CA,PACC,WECC,NAICS-22 Non-Cogen,22,WT,71389.0,2020
61589,UL Advanced Wind Turbine Test Facility,West Texas A&M University,61188,TX,WSC,MRO,Commercial NAICS Non-Cogen,611,WT,10626.0,2020
61609,"Heartland Divide Wind Project, LLC","Heartland Divide Wind Project, LLC",61214,IA,WNC,MRO,NAICS-22 Non-Cogen,22,WT,451894.0,2020
61638,Turtle Creek Wind Farm LLC,Turtle Creek Wind Farm LLC,61330,IA,WNC,MRO,NAICS-22 Non-Cogen,22,WT,658627.0,2020
61644,August Wind Farm,"August Wind Energy, LLC",61254,IA,WNC,MRO,NAICS-22 Non-Cogen,22,WT,6967.0,2020
61660,Whirlpool Corp-Greenville Wind Farm,OEE XXVI LLC,61278,OH,ENC,RFC,NAICS-22 Non-Cogen,22,WT,10559.0,2020
61668,"Creston Ridge II, LLC","Creston Ridge II, LLC",61280,NE,WNC,MRO,NAICS-22 Non-Cogen,22,WT,31763.0,2020
61673,Arkwright Summit Wind Farm LLC,Arkwright Summit Wind Farm LLC,58261,NY,MAT,NPCC,NAICS-22 Non-Cogen,22,WT,255805.0,2020
61674,Wildcat Ranch Wind Project,"Wildcat Ranch Wind Project, LLC",61291,TX,WSC,MRO,NAICS-22 Non-Cogen,22,WT,709606.0,2020
61677,Perennial Windfarm,"Perennial Wind, LLC",61288,NE,WNC,MRO,NAICS-22 Non-Cogen,22,WT,34654.0,2020
61734,Seneca Nation Cattaraugus Wind Turbine,Seneca Nation,61363,NY,MAT,NPCC,Commercial NAICS Non-Cogen,441,WT,2977.0,2020
61735,Hilltopper Wind Project,"Hilltopper Wind Project, LLC",61365,IL,ENC,SERC,NAICS-22 Non-Cogen,22,WT,541912.0,2020
61745,Aurora County Wind,Consolidated Edison Development Inc.,56769,SD,WNC,MRO,NAICS-22 Non-Cogen,22,WT,81278.0,2020
61746,Brule County Wind,Consolidated Edison Development Inc.,56769,SD,WNC,MRO,NAICS-22 Non-Cogen,22,WT,77512.0,2020
61747,"Foxtail Wind, LLC","Foxtail Wind, LLC",61374,ND,WNC,MRO,Electric Utility,22,WT,614477.0,2020
61756,Meadow Lake Wind Farm VI LLC,Meadow Lake Wind Farm VI LLC,61381,IN,ENC,RFC,NAICS-22 Non-Cogen,22,WT,619719.0,2020
61773,"Palmas Wind, LLC","Acciona Energy USA Global, LLC",57416,TX,WSC,TRE,NAICS-22 Non-Cogen,22,WT,33515.0,2020
61775,Town of Otis Wind Energy Project,Town of Otis,61397,MA,NEW,NPCC,Commercial NAICS Non-Cogen,92,WT,3200.0,2020
61776,"Midway Wind, LLC","Midway Wind, LLC",61396,TX,WSC,TRE,NAICS-22 Non-Cogen,22,WT,492290.0,2020
61782,Live Oak Wind Project,Engie North America,56201,TX,WSC,TRE,NAICS-22 Non-Cogen,22,WT,817040.0,2020
61784,Upstream Wind Energy LLC,Invenergy Services LLC,49893,NE,WNC,MRO,NAICS-22 Non-Cogen,22,WT,867176.0,2020
61787,Bishop Hill III,Invenergy Services LLC,49893,IL,ENC,SERC,NAICS-22 Non-Cogen,22,WT,424170.0,2020
61788,Hilltop Power,"Hilltop Power, LLC",61415,MN,WNC,MRO,NAICS-22 Non-Cogen,22,WT,4429.0,2020
61789,"Diamond Vista Wind Project, LLC","Enel Green Power Diamond Vista Wind Project, LLC",61413,KS,WNC,MRO,NAICS-22 Non-Cogen,22,WT,1155477.0,2020
61836,"Minco Wind IV, LLC","Minco Wind IV, LLC",61458,OK,WSC,MRO,NAICS-22 Non-Cogen,22,WT,551036.0,2020
61848,"PYCO Industries, Inc. Wind Farm","PYCO Industries, Inc.",61470,TX,WSC,MRO,Industrial NAICS Non-Cogen,311,WT,7581.0,2020
61858,"Stillwater Wind, LLC",Pattern Operators LP,56545,MT,MTN,WECC,NAICS-22 Non-Cogen,22,WT,307316.0,2020
61865,"Rio Bravo Windpower, LLC","Rio Bravo Windpower, LLC",61485,TX,WSC,TRE,NAICS-22 Non-Cogen,22,WT,572757.0,2020
61866,Wildhorse Mountain Wind Facility,Southern Power Co,17650,OK,WSC,MRO,NAICS-22 Non-Cogen,22,WT,423527.0,2020
61876,"Persimmon Creek Wind Farm 1, LLC","Persimmon Creek Wind Farm 1, LLC",61495,OK,WSC,MRO,NAICS-22 Non-Cogen,22,WT,905174.0,2020
61889,Sholes Wind Energy Center,"Sholes Wind Energy Center, LLC",61502,NE,WNC,MRO,NAICS-22 Non-Cogen,22,WT,706943.0,2020
61911,Ivester Wind Farm,MidAmerican Energy Co,12341,IA,WNC,MRO,Electric Utility,22,WT,300749.0,2020
61916,Pegasus Wind,"Pegasus Wind, LLC",61521,MI,ENC,RFC,NAICS-22 Non-Cogen,22,WT,167311.0,2020
61921,Tahoka Wind,"Tahoka Wind, LLC",61527,TX,WSC,TRE,NAICS-22 Non-Cogen,22,WT,1254233.0,2020
61925,Casa Mesa Wind Energy Center Hybrid,"Casa Mesa Wind, LLC",61531,NM,MTN,WECC,NAICS-22 Non-Cogen,22,WT,187433.0,2020
61926,"Armadillo Flats Wind Project, LLC","Armadillo Flats Wind Project, LLC",61530,OK,WSC,MRO,NAICS-22 Non-Cogen,22,WT,968739.0,2020
61957,"Pratt Wind, LLC","Pratt Wind, LLC",61537,KS,WNC,MRO,NAICS-22 Non-Cogen,22,WT,1046380.0,2020
61969,"Torrecillas Wind Energy, LLC","Torrecillas Wind Energy, LLC",61562,TX,WSC,TRE,NAICS-22 Non-Cogen,22,WT,1141336.0,2020
61970,"Blue Summit II Wind, LLC","Blue Summit II Wind, LLC",61563,TX,WSC,TRE,NAICS-22 Non-Cogen,22,WT,390285.0,2020
61984,"Solomon Forks Wind Project, LLC",Engie North America,56201,KS,WNC,MRO,NAICS-22 Non-Cogen,22,WT,1175019.0,2020
61990,TAC-Distributed Energy Resource Hybrid,Ameren Illinois,61576,IL,ENC,SERC,Electric Utility,22,WT,132.0,2020
62035,Glaciers Edge Wind Project,"EDF Renewable Asset Holdings, Inc.",57170,IA,WNC,MRO,NAICS-22 Non-Cogen,22,WT,796222.0,2020
62038,Santa Rita East,Invenergy Services LLC,49893,TX,WSC,TRE,NAICS-22 Non-Cogen,22,WT,1262742.0,2020
62079,Whispering Willow North,Interstate Power and Light Co,9417,IA,WNC,MRO,Electric Utility,22,WT,812082.0,2020
62080,Richland,Interstate Power and Light Co,9417,IA,WNC,MRO,Electric Utility,22,WT,163519.0,2020
62081,Golden Plains,Interstate Power and Light Co,9417,IA,WNC,MRO,Electric Utility,22,WT,582452.0,2020
62103,Kossuth,Wisconsin Power & Light Co,20856,IA,WNC,MRO,Electric Utility,22,WT,147472.0,2020
62106,"WED Green Hill, LLC","WED Green Hill, LLC",61648,RI,NEW,NPCC,NAICS-22 Non-Cogen,22,WT,6433.0,2020
62107,"WED Plainfield II, LLC","WED Plainfield II, LLC",61649,RI,NEW,NPCC,NAICS-22 Non-Cogen,22,WT,6747.0,2020
62108,"WED Plainfield III, LLC","WED Plainfield III, LLC",61650,RI,NEW,NPCC,NAICS-22 Non-Cogen,22,WT,6395.0,2020
62109,"WED Plainfield, LLC","WED Plainfield, LLC",61651,RI,NEW,NPCC,NAICS-22 Non-Cogen,22,WT,6788.0,2020
62110,"WED Shun I, LLC","WED Shun I, LLC",61652,RI,NEW,NPCC,NAICS-22 Non-Cogen,22,WT,7697.0,2020
62111,"WED Shun II, LLC","WED Shun II, LLC",61653,RI,NEW,NPCC,NAICS-22 Non-Cogen,22,WT,6998.0,2020
62112,"WED Shun III, LLC","WED Shun III, LLC",61654,RI,NEW,NPCC,NAICS-22 Non-Cogen,22,WT,7113.0,2020
62130,Roseman,"Roseman Energy, LLC",61676,IA,WNC,MRO,NAICS-22 Non-Cogen,22,WT,7092.0,2020
62132,Arbor Hill Wind Farm,MidAmerican Energy Co,12341,IA,WNC,MRO,Electric Utility,22,WT,1060503.0,2020
62133,North English,MidAmerican Energy Co,12341,IA,WNC,MRO,Electric Utility,22,WT,1250166.0,2020
62142,Amadeus Wind Farm,Amadeus Wind LLC,61683,TX,WSC,TRE,NAICS-22 Non-Cogen,22,WT,68784.0,2020
62161,Galactic Wind,Galactic Wind,61667,WI,ENC,MRO,Commercial NAICS Non-Cogen,519,WT,21227.0,2020
62172,Birch,Birch Power LLC,61706,IA,WNC,MRO,NAICS-22 Non-Cogen,22,WT,6844.0,2020
62220,"East Fork Wind Project, LLC",Engie North America,56201,KS,WNC,MRO,NAICS-22 Non-Cogen,22,WT,600342.0,2020
62227,"Seymour Hills Wind Project, LLC",Engie North America,56201,TX,WSC,TRE,NAICS-22 Non-Cogen,22,WT,148388.0,2020
62247,Prevailing Wind Park,AES Distributed Energy,61012,SD,WNC,MRO,NAICS-22 Non-Cogen,22,WT,553034.42,2020
62258,Mesteno,Mesteno Wind,61770,TX,WSC,TRE,NAICS-22 Non-Cogen,22,WT,460399.0,2020
62259,Ranchero Wind Farm LLC,Ranchero Wind Farm LLC,61771,TX,WSC,TRE,NAICS-22 Non-Cogen,22,WT,1286943.0,2020
62269,"Stoneray Power Partners, LLC","EDF Renewable Asset Holdings, Inc.",57170,MN,WNC,MRO,NAICS-22 Non-Cogen,22,WT,388904.0,2020
62290,Polaris Wind Park,DTE Electric Company,5109,MI,ENC,RFC,Electric Utility,22,WT,301028.0,2020
62291,"Palmer's Creek Wind Farm, LLC","Palmer's Creek Wind Farm, LLC",61815,MN,WNC,MRO,NAICS-22 Non-Cogen,22,WT,141079.0,2020
62333,"Polk County Renewables, LLC","Polk County Renewables, LLC",61845,NE,WNC,MRO,NAICS-22 Non-Cogen,22,WT,12180.0,2020
62356,Lockett Windfarm,"Lockett Windfarm, LLC",61886,TX,WSC,TRE,NAICS-22 Non-Cogen,22,WT,742123.0,2020
62364,Nobles 2 Wind Project,"Nobles 2 Power Partners, LLC",61890,MN,WNC,MRO,NAICS-22 Non-Cogen,22,WT,81879.0,2020
62380,"Emmons-Logan Wind, LLC","Emmons-Logan Wind, LLC",61915,ND,WNC,MRO,NAICS-22 Non-Cogen,22,WT,879469.0,2020
62417,Peyton Creek Wind Farm LLC,RWE Renewables Americas LLC,56215,TX,WSC,TRE,NAICS-22 Non-Cogen,22,WT,205583.0,2020
62431,Willow Creek Wind Power LLC,Willow Creek Wind Power LLC,61981,SD,WNC,MRO,NAICS-22 Non-Cogen,22,WT,118495.0,2020
62442,"Lake Region Community Hybrid, LLC","Lake Region Community Hybrid, LLC",61893,MN,WNC,MRO,NAICS-22 Non-Cogen,22,WT,8319.0,2020
62445,Busch Ranch II Wind Farm,Black Hills Electric Generation LLC,61973,CO,MTN,WECC,NAICS-22 Non-Cogen,22,WT,179137.0,2020
62478,North Fork Ridge Wind Energy Center,Empire District Electric Co,5860,MO,WNC,MRO,Electric Utility,22,WT,154.0,2020
62482,Beech Ridge II Wind Energy Center,Southern Power Co,17650,WV,SAT,RFC,NAICS-22 Non-Cogen,22,WT,109774.0,2020
62488,Prairie Queen Wind Farm,Prairie Queen Wind Farm LLC,62010,KS,WNC,MRO,NAICS-22 Non-Cogen,22,WT,632795.0,2020
62494,Skeleton Creek Energy Center Hybrid,Skeleton Creek Energy Center,62023,OK,WSC,MRO,NAICS-22 Non-Cogen,22,WT,54008.0,2020
62562,"High Lonesome Wind Power, LLC Hybrid","High Lonesome Wind Power, LLC",62046,TX,WSC,TRE,NAICS-22 Non-Cogen,22,WT,461210.0,2020
62563,High Prairie Wind Farm,Union Electric Co - (MO),19436,MO,WNC,SERC,Electric Utility,22,WT,60083.0,2020
62566,Blue Summit III Wind,"Blue Summit III Wind, LLC",62063,TX,WSC,TRE,NAICS-22 Non-Cogen,22,WT,811273.0,2020
62570,Jiminy Peak Wind QF,"Jiminy Peak Mountain Resort, LLC",62069,MA,NEW,NPCC,NAICS-22 Non-Cogen,22,WT,2.0,2020
62587,Mesquite Star,Mesquite Star LLC,62085,TX,WSC,TRE,NAICS-22 Non-Cogen,22,WT,799789.0,2020
62591,Ekola Flats,PacifiCorp,14354,WY,MTN,WECC,Electric Utility,22,WT,65569.0,2020
62606,Whitney Hill Wind Power LLC,Whitney Hill Wind Power LLC,62103,IL,ENC,SERC,NAICS-22 Non-Cogen,22,WT,188920.0,2020
62618,Hidalgo Wind Farm II,Hidalgo Wind Farm II LLC,62106,TX,WSC,TRE,NAICS-22 Non-Cogen,22,WT,108087.0,2020
62620,Sage Draw Wind,"Sage Draw Wind, LLC",62113,TX,WSC,TRE,NAICS-22 Non-Cogen,22,WT,965397.0,2020
62624,"White Cloud Wind Project, LLC","White Cloud Wind Project, LLC",62079,MO,WNC,MRO,NAICS-22 Non-Cogen,22,WT,61733.0,2020
62630,Jumbo Hill Wind Project,Engie North America,56201,TX,WSC,TRE,NAICS-22 Non-Cogen,22,WT,479481.0,2020
62642,GE-Lubbock,GE Wind Energy LLC,58270,TX,WSC,MRO,NAICS-22 Non-Cogen,22,WT,4.0,2020
62653,Zephyr Wind Project - 2.0,OEE XXX LLC,62128,OH,ENC,RFC,Industrial NAICS Non-Cogen,332,WT,4567.0,2020
62711,Plum Creek Wind Project (NE),"Plum Creek Wind, LLC",62633,NE,WNC,MRO,NAICS-22 Non-Cogen,22,WT,488143.0,2020
62736,Harbec Energy,Harbec Energy,62657,NY,MAT,NPCC,Industrial NAICS Cogen,326,WT,539.0,2020
62745,Wheatridge Hybrid,"Wheatridge Wind Holdings, LLC",62668,OR,PACC,WECC,NAICS-22 Non-Cogen,22,WT,93026.0,2020
62752,LafargeHolcim - Paulding Wind Project,OEE XXVIII LLC,62644,OH,ENC,RFC,Industrial NAICS Non-Cogen,32731,WT,4689.0,2020
62765,El Campo Wind,Longroad Energy Services LLC,61219,TX,WSC,TRE,NAICS-22 Non-Cogen,22,WT,78358.0,2020
62782,Pembina Land Port of Entry Wind Turbine,General Services Administration - Region 8,62645,ND,WNC,MRO,Commercial NAICS Non-Cogen,921,WT,366.0,2020
62795,Ida Grove II,MidAmerican Energy Co,12341,IA,WNC,MRO,Electric Utility,22,WT,754181.0,2020
62840,"Mountain Breeze Wind, LLC","Mountain Breeze Wind, LLC",62726,CO,MTN,WECC,NAICS-22 Non-Cogen,22,WT,161119.0,2020
62871,Boiling Springs Wind Farm,RWE Renewables Americas LLC,56215,OK,WSC,MRO,NAICS-22 Non-Cogen,22,WT,20031.0,2020
62891,Rosewater Wind Farm,Rosewater Wind Farm LLC,62761,IN,ENC,RFC,NAICS-22 Non-Cogen,22,WT,23147.0,2020
62897,Holiday Hill Community Wind,Greenbacker Renewable Energy Corporation,60025,MA,NEW,NPCC,NAICS-22 Non-Cogen,22,WT,10354.0,2020
62935,"Orchard Windfarm 1, LLC","Orchard Windfarm, LLC",62758,OR,PACC,WECC,NAICS-22 Non-Cogen,22,WT,172.0,2020
62936,Rattlesnake Flat,"Rattlesnake Flat, LLC",62778,WA,PACC,WECC,NAICS-22 Non-Cogen,22,WT,3182.0,2020
62938,Glen Ullin Energy Center,Allete Clean Energy,59496,ND,WNC,MRO,NAICS-22 Non-Cogen,22,WT,441705.0,2020
62939,South Peak Wind,Allete Clean Energy,59496,MT,MTN,WECC,NAICS-22 Non-Cogen,22,WT,239455.0,2020
62944,Timber Road IV,Paulding Wind Farm IV LLC,62796,OH,ENC,RFC,NAICS-22 Non-Cogen,22,WT,302695.0,2020
62952,Cheyenne Ridge Wind Farm,Public Service Co of Colorado,15466,CO,MTN,WECC,Electric Utility,22,WT,593134.0,2020
63025,Clear Creek Wind,"Clear Creek Wind, LLC",62855,MO,WNC,MRO,NAICS-22 Non-Cogen,22,WT,509032.0,2020
63030,"Canadian Breaks, LLC",RWE Renewables Americas LLC,56215,TX,WSC,TRE,NAICS-22 Non-Cogen,22,WT,828995.0,2020
63053,Palo Alto Wind Farm,MidAmerican Energy Co,12341,IA,WNC,MRO,Electric Utility,22,WT,965577.0,2020
63100,Prairie Hill Wind Project,Engie North America,56201,TX,WSC,TRE,NAICS-22 Non-Cogen,22,WT,20438.0,2020
63101,Las Lomas Wind Project,Engie North America,56201,TX,WSC,TRE,NAICS-22 Non-Cogen,22,WT,5249.0,2020
63103,Triple H Wind Project,Engie North America,56201,SD,WNC,MRO,NAICS-22 Non-Cogen,22,WT,119209.0,2020
63104,King Plains Wind Project,Engie North America,56201,OK,WSC,MRO,NAICS-22 Non-Cogen,22,WT,99343.0,2020
63114,Mohave County Wind Farm,Mohave County Wind Farm,62916,AZ,MTN,WECC,NAICS-22 Non-Cogen,22,WT,111279.0,2020
63132,Weaver Wind,Longroad Energy Services LLC,61219,ME,NEW,NPCC,NAICS-22 Non-Cogen,22,WT,13615.0,2020
63133,Roundhouse Wind Energy Project,"Roundhouse Renewable Energy, LLC",62913,WY,MTN,WECC,Industrial NAICS Non-Cogen,112,WT,513347.0,2020
63205,Skookumchuck Wind Facility,Southern Power Co,17650,WA,PACC,WECC,NAICS-22 Non-Cogen,22,WT,76352.0,2020
63251,"Lone Tree Wind, LLC","Leeward Asset Management, LLC",50123,IL,ENC,RFC,NAICS-22 Non-Cogen,22,WT,25004.0,2020
63258,Aurora Wind Project,"Aurora Wind Project, LLC",63021,ND,WNC,MRO,NAICS-22 Non-Cogen,22,WT,26419.0,2020
63269,Crowned Ridge Wind II Energy Center,Northern States Power Co - Minnesota,13781,SD,WNC,MRO,Electric Utility,22,WT,43763.0,2020
63287,Cerro Gordo Wind Farm,Cerro Gordo Wind Farm,63072,IA,WNC,MRO,NAICS-22 Non-Cogen,22,WT,79296.0,2020
63327,"Diamond Spring, LLC",Allete Clean Energy,59496,OK,WSC,MRO,NAICS-22 Non-Cogen,22,WT,177422.0,2020
63389,"Jordan Creek Wind Farm, LLC","Jordan Creek Wind Farm, LLC",63128,IN,ENC,RFC,NAICS-22 Non-Cogen,22,WT,109175.0,2020
63393,"Cuming County Renewables, LLC",Cuming County Renewables. LLC,63124,NE,WNC,MRO,NAICS-22 Non-Cogen,22,WT,12475.0,2020
63431,Cisco,Allete Clean Energy,59496,MN,WNC,MRO,NAICS-22 Non-Cogen,22,WT,16917.0,2020
63432,Lincoln Heights I,Allete Clean Energy,59496,MN,WNC,MRO,NAICS-22 Non-Cogen,22,WT,11816.0,2020
63433,Lincoln Heights II,Allete Clean Energy,59496,MN,WNC,MRO,NAICS-22 Non-Cogen,22,WT,10528.0,2020
63436,Corriedale Wind Energy,Black Hills Service Company LLC,56771,WY,MTN,WECC,Electric Utility,22,WT,37079.0,2020
63460,"Rock County Wind Fuel, LLC","Rock County Wind Fuel, LLC",63189,MN,WNC,MRO,NAICS-22 Non-Cogen,22,WT,11750.0,2020
63521,CED Mason City Wind,Consolidated Edison Development Inc.,56769,IA,WNC,MRO,NAICS-22 Non-Cogen,22,WT,19359.0,2020
63578,Sagamore Wind,Southwestern Public Service Co,17718,NM,MTN,MRO,Electric Utility,22,WT,0.0,2020
63590,Ponderosa Wind Energy Center,"Ponderosa Wind, LLC",63299,OK,WSC,MRO,NAICS-22 Non-Cogen,22,WT,72607.0,2020
63639,Contrail Wind Farm,MidAmerican Energy Co,12341,IA,WNC,MRO,Electric Utility,22,WT,25981.0,2020
63641,Diamond Trail Wind Farm,MidAmerican Energy Co,12341,IA,WNC,MRO,Electric Utility,22,WT,45248.0,2020
63666,"Bitter Ridge Wind Farm, LLC","Bitter Ridge Wind Farm, LLC",63373,IN,ENC,RFC,NAICS-22 Non-Cogen,22,WT,111768.0,2020
63687,Gratiot Farms Wind Project,Consumers Energy Co,4254,MI,ENC,RFC,Electric Utility,22,WT,38056.0,2020
63689,Red Lake Falls Community Hybrid,Consolidated Edison Development Inc.,56769,MN,WNC,MRO,NAICS-22 Non-Cogen,22,WT,0.0,2020
63803,"Bronco Plains Wind, LLC","Bronco Plains Wind, LLC",63487,CO,MTN,WECC,NAICS-22 Non-Cogen,22,WT,658321.0,2020
63914,Cedar Springs I,"Cedar Springs Wind, LLC",63580,WY,MTN,WECC,NAICS-22 Non-Cogen,22,WT,146407.0,2020
63915,Cedar Springs II,PacifiCorp,14354,WY,MTN,WECC,Electric Utility,22,WT,116063.0,2020
63916,Cedar Springs III,"Cedar Springs Wind III, LLC",63582,WY,MTN,WECC,NAICS-22 Non-Cogen,22,WT,46215.0,2020
63988,Blooming Grove Wind Energy Center,Invenergy Services LLC,49893,IL,ENC,SERC,NAICS-22 Non-Cogen,22,WT,74734.0,2020
64051,"Orchard Windfarm 2, LLC","Orchard Windfarm, LLC",62758,OR,PACC,WECC,NAICS-22 Non-Cogen,22,WT,184.0,2020
64052,"Orchard Windfarm 3, LLC","Orchard Windfarm, LLC",62758,OR,PACC,WECC,NAICS-22 Non-Cogen,22,WT,161.0,2020
64053,"Orchard Windfarm 4, LLC","Orchard Windfarm, LLC",62758,OR,PACC,WECC,NAICS-22 Non-Cogen,22,WT,59.0,2020
64057,Wheatridge 1,Portland General Electric Co,15248,OR,PACC,WECC,Electric Utility,22,WT,16207.0,2020
64074,Cimarron Bend III,"Enel Kansas, LLC",61372,KS,WNC,MRO,NAICS-22 Non-Cogen,22,WT,52458.0,2020
64130,"REG Juhl Glenville Wind, LLC","REG Juhl Glenville Wind, LLC",63761,MN,WNC,MRO,NAICS-22 Non-Cogen,22,WT,174.0,2020
64309,Soldier Creek Wind,Soldier Creek Wind LLC,63887,KS,WNC,MRO,NAICS-22 Non-Cogen,22,WT,127214.0,2020
64332,Two Dot Wind Broadview East LLC,Two Dot Wind Broadview East LLC,63903,MT,MTN,WECC,NAICS-22 Non-Cogen,22,WT,5166.0,2020
64377,Milligan 1 Wind Farm,"Milligan 1 Wind, LLC",63993,NE,WNC,MRO,NAICS-22 Non-Cogen,22,WT,40383.29,2020
99999,State-Fuel Level Increment,State-Fuel Level Increment,99999,MN,WNC,,NAICS-22 Non-Cogen,99999,WT,3352.708,2020
99999,State-Fuel Level Increment,State-Fuel Level Increment,99999,HI,PACN,,NAICS-22 Non-Cogen,99999,WT,9778.733,2020
99999,State-Fuel Level Increment,State-Fuel Level Increment,99999,WA,PACC,,Electric Utility,99999,WT,35293.942,2020
99999,State-Fuel Level Increment,State-Fuel Level Increment,99999,NV,MTN,,NAICS-22 Non-Cogen,99999,WT,31811.979,2020
99999,State-Fuel Level Increment,State-Fuel Level Increment,99999,MD,SAT,,NAICS-22 Non-Cogen,99999,WT,8674.526,2020
99999,State-Fuel Level Increment,State-Fuel Level Increment,99999,NH,NEW,,NAICS-22 Non-Cogen,99999,WT,9605.242,2020
99999,State-Fuel Level Increment,State-Fuel Level Increment,99999,MA,NEW,,Commercial NAICS Non-Cogen,99999,WT,794.787,2020
99999,State-Fuel Level Increment,State-Fuel Level Increment,99999,ID,MTN,,NAICS-22 Non-Cogen,99999,WT,4472.169,2020
1,Sand Point,"TDX Sand Point Generating, LLC",63560,AK,PACN,,Electric Utility,22,WT,134.0,2021
90,Snake River,Nome Joint Utility Systems,13642,AK,PACN,,Electric Utility,22,WT,2130.0,2021
508,Lamar Plant,City of Lamar - (CO),10633,CO,MTN,WECC,Electric Utility,22,WT,12744.0,2021
692,Medicine Bow,SRIV Partnership LLC,62042,WY,MTN,WECC,NAICS-22 Non-Cogen,22,WT,18094.0,2021
944,Geneseo,City of Geneseo - (IL),7095,IL,ENC,MRO,Electric Utility,22,WT,6159.0,2021
1172,Osage (IA),City of Osage - (IA),14201,IA,WNC,MRO,Electric Utility,22,WT,4206.0,2021
1998,Mountain Lake,City of Mountain Lake - (MN),13048,MN,WNC,MRO,Electric Utility,22,WT,2710.0,2021
2022,Willmar,Willmar Municipal Utilities,20737,MN,WNC,MRO,Electric Utility,22,WT,5832.0,2021
2024,Worthington,City of Worthington - (MN),21013,MN,WNC,MRO,Electric Utility,22,WT,10736.0,2021
2240,Lon Wright,City of Fremont - (NE),6779,NE,WNC,MRO,Electric Utility,22,WT,0.0,2021
6304,Kotzebue Hybrid,Kotzebue Electric Assn Inc,10451,AK,PACN,,Electric Utility,22,WT,2649.0,2021
7381,Searsburg Wind Turbine,Green Mountain Power Corp,7601,VT,NEW,NPCC,Electric Utility,22,WT,10970.0,2021
7501,Princeton Wind Farm,Town of Princeton - (MA),15371,MA,NEW,NPCC,Electric Utility,22,WT,3919.0,2021
7526,Solano Wind,Sacramento Municipal Util Dist,16534,CA,PACC,WECC,Electric Utility,22,WT,657555.0,2021
7771,Springview,Bluestem LLC,58190,NE,WNC,MRO,NAICS-22 Non-Cogen,22,WT,9736.0,2021
7855,Moorhead Wind Turbine,City of Moorhead - (MN),12894,MN,WNC,MRO,Electric Utility,22,WT,1383.0,2021
7886,Wind Turbine,Madison Gas & Electric Co,11479,WI,ENC,MRO,Electric Utility,22,WT,14911.0,2021
7927,Buffalo Mountain,Tennessee Valley Authority,18642,TN,ESC,SERC,Electric Utility,22,WT,0.0,2021
7936,Nine Canyon,Energy Northwest,20160,WA,PACC,WECC,Electric Utility,22,WT,243643.0,2021
7965,Salt Valley Wind Plant,Lincoln Electric System,11018,NE,WNC,MRO,Electric Utility,22,WT,2244.0,2021
7966,Iowa Distributed Wind Generation Project,City of Algona - (IA),309,IA,WNC,MRO,Electric Utility,22,WT,4739.0,2021
7974,Chamberlain Wind Project,Basin Electric Power Coop,1307,SD,WNC,MRO,Electric Utility,22,WT,589.0,2021
10005,Dinosaur Point,International Turbine Res Inc,9397,CA,PACC,WECC,NAICS-22 Non-Cogen,22,WT,14693.0,2021
10191,Tehachapi Wind Resource I,CalWind Resources Inc,2719,CA,PACC,WECC,NAICS-22 Non-Cogen,22,WT,15163.0,2021
10586,Cameron Ridge LLC,Terra-Gen Operating Co-Wind,2770,CA,PACC,WECC,NAICS-22 Non-Cogen,22,WT,171680.0,2021
10597,Ridgetop Energy LLC,Terra-Gen Operating Co-Wind,2770,CA,PACC,WECC,NAICS-22 Non-Cogen,22,WT,42510.0,2021
10718,Karen Avenue Wind Farm,San Gorgonio Farms Inc,16630,CA,PACC,WECC,NAICS-22 Non-Cogen,22,WT,30500.0,2021
10823,Deer Island Treatment Plant,Massachusetts Wtr Rauth-Deer I,11427,MA,NEW,NPCC,Commercial NAICS Cogen,22132,WT,1469.16,2021
50276,Wintec Energy Ltd,Wintec Energy Ltd,20707,CA,PACC,WECC,NAICS-22 Non-Cogen,22,WT,81.0,2021
50281,San Gorgonio Farms Wind Farm,San Gorgonio Farms Inc,16630,CA,PACC,WECC,NAICS-22 Non-Cogen,22,WT,77280.0,2021
50532,Victory Garden (Tehachapi),Wind Stream Operations LLC,56899,CA,PACC,WECC,NAICS-22 Non-Cogen,22,WT,23445.0,2021
50533,Painted Hills Wind Park,"Painted Hills Wind Holdings, LLC",63880,CA,PACC,WECC,NAICS-22 Non-Cogen,22,WT,117697.0,2021
50535,Mesa Wind Power LLC,Brookfield Renewable Trading and Marketing LP,63235,CA,PACC,WECC,NAICS-22 Non-Cogen,22,WT,0.0,2021
50536,Sky River Wind Energy Center,Sky River Wind LLC,64156,CA,PACC,WECC,NAICS-22 Non-Cogen,22,WT,41805.0,2021
50552,GPS Cabazon Wind LLC,Huntsman Wind,64407,CA,PACC,WECC,NAICS-22 Non-Cogen,22,WT,42473.0,2021
50553,Edom Hills Project 1 LLC,"Red Marlin Wind Ventures, LLC",61208,CA,PACC,WECC,NAICS-22 Non-Cogen,22,WT,25666.0,2021
50690,San Gorgonio Westwinds II LLC,Terra-Gen Operating Co-Wind,2770,CA,PACC,WECC,NAICS-22 Non-Cogen,22,WT,132842.0,2021
50754,Oak Creek Energy Systems I,Terra-Gen Operating Co-Wind,2770,CA,PACC,WECC,NAICS-22 Non-Cogen,22,WT,68348.0,2021
50820,East Winds Project,Terra-Gen Operating Co-Wind,2770,CA,PACC,WECC,NAICS-22 Non-Cogen,22,WT,5949.0,2021
50821,Mojave 16/17/18,Terra-Gen Operating Co-Wind,2770,CA,PACC,WECC,NAICS-22 Non-Cogen,22,WT,94836.0,2021
52142,Mojave 3/4/5,Terra-Gen Operating Co-Wind,2770,CA,PACC,WECC,NAICS-22 Non-Cogen,22,WT,116287.0,2021
52162,85 A,Wind Wall 1 LLC,64311,CA,PACC,WECC,NAICS-22 Non-Cogen,22,WT,53595.63,2021
52163,85 B,Wind Wall 1 LLC,64311,CA,PACC,WECC,NAICS-22 Non-Cogen,22,WT,70905.78,2021
54298,Coram Energy LLC (ECT),Brookfield Renewable Trading and Marketing LP,63235,CA,PACC,WECC,NAICS-22 Non-Cogen,22,WT,19184.0,2021
54299,Coram Energy LLC,Brookfield Renewable Trading and Marketing LP,63235,CA,PACC,WECC,NAICS-22 Non-Cogen,22,WT,6952.0,2021
54300,CTV Power Purchase Contract Trust,Brookfield Renewable Trading and Marketing LP,63235,CA,PACC,WECC,NAICS-22 Non-Cogen,22,WT,6832.0,2021
54453,EDF Renewable Windfarm V Inc,"EDF Renewable Asset Holdings, Inc.",57170,CA,PACC,WECC,NAICS-22 Non-Cogen,22,WT,24288.0,2021
54454,San Gorgonio Windplant WPP1993,"FPL Energy Operating Services, Inc.",49963,CA,PACC,WECC,NAICS-22 Non-Cogen,22,WT,183137.0,2021
54647,TPC Windfarms LLC,Terra-Gen Operating Co-Wind,2770,CA,PACC,WECC,NAICS-22 Non-Cogen,22,WT,55819.0,2021
54686,Difwind Farms Ltd VI,Terra-Gen Operating Co-Wind,2770,CA,PACC,WECC,NAICS-22 Non-Cogen,22,WT,27921.0,2021
54750,Coram Tehachapi,Brookfield Renewable Trading and Marketing LP,63235,CA,PACC,WECC,NAICS-22 Non-Cogen,22,WT,7895.0,2021
54793,Storm Lake 1,Allete Clean Energy,59496,IA,WNC,MRO,NAICS-22 Non-Cogen,22,WT,98349.0,2021
54909,Tehachapi Wind Resource II,CalWind Resources Inc,2719,CA,PACC,WECC,NAICS-22 Non-Cogen,22,WT,48827.0,2021
54931,Ridgetop,Terra-Gen Operating Co-Wind,2770,CA,PACC,WECC,NAICS-22 Non-Cogen,22,WT,151800.0,2021
54979,Big Spring Wind Power Facility,Terra-Gen Operating Co-Wind,2770,TX,WSC,TRE,NAICS-22 Non-Cogen,22,WT,60644.0,2021
55125,Vansycle,ESI Vansycle Partners LP,6017,OR,PACC,WECC,NAICS-22 Non-Cogen,22,WT,68658.0,2021
55208,Lake Benton I,Allete Clean Energy,59496,MN,WNC,MRO,NAICS-22 Non-Cogen,22,WT,237212.0,2021
55265,Lake Benton II,Northern States Power Co - Minnesota,13781,MN,WNC,MRO,Electric Utility,22,WT,440862.0,2021
55287,Storm Lake II,Allete Clean Energy,59496,IA,WNC,MRO,NAICS-22 Non-Cogen,22,WT,153814.0,2021
55342,Woodstock Windfarm,Consolidated Edison Development Inc.,56769,MN,WNC,MRO,NAICS-22 Non-Cogen,22,WT,33983.0,2021
55353,Lakota Ridge LLC,Longroad Energy Services LLC,61219,MN,WNC,MRO,NAICS-22 Non-Cogen,22,WT,16412.0,2021
55354,Shaokatan Hills LLC,Longroad Energy Services LLC,61219,MN,WNC,MRO,NAICS-22 Non-Cogen,22,WT,30671.0,2021
55368,Wethersfield Wind Farm,CHI Energy Inc,34688,NY,MAT,NPCC,NAICS-22 Non-Cogen,22,WT,1686.0,2021
55396,Green Power I,FPL Energy Green Power,49750,CA,PACC,WECC,NAICS-22 Non-Cogen,22,WT,5917.0,2021
55560,FPL Energy Vansycle LLC (WA),FPL Energy Vansycle LLC,6607,WA,PACC,WECC,NAICS-22 Non-Cogen,22,WT,179237.0,2021
55561,Tsar Nicholas LLC,CHI Operations Inc,54725,MN,WNC,MRO,NAICS-22 Non-Cogen,22,WT,4476.0,2021
55562,Sun River LLC,CHI Operations Inc,54725,MN,WNC,MRO,NAICS-22 Non-Cogen,22,WT,4476.0,2021
55563,Julia Hills LLC,CHI Operations Inc,54725,MN,WNC,MRO,NAICS-22 Non-Cogen,22,WT,4476.0,2021
55564,Jessica Mills LLC,CHI Operations Inc,54725,MN,WNC,MRO,NAICS-22 Non-Cogen,22,WT,4476.0,2021
55565,Jack River LLC,CHI Operations Inc,54725,MN,WNC,MRO,NAICS-22 Non-Cogen,22,WT,4476.0,2021
55566,Autumn Hills LLC,CHI Operations Inc,54725,MN,WNC,MRO,NAICS-22 Non-Cogen,22,WT,4476.0,2021
55567,Winters Spawn LLC,CHI Operations Inc,54725,MN,WNC,MRO,NAICS-22 Non-Cogen,22,WT,5308.0,2021
55568,Twin Lake Hills LLC,CHI Operations Inc,54725,MN,WNC,MRO,NAICS-22 Non-Cogen,22,WT,5308.0,2021
55569,Spartan Hills LLC,CHI Operations Inc,54725,MN,WNC,MRO,NAICS-22 Non-Cogen,22,WT,5308.0,2021
55570,Soliloquoy Ridge LLC,CHI Operations Inc,54725,MN,WNC,MRO,NAICS-22 Non-Cogen,22,WT,5308.0,2021
55571,Ruthton Ridge LLC,CHI Operations Inc,54725,MN,WNC,MRO,NAICS-22 Non-Cogen,22,WT,5308.0,2021
55572,Hope Creek LLC,CHI Operations Inc,54725,MN,WNC,MRO,NAICS-22 Non-Cogen,22,WT,5308.0,2021
55573,Hadley Ridge LLC,CHI Operations Inc,54725,MN,WNC,MRO,NAICS-22 Non-Cogen,22,WT,5308.0,2021
55574,Florence Hills LLC,CHI Operations Inc,54725,MN,WNC,MRO,NAICS-22 Non-Cogen,22,WT,5308.0,2021
55576,Agassiz Beach LLC,CHI Operations Inc,54725,MN,WNC,MRO,NAICS-22 Non-Cogen,22,WT,5305.0,2021
55579,Llano Estacado Wind Ranch,Llano Estacado Wind Ranch,62136,TX,WSC,MRO,NAICS-22 Non-Cogen,22,WT,109598.0,2021
55581,King Mountain Wind Ranch 1,FPL Energy Upton Wind LP,6354,TX,WSC,TRE,NAICS-22 Non-Cogen,22,WT,504346.0,2021
55607,Foote Creek I,PacifiCorp,14354,WY,MTN,WECC,Electric Utility,22,WT,154512.0,2021
55719,Mountain View I&2,AES Wind Generation Inc,19740,CA,PACC,WECC,NAICS-22 Non-Cogen,22,WT,181140.0,2021
55734,Gray County Wind Energy,Gray County Wind Energy LLC,7531,KS,WNC,MRO,NAICS-22 Non-Cogen,22,WT,328930.0,2021
55739,Condon Windpower LLC,Allete Clean Energy,59496,OR,PACC,WECC,NAICS-22 Non-Cogen,22,WT,97873.0,2021
55740,Rock River I LLC,Shell Wind Energy Inc.,17058,WY,MTN,WECC,NAICS-22 Non-Cogen,22,WT,107328.0,2021
55741,Ridge Crest Wind Partners,Terra-Gen Operating Co-Wind,2770,CO,MTN,WECC,NAICS-22 Non-Cogen,22,WT,60859.0,2021
55742,Montfort Wind Energy Center,Wisconsin Electric Power Co,20847,WI,ENC,RFC,Electric Utility,22,WT,52038.0,2021
55747,NWP Indian Mesa Wind Farm,NWP Indian Mesa Wind Farm LP,13866,TX,WSC,TRE,NAICS-22 Non-Cogen,22,WT,218740.0,2021
55769,Madison Windpower LLC,Madison Windpower LLC,49880,NY,MAT,NPCC,NAICS-22 Non-Cogen,22,WT,10038.0,2021
55782,Noble Ridge LLC,RENEW Energy Inc,56689,MN,WNC,MRO,NAICS-22 Non-Cogen,22,WT,841.0,2021
55790,Fenner Wind,CHI Energy Inc,34688,NY,MAT,NPCC,NAICS-22 Non-Cogen,22,WT,73372.0,2021
55795,Woodward Mountain II,Pecos Wind II LP,14629,TX,WSC,TRE,NAICS-22 Non-Cogen,22,WT,148633.0,2021
55796,Woodward Mountain I,Pecos Wind I LP,14628,TX,WSC,TRE,NAICS-22 Non-Cogen,22,WT,156256.0,2021
55803,Somerset Windpower LLC,Huntsman Wind,64407,PA,MAT,RFC,NAICS-22 Non-Cogen,22,WT,8215.0,2021
55804,Northern Iowa Windfarm,Black Hills Electric Generation LLC,61973,IA,WNC,MRO,NAICS-22 Non-Cogen,22,WT,149567.0,2021
55805,Mill Run Windpower LLC,Huntsman Wind,64407,PA,MAT,RFC,NAICS-22 Non-Cogen,22,WT,15050.0,2021
55809,Kas Brothers Windfarm,Kas Brothers Windfarm LLC,10046,MN,WNC,MRO,NAICS-22 Non-Cogen,22,WT,3862.0,2021
55816,Hawkeye Power Partners LLC,Hawkeye Power Partners LLC,8294,IA,WNC,MRO,NAICS-22 Non-Cogen,22,WT,168608.0,2021
55871,Klondike Wind Power,Avangrid Renewables LLC,15399,OR,PACC,WECC,NAICS-22 Non-Cogen,22,WT,50165.0,2021
55944,Bay Windpower I,Bay Windpower LLC,1361,MI,ENC,RFC,NAICS-22 Non-Cogen,22,WT,2171.0,2021
55968,Trent Wind Farm LP,Trent Wind Farm LP,19171,TX,WSC,TRE,NAICS-22 Non-Cogen,22,WT,533557.0,2021
55980,Champepaden Wind Power,"EDF Renewable Asset Holdings, Inc.",57170,MN,WNC,MRO,NAICS-22 Non-Cogen,22,WT,0.0,2021
55981,Moulton Wind Power,"EDF Renewable Asset Holdings, Inc.",57170,MN,WNC,MRO,NAICS-22 Non-Cogen,22,WT,0.0,2021
55986,Mountaineer Wind Energy Center,Huntsman Wind,64407,WV,SAT,RFC,NAICS-22 Non-Cogen,22,WT,91219.0,2021
55989,FPL Energy Vansycle LLC (OR),FPL Energy Vansycle LLC,6607,OR,PACC,WECC,NAICS-22 Non-Cogen,22,WT,124422.0,2021
55992,Desert Sky,Desert Sky Wind Farm LP,49796,TX,WSC,TRE,NAICS-22 Non-Cogen,22,WT,559077.0,2021
55995,Minot Wind Project,Basin Electric Power Coop,1307,ND,WNC,MRO,Electric Utility,22,WT,16500.0,2021
56001,Waymart Wind,Huntsman Wind,64407,PA,MAT,RFC,NAICS-22 Non-Cogen,22,WT,111596.0,2021
56002,Minwind,"Community Renewables, LLC",60580,MN,WNC,MRO,NAICS-22 Non-Cogen,22,WT,5762.0,2021
56010,Hancock County Wind Energy Center,"FPL Energy Hancock County Wind, LLC",6850,IA,WNC,MRO,NAICS-22 Non-Cogen,22,WT,240914.0,2021
56011,Cabazon Wind Partners,Shell Wind Energy Inc.,17058,CA,PACC,WECC,NAICS-22 Non-Cogen,22,WT,113452.0,2021
56012,Whitewater Hill Wind Partners,Shell Wind Energy Inc.,17058,CA,PACC,WECC,NAICS-22 Non-Cogen,22,WT,126689.0,2021
56052,"Meyersdale Windpower, LLC",Huntsman Wind,64407,PA,MAT,RFC,NAICS-22 Non-Cogen,22,WT,48440.0,2021
56054,G McNeilus Wind Farm Dodge Center,Justin McNeilus,6985,MN,WNC,MRO,NAICS-22 Non-Cogen,22,WT,88113.0,2021
56075,High Winds LLC,"FPLE High Winds, LLC",8565,CA,PACC,WECC,NAICS-22 Non-Cogen,22,WT,356139.0,2021
56081,Blue Canyon Windpower,Blue Canyon Windpower LLC,1881,OK,WSC,MRO,NAICS-22 Non-Cogen,22,WT,108140.0,2021
56092,South Dakota Wind Energy Cente,FPL Energy South Dakota Wind LLC,34721,SD,WNC,MRO,NAICS-22 Non-Cogen,22,WT,85288.0,2021
56093,TransAlta Wyoming Wind,NextEra Energy Operating Services LLC,58528,WY,MTN,WECC,NAICS-22 Non-Cogen,22,WT,355971.0,2021
56094,Oklahoma Wind Energy Center,FPL Energy Oklahoma Wind LLC,34719,OK,WSC,MRO,NAICS-22 Non-Cogen,22,WT,135377.0,2021
56097,New Mexico Wind Energy Center,FPL Energy New Mexico Wind LLC,34717,NM,MTN,WECC,NAICS-22 Non-Cogen,22,WT,611354.0,2021
56099,FPL Energy North Dakota Wind I/II,FPL Energy North Dakota Wind LLC,34723,ND,WNC,MRO,NAICS-22 Non-Cogen,22,WT,104610.0,2021
56106,Kimball Wind,"Kimball Wind, LLC",61369,NE,WNC,WECC,NAICS-22 Non-Cogen,22,WT,118864.0,2021
56111,Brazos Wind Farm,Shell Wind Energy Inc.,17058,TX,WSC,TRE,NAICS-22 Non-Cogen,22,WT,240145.0,2021
56112,Mountain View III,Avangrid Renewables LLC,15399,CA,PACC,WECC,NAICS-22 Non-Cogen,22,WT,60080.0,2021
56123,Minwind 3-9,"Rock County Energy Center, LLC",60558,MN,WNC,MRO,NAICS-22 Non-Cogen,22,WT,0.0,2021
56142,"Chanarambie Power Partners, LLC",Allete Clean Energy,59496,MN,WNC,MRO,NAICS-22 Non-Cogen,22,WT,222046.0,2021
56153,Viking Wind Partners,Allete Clean Energy,59496,MN,WNC,MRO,NAICS-22 Non-Cogen,22,WT,30036.0,2021
56160,"Mendota Hills, LLC","Leeward Asset Management, LLC",50123,IL,ENC,RFC,NAICS-22 Non-Cogen,22,WT,268967.0,2021
56162,Ainsworth Wind,Nebraska Public Power District,13337,NE,WNC,MRO,Electric Utility,22,WT,87965.0,2021
56172,Flying Cloud Power Partners LLC,Avangrid Renewables LLC,15399,IA,WNC,MRO,NAICS-22 Non-Cogen,22,WT,69512.0,2021
56173,Colorado Green Holdings LLC,Avangrid Renewables LLC,15399,CO,MTN,WECC,NAICS-22 Non-Cogen,22,WT,534808.0,2021
56174,Moraine Wind LLC,Avangrid Renewables LLC,15399,MN,WNC,MRO,NAICS-22 Non-Cogen,22,WT,71344.0,2021
56195,Combine Hills I,Eurus Combine Hills I LLC,49844,OR,PACC,WECC,NAICS-22 Non-Cogen,22,WT,103619.0,2021
56199,TG Windfarm LLC,TG Windfarm LLC,61141,MN,WNC,MRO,NAICS-22 Non-Cogen,22,WT,3317.0,2021
56200,CG Windfarm LLC,CG Windfarm LLC,61140,MN,WNC,MRO,NAICS-22 Non-Cogen,22,WT,1658.0,2021
56201,Bisson Windfarm LLC,Bisson Windfarm LLC,61139,MN,WNC,MRO,NAICS-22 Non-Cogen,22,WT,3317.0,2021
56202,Tofteland Windfarm LLC,Tofteland Windfarm LLC,49867,MN,WNC,MRO,NAICS-22 Non-Cogen,22,WT,3317.0,2021
56203,Westridge Windfarm LLC,Westridge Windfarm LLC,61142,MN,WNC,MRO,NAICS-22 Non-Cogen,22,WT,1658.0,2021
56204,Fey Windfarm LLC,Fey Windfarm LLC,49869,MN,WNC,MRO,NAICS-22 Non-Cogen,22,WT,4570.0,2021
56205,Windcurrent Farms LLC,Windcurrent Farms LLC,49870,MN,WNC,MRO,NAICS-22 Non-Cogen,22,WT,4043.0,2021
56206,K-Brink Windfarm LLC,"K-brink Windfarm, LLC",61120,MN,WNC,MRO,NAICS-22 Non-Cogen,22,WT,4328.0,2021
56207,DL Windy Acres LLC,Brewster,56800,MN,WNC,MRO,NAICS-22 Non-Cogen,22,WT,1081.0,2021
56208,S&P Windfarm LLC,Brewster,56800,MN,WNC,MRO,NAICS-22 Non-Cogen,22,WT,1081.0,2021
56209,Boeve Windfarm LLC,Boeve Windfarm LLC,49874,MN,WNC,MRO,NAICS-22 Non-Cogen,22,WT,4970.0,2021
56210,B&K Energy Systems LLC,Brewster,56800,MN,WNC,MRO,NAICS-22 Non-Cogen,22,WT,1081.0,2021
56211,Sweetwater Wind 1 LLC,"Leeward Asset Management, LLC",50123,TX,WSC,TRE,NAICS-22 Non-Cogen,22,WT,139075.0,2021
56212,Sweetwater Wind 2 LLC,"Leeward Asset Management, LLC",50123,TX,WSC,TRE,NAICS-22 Non-Cogen,22,WT,369510.0,2021
56215,Allendorf,E&E Enterprises LLC,57202,IA,WNC,MRO,NAICS-22 Non-Cogen,22,WT,960.0,2021
56225,Aeolus Wind Facility,Aeolus Wind LLC,49903,TX,WSC,MRO,NAICS-22 Non-Cogen,22,WT,0.0,2021
56226,Bowling Green Wind,"American Mun Power-Ohio, Inc",40577,OH,ENC,RFC,Electric Utility,22,WT,6757.0,2021
56240,Buffalo Gap Wind Farm,AES Wind Generation Inc,19740,TX,WSC,TRE,NAICS-22 Non-Cogen,22,WT,290499.0,2021
56251,Intrepid,MidAmerican Energy Co,12341,IA,WNC,MRO,Electric Utility,22,WT,527179.0,2021
56252,Century,MidAmerican Energy Co,12341,IA,WNC,MRO,Electric Utility,22,WT,570380.0,2021
56255,Hopkins Ridge Wind,Puget Sound Energy Inc,15500,WA,PACC,WECC,Electric Utility,22,WT,416138.0,2021
56270,Callahan Divide Wind Energy Center,"FPL Energy Callahan Wind, LLC",50012,TX,WSC,TRE,NAICS-22 Non-Cogen,22,WT,406870.0,2021
56271,Diablo Winds LLC,Huntsman Wind,64407,CA,PACC,WECC,NAICS-22 Non-Cogen,22,WT,49607.0,2021
56273,Weatherford Wind Energy Center,"FPL Energy Weatherford, LLC",50014,OK,WSC,MRO,NAICS-22 Non-Cogen,22,WT,622588.0,2021
56275,Helzel & Schwarzhoff 86,Wind Stream Operations LLC,56899,CA,PACC,WECC,NAICS-22 Non-Cogen,22,WT,3940.0,2021
56276,ZCO,Wind Stream Operations LLC,56899,CA,PACC,WECC,NAICS-22 Non-Cogen,22,WT,1893.0,2021
56290,Maple Ridge Wind Farm,"Flat Rock Windpower, LLC",54684,NY,MAT,NPCC,NAICS-22 Non-Cogen,22,WT,618268.0,2021
56291,Horse Hollow Wind Energy Center,FPL Energy Horse Hollow LLC,50063,TX,WSC,TRE,NAICS-22 Non-Cogen,22,WT,2313973.0,2021
56293,Caprock Wind Farm,"Leeward Asset Management, LLC",50123,NM,MTN,MRO,NAICS-22 Non-Cogen,22,WT,281070.0,2021
56295,Kumeyaay Wind,"Leeward Asset Management, LLC",50123,CA,PACC,WECC,NAICS-22 Non-Cogen,22,WT,150994.0,2021
56296,Trimont Area Wind Farm,Avangrid Renewables LLC,15399,MN,WNC,MRO,NAICS-22 Non-Cogen,22,WT,352434.0,2021
56297,Crescent Ridge,"Leeward Asset Management, LLC",50123,IL,ENC,RFC,NAICS-22 Non-Cogen,22,WT,86899.0,2021
56299,Wind Park Bear Creek,"Leeward Asset Management, LLC",50123,PA,MAT,RFC,NAICS-22 Non-Cogen,22,WT,62006.0,2021
56300,Jersey-Atlantic Wind Farm,"Leeward Asset Management, LLC",50123,NJ,MAT,RFC,NAICS-22 Non-Cogen,22,WT,19729.0,2021
56301,Wolverine Creek,Invenergy Services LLC,49893,ID,MTN,WECC,NAICS-22 Non-Cogen,22,WT,168800.0,2021
56302,Oasis Wind,Terra-Gen Operating Co-Wind,2770,CA,PACC,WECC,NAICS-22 Non-Cogen,22,WT,40096.0,2021
56303,Elk River Wind,Avangrid Renewables LLC,15399,KS,WNC,MRO,NAICS-22 Non-Cogen,22,WT,298842.0,2021
56304,San Juan Mesa Wind Project LLC,NRG Energy Gas & Wind Holdings Inc,59883,NM,MTN,MRO,NAICS-22 Non-Cogen,22,WT,257562.0,2021
56307,Adams Wind Farm,Consolidated Edison Development Inc.,56769,MN,WNC,MRO,NAICS-22 Non-Cogen,22,WT,40776.0,2021
56308,Fossil Gulch,Greenbacker Renewable Energy Corporation,60025,ID,MTN,WECC,NAICS-22 Non-Cogen,22,WT,26569.0,2021
56311,Sweetwater Wind 3 LLC,"Leeward Asset Management, LLC",50123,TX,WSC,TRE,NAICS-22 Non-Cogen,22,WT,490136.0,2021
56320,Spring Canyon,Invenergy Services LLC,49893,CO,MTN,WECC,NAICS-22 Non-Cogen,22,WT,126529.0,2021
56322,Wild Horse,Puget Sound Energy Inc,15500,WA,PACC,WECC,Electric Utility,22,WT,714023.0,2021
56335,Blue Canyon Windpower II,Blue Canyon Windpower II LLC,54707,OK,WSC,MRO,NAICS-22 Non-Cogen,22,WT,278944.0,2021
56336,Aragonne Wind LLC,"Leeward Asset Management, LLC",50123,NM,MTN,WECC,NAICS-22 Non-Cogen,22,WT,58081.0,2021
56337,Sweetwater Wind 4 LLC,"Leeward Asset Management, LLC",50123,TX,WSC,TRE,NAICS-22 Non-Cogen,22,WT,632693.0,2021
56338,High Trail Wind Farm LLC,High Trail Wind Farm LLC,54709,IL,ENC,RFC,NAICS-22 Non-Cogen,22,WT,540612.0,2021
56347,Cedar Ridge,Wisconsin Power & Light Co,20856,WI,ENC,MRO,Electric Utility,22,WT,164637.0,2021
56351,Spearville,Evergy Metro,10000,KS,WNC,MRO,Electric Utility,22,WT,208800.0,2021
56355,Whispering Willow Wind Farm - East,Interstate Power and Light Co,9417,IA,WNC,MRO,Electric Utility,22,WT,393082.0,2021
56357,FPL Energy Burleigh County Wind,FPL Energy Burleigh County Wind LLC,54717,ND,WNC,MRO,NAICS-22 Non-Cogen,22,WT,191167.0,2021
56359,Klondike Windpower II,Avangrid Renewables LLC,15399,OR,PACC,WECC,NAICS-22 Non-Cogen,22,WT,265766.0,2021
56360,Leaning Juniper,PacifiCorp,14354,OR,PACC,WECC,Electric Utility,22,WT,293641.0,2021
56361,Big Horn Wind Project,Avangrid Renewables LLC,15399,WA,PACC,WECC,NAICS-22 Non-Cogen,22,WT,556990.0,2021
56362,Shiloh I Wind Project,Avangrid Renewables LLC,15399,CA,PACC,WECC,NAICS-22 Non-Cogen,22,WT,471202.0,2021
56369,Casselman Wind Power Project,Avangrid Renewables LLC,15399,PA,MAT,RFC,NAICS-22 Non-Cogen,22,WT,87926.0,2021
56371,Cedar Creek Wind,"Leeward Asset Management, LLC",50123,CO,MTN,WECC,NAICS-22 Non-Cogen,22,WT,516379.0,2021
56372,Sweetwater Wind 5,"Leeward Asset Management, LLC",50123,TX,WSC,TRE,NAICS-22 Non-Cogen,22,WT,172684.0,2021
56376,Pike County Wind Power,Illinois Rural Electric Coop,9209,IL,ENC,SERC,Electric Utility,22,WT,2081.0,2021
56377,Judith Gap Wind Energy Center,Invenergy Services LLC,49893,MT,MTN,WECC,NAICS-22 Non-Cogen,22,WT,460098.0,2021
56378,Pakini Nui Wind Farm,Apollo Energy Corp,794,HI,PACN,,NAICS-22 Non-Cogen,22,WT,120760.0,2021
56379,Victory Wind Farm,MidAmerican Energy Co,12341,IA,WNC,MRO,Electric Utility,22,WT,384086.0,2021
56380,Centennial Wind Farm,Oklahoma Gas & Electric Co,14063,OK,WSC,MRO,Electric Utility,22,WT,127214.0,2021
56383,Northern Iowa Windpower II,Avangrid Renewables LLC,15399,IA,WNC,MRO,NAICS-22 Non-Cogen,22,WT,106826.0,2021
56386,Top of Iowa Windfarm III,Madison Gas & Electric Co,11479,IA,WNC,MRO,Electric Utility,22,WT,40004.0,2021
56391,Blue Sky Green Field Wind Project,Wisconsin Electric Power Co,20847,WI,ENC,RFC,Electric Utility,22,WT,299631.0,2021
56392,FPL Energy Oliver Wind I LLC,FPL Energy Oliver County Wind,55696,ND,WNC,MRO,NAICS-22 Non-Cogen,22,WT,181891.0,2021
56394,Forest Creek Wind Farm LLC,RWE Renewables Americas LLC,56215,TX,WSC,TRE,NAICS-22 Non-Cogen,22,WT,271400.0,2021
56395,Mesquite Wind Power LLC,Mesquite Wind LLC,54759,TX,WSC,TRE,NAICS-22 Non-Cogen,22,WT,476708.0,2021
56399,Lempster Wind LLC,Avangrid Renewables LLC,15399,NH,NEW,NPCC,NAICS-22 Non-Cogen,22,WT,61799.0,2021
56408,Agriwind,"AgriWind Project, LLC",54789,IL,ENC,RFC,NAICS-22 Non-Cogen,22,WT,14008.0,2021
56409,Stahl Wind Energy,Longroad Energy Services LLC,61219,MN,WNC,MRO,NAICS-22 Non-Cogen,22,WT,4810.0,2021
56410,Carstensen Wind,Longroad Energy Services LLC,61219,MN,WNC,MRO,NAICS-22 Non-Cogen,22,WT,3706.0,2021
56411,Northern Lights Wind LLC,Longroad Energy Services LLC,61219,MN,WNC,MRO,NAICS-22 Non-Cogen,22,WT,4523.0,2021
56412,Lucky Wind,Longroad Energy Services LLC,61219,MN,WNC,MRO,NAICS-22 Non-Cogen,22,WT,4346.0,2021
56413,Greenback Energy,Longroad Energy Services LLC,61219,MN,WNC,MRO,NAICS-22 Non-Cogen,22,WT,4086.0,2021
56414,Redwood Falls Wind,Southern Minnesota Mun P Agny,40580,MN,WNC,MRO,Electric Utility,22,WT,9438.0,2021
56415,Fairmont Wind,Southern Minnesota Mun P Agny,40580,MN,WNC,MRO,Electric Utility,22,WT,13831.0,2021
56416,Michigan Wind 1,"Michigan Wind 1, LLC",54800,MI,ENC,RFC,NAICS-22 Non-Cogen,22,WT,148354.0,2021
56424,Mower County Wind Energy Center,Northern States Power Co - Minnesota,13781,MN,WNC,MRO,Electric Utility,22,WT,27072.0,2021
56432,Wildorado Wind LLC,"Wildorado Wind, LLC",64668,TX,WSC,MRO,NAICS-22 Non-Cogen,22,WT,686543.0,2021
56433,Pine Tree Wind Power Project,Los Angeles Department of Water & Power,11208,CA,PACC,WECC,Electric Utility,22,WT,215703.0,2021
56434,Burley Butte Windpark,Idaho Wind Partners 1 LLC,56592,ID,MTN,WECC,NAICS-22 Non-Cogen,22,WT,64325.0,2021
56435,Golden Valley Wind Park LLC,Idaho Wind Partners 1 LLC,56592,ID,MTN,WECC,NAICS-22 Non-Cogen,22,WT,35057.0,2021
56437,Milner Dam Wind Park LLC,Idaho Wind Partners 1 LLC,56592,ID,MTN,WECC,NAICS-22 Non-Cogen,22,WT,58962.0,2021
56439,Oregon Trail Wind Park,Idaho Wind Partners 1 LLC,56592,ID,MTN,WECC,NAICS-22 Non-Cogen,22,WT,41189.0,2021
56440,Pilgrim Stage Wind Park,Idaho Wind Partners 1 LLC,56592,ID,MTN,WECC,NAICS-22 Non-Cogen,22,WT,35397.0,2021
56441,Salmon Falls Wind Park,Idaho Wind Partners 1 LLC,56592,ID,MTN,WECC,NAICS-22 Non-Cogen,22,WT,66230.0,2021
56442,Thousand Springs Wind Park,Idaho Wind Partners 1 LLC,56592,ID,MTN,WECC,NAICS-22 Non-Cogen,22,WT,34327.0,2021
56443,Tuana Gulch Wind Park,Idaho Wind Partners 1 LLC,56592,ID,MTN,WECC,NAICS-22 Non-Cogen,22,WT,32392.0,2021
56446,Buena Vista Energy LLC,"Leeward Asset Management, LLC",50123,CA,PACC,WECC,NAICS-22 Non-Cogen,22,WT,102214.0,2021
56447,Hawi Wind Farm,"EDF Renewable Asset Holdings, Inc.",57170,HI,PACN,,NAICS-22 Non-Cogen,22,WT,0.0,2021
56448,Mars Hill Wind Farm Project,"Evergreen Wind, LLC",59155,ME,NEW,NPCC,NAICS-22 Non-Cogen,22,WT,115903.0,2021
56449,Kaheawa Pastures Wind Farm Hybrid,"Evergreen Wind, LLC",59155,HI,PACN,,NAICS-22 Non-Cogen,22,WT,110297.0,2021
56450,GSG LLC,"Leeward Asset Management, LLC",50123,IL,ENC,RFC,NAICS-22 Non-Cogen,22,WT,102214.0,2021
56451,Allegheny Ridge Wind Farm,"Leeward Asset Management, LLC",50123,PA,MAT,RFC,NAICS-22 Non-Cogen,22,WT,196306.0,2021
56457,Post Wind Farm LP,FPL Energy Red Canyon LLC,54870,TX,WSC,TRE,NAICS-22 Non-Cogen,22,WT,196105.0,2021
56459,MinnDakota Wind LLC,Avangrid Renewables LLC,15399,MN,WNC,MRO,NAICS-22 Non-Cogen,22,WT,295380.0,2021
56460,Twin Buttes Wind Project,Avangrid Renewables LLC,15399,CO,MTN,WECC,NAICS-22 Non-Cogen,22,WT,171165.0,2021
56466,Marengo Wind Plant,PacifiCorp,14354,WA,PACC,WECC,Electric Utility,22,WT,732284.0,2021
56468,Klondike Windpower III,Avangrid Renewables LLC,15399,OR,PACC,WECC,NAICS-22 Non-Cogen,22,WT,853185.0,2021
56470,Locust Ridge,Avangrid Renewables LLC,15399,PA,MAT,RFC,NAICS-22 Non-Cogen,22,WT,55692.0,2021
56479,Sand Bluff Wind Farm,RWE Renewables Americas LLC,56215,TX,WSC,TRE,NAICS-22 Non-Cogen,22,WT,59561.0,2021
56483,Post Oak Wind LLC,Mesquite Wind LLC,54759,TX,WSC,TRE,NAICS-22 Non-Cogen,22,WT,477786.0,2021
56484,Buffalo Gap 2 Wind Farm,AES Wind Generation Inc,19740,TX,WSC,TRE,NAICS-22 Non-Cogen,22,WT,464104.0,2021
56485,Biglow Canyon Wind Farm,Portland General Electric Co,15248,OR,PACC,WECC,Electric Utility,22,WT,1116246.0,2021
56487,White Creek Wind Farm,White Creek Wind 1 LLC,55907,WA,PACC,WECC,NAICS-22 Non-Cogen,22,WT,578028.0,2021
56488,Smoky Hills Wind Project Phase I,Smoky Hills Wind Farm I LLC,55886,KS,WNC,MRO,NAICS-22 Non-Cogen,22,WT,301009.0,2021
56493,Buffalo Mountain Energy Center,Invenergy Services LLC,49893,TN,ESC,SERC,NAICS-22 Non-Cogen,22,WT,28186.0,2021
56494,Prairie Star Wind Farm,High Prairie Wind Farm II LLC,54904,MN,WNC,MRO,NAICS-22 Non-Cogen,22,WT,244613.0,2021
56495,NedPower Mount Storm,Clearway Energy Operating LLC,64536,WV,SAT,RFC,NAICS-22 Non-Cogen,22,WT,566802.0,2021
56501,Pomeroy Wind Farm,MidAmerican Energy Co,12341,IA,WNC,MRO,Electric Utility,22,WT,940299.0,2021
56506,Scurry County Wind LP,Invenergy Services LLC,49893,TX,WSC,TRE,NAICS-22 Non-Cogen,22,WT,252307.0,2021
56536,Cow Branch,"Cow Branch Wind Power, LLC",55734,MO,WNC,SERC,NAICS-22 Non-Cogen,22,WT,89884.0,2021
56537,Conception,"CR Clearing, LLC",55735,MO,WNC,SERC,NAICS-22 Non-Cogen,22,WT,96097.0,2021
56538,Loess Hills,Loess Hills Wind Farm LLC,55736,MO,WNC,SERC,NAICS-22 Non-Cogen,22,WT,6758.0,2021
56543,Eastridge Wind Project,Eastridge Wind Project,62005,MN,WNC,MRO,NAICS-22 Non-Cogen,22,WT,18971.0,2021
56544,Windom Wind Project,Midwest Power Partners LLC,60661,MN,WNC,MRO,NAICS-22 Non-Cogen,22,WT,28763.0,2021
56555,Bluegrass Ridge,"Wind Capital Holdings, LLC",55737,MO,WNC,SERC,NAICS-22 Non-Cogen,22,WT,104601.0,2021
56560,Porterhouse Wind (4) LLC,Stockyard Wind,64408,TX,WSC,MRO,NAICS-22 Non-Cogen,22,WT,22229.0,2021
56561,Filet Wind (5) LLC,Stockyard Wind,64408,TX,WSC,MRO,NAICS-22 Non-Cogen,22,WT,282.0,2021
56562,Tenderloin Wind (6) LLC,Stockyard Wind,64408,TX,WSC,MRO,NAICS-22 Non-Cogen,22,WT,1605.0,2021
56563,Peetz Table Wind Energy,FPL Peetz Table Wind Energy,55785,CO,MTN,WECC,NAICS-22 Non-Cogen,22,WT,623653.0,2021
56570,Terra-Gen VG Wind LLC,Terra-Gen Operating Co-Wind,2770,CA,PACC,WECC,NAICS-22 Non-Cogen,22,WT,11696.0,2021
56573,FPL Energy Oliver Wind II LLC,FPL Energy Oliver County Wind II LLC,54799,ND,WNC,MRO,NAICS-22 Non-Cogen,22,WT,191994.0,2021
56575,Steel Winds Wind Farm,"Evergreen Wind, LLC",59155,NY,MAT,NPCC,NAICS-22 Non-Cogen,22,WT,61315.0,2021
56577,Shane's Wind Machine,Shane's Wind Machine LLC,55832,MN,WNC,MRO,NAICS-22 Non-Cogen,22,WT,6169.0,2021
56580,Blue Breezes LLC,Moore 1,56807,MN,WNC,MRO,NAICS-22 Non-Cogen,22,WT,0.0,2021
56581,Blue Breezes II LLC,Moore 1,56807,MN,WNC,MRO,NAICS-22 Non-Cogen,22,WT,0.0,2021
56586,Sunset Breeze LLC,Midwest Power Partners LLC,60661,MN,WNC,MRO,NAICS-22 Non-Cogen,22,WT,2587.0,2021
56587,Minnesota Breeze LLC,Midwest Power Partners LLC,60661,MN,WNC,MRO,NAICS-22 Non-Cogen,22,WT,2587.0,2021
56588,G Flow Wind LLC,Midwest Power Partners LLC,60661,MN,WNC,MRO,NAICS-22 Non-Cogen,22,WT,2587.0,2021
56589,Wolf Wind Enterprises LLC,Midwest Power Partners LLC,60661,MN,WNC,MRO,NAICS-22 Non-Cogen,22,WT,2587.0,2021
56590,Green Acres Breeze LLC,Midwest Power Partners LLC,60661,MN,WNC,MRO,NAICS-22 Non-Cogen,22,WT,2587.0,2021
56591,Horseshoe Bend Wind Park,Cycle Power Partners,61185,MT,MTN,WECC,NAICS-22 Non-Cogen,22,WT,26730.0,2021
56592,Champion Wind Farm LLC,RWE Renewables Americas LLC,56215,TX,WSC,TRE,NAICS-22 Non-Cogen,22,WT,313783.0,2021
56593,Roscoe Wind Farm LLC,RWE Renewables Americas LLC,56215,TX,WSC,TRE,NAICS-22 Non-Cogen,22,WT,478683.0,2021
56594,Munnsville Wind Farm LLC,RWE Renewables Americas LLC,56215,NY,MAT,NPCC,NAICS-22 Non-Cogen,22,WT,79117.0,2021
56602,Snyder Wind Farm,Snyder Wind Farm LLC,55847,TX,WSC,TRE,NAICS-22 Non-Cogen,22,WT,1538.0,2021
56605,"Langdon Renewables, LLC",FPL Energy Langdon Wind LLC,55799,ND,WNC,MRO,NAICS-22 Non-Cogen,22,WT,504767.0,2021
56607,Prairie Winds ND1,Basin Electric Power Coop,1307,ND,WNC,MRO,Electric Utility,22,WT,332941.0,2021
56608,Prairie Winds SD1,Basin Electric Power Coop,1307,SD,WNC,MRO,Electric Utility,22,WT,375600.0,2021
56613,Logan Wind Energy,Logan Wind Energy LLC,55862,CO,MTN,WECC,NAICS-22 Non-Cogen,22,WT,388141.0,2021
56614,Old Trail Wind Farm,Old Trail Wind Farm LLC,55866,IL,ENC,RFC,NAICS-22 Non-Cogen,22,WT,559823.0,2021
56617,Fenton Wind Farm,"EDF Renewable Asset Holdings, Inc.",57170,MN,WNC,MRO,NAICS-22 Non-Cogen,22,WT,308670.0,2021
56618,Clinton,"Valcour Operating Services, LLC",63858,NY,MAT,NPCC,NAICS-22 Non-Cogen,22,WT,151380.0,2021
56619,Ellenburg,"Valcour Operating Services, LLC",63858,NY,MAT,NPCC,NAICS-22 Non-Cogen,22,WT,141916.0,2021
56620,Bliss,"Valcour Operating Services, LLC",63858,NY,MAT,NPCC,NAICS-22 Non-Cogen,22,WT,175497.0,2021
56621,Sleeping Bear LLC,NRG Energy Gas & Wind Holdings Inc,59883,OK,WSC,MRO,NAICS-22 Non-Cogen,22,WT,90966.0,2021
56622,Providence Heights Wind LLC,Avangrid Renewables LLC,15399,IL,ENC,RFC,NAICS-22 Non-Cogen,22,WT,173526.0,2021
56623,Elkhorn Valley Wind Farm,Telocaset Wind Power Partners,55880,OR,PACC,WECC,NAICS-22 Non-Cogen,22,WT,344536.0,2021
56626,"Ewington Energy Systems, LLC",Ewington Wind Project,57158,MN,WNC,MRO,NAICS-22 Non-Cogen,22,WT,4924.0,2021
56630,Taconite Ridge 1 Wind Energy Center,"ALLETE, Inc.",12647,MN,WNC,MRO,Electric Utility,22,WT,55178.0,2021
56633,Dutch Hill Wind Project,"Evergreen Wind, LLC",59155,NY,MAT,NPCC,NAICS-22 Non-Cogen,22,WT,50334.0,2021
56634,Cohocton Wind Project,"Evergreen Wind, LLC",59155,NY,MAT,NPCC,NAICS-22 Non-Cogen,22,WT,117446.0,2021
56635,Harvest,"Harvest Windfarm, LLC",55873,MI,ENC,RFC,NAICS-22 Non-Cogen,22,WT,110106.0,2021
56636,Mountain Home,"Hot Springs Windfarm, LLC",55891,ID,MTN,WECC,NAICS-22 Non-Cogen,22,WT,34615.0,2021
56637,Bennett Creek Windfarm LLC - Mountain Home,Bennett Creek Windfarm LLC,55890,ID,MTN,WECC,NAICS-22 Non-Cogen,22,WT,41265.0,2021
56638,Buffalo Gap 3 Wind Farm,AES Wind Generation Inc,19740,TX,WSC,TRE,NAICS-22 Non-Cogen,22,WT,323178.0,2021
56640,Camp Grove Wind Farm,Orion Energy Group LLC,55931,IL,ENC,RFC,NAICS-22 Non-Cogen,22,WT,408648.0,2021
56644,Stanton Wind Energy LLC,Invenergy Services LLC,49893,TX,WSC,TRE,NAICS-22 Non-Cogen,22,WT,225094.0,2021
56645,Osceola Windpower LLC,Osceola Windpower LLC,55901,IA,WNC,MRO,NAICS-22 Non-Cogen,22,WT,367556.0,2021
56647,Butler Ridge,Butler Ridge Wind Energy Center,56484,WI,ENC,MRO,NAICS-22 Non-Cogen,22,WT,131642.0,2021
56648,Majestic 1 Wind Farm,NextEra Energy Majestic Wind,58353,TX,WSC,MRO,NAICS-22 Non-Cogen,22,WT,352867.0,2021
56649,South Trent Wind Farm,NRG Energy Inc,55397,TX,WSC,TRE,NAICS-22 Non-Cogen,22,WT,244398.0,2021
56650,Wessington Springs,Wessington Wind,59102,SD,WNC,MRO,NAICS-22 Non-Cogen,22,WT,217930.0,2021
56651,North Allegheny Windpower Project,Duke Energy DEGS North Allegheny,56385,PA,MAT,RFC,NAICS-22 Non-Cogen,22,WT,142983.0,2021
56654,Hatchet Ridge Wind Project,Pattern Operators LP,56545,CA,PACC,WECC,NAICS-22 Non-Cogen,22,WT,284582.0,2021
56659,Michigan Wind 2,"Michigan Wind 2, LLC",56951,MI,ENC,RFC,NAICS-22 Non-Cogen,22,WT,318157.0,2021
56661,Pattern Gulf Wind,Pattern Operators LP,56545,TX,WSC,TRE,NAICS-22 Non-Cogen,22,WT,565659.0,2021
56665,Dempsey Ridge Wind Farm,Acciona Wind Energy USA LLC,55918,OK,WSC,MRO,NAICS-22 Non-Cogen,22,WT,291567.0,2021
56666,Goodnoe Hills,PacifiCorp,14354,WA,PACC,WECC,Electric Utility,22,WT,296244.0,2021
56669,Tatanka Wind Power LLC,Acciona Wind Energy USA LLC,55918,ND,WNC,MRO,NAICS-22 Non-Cogen,22,WT,161425.0,2021
56670,Velva Windfarm LLC,Acciona Wind Energy USA LLC,55918,ND,WNC,MRO,NAICS-22 Non-Cogen,22,WT,27852.0,2021
56673,Whirlwind Energy Center,Whirlwind Energy LLC,55922,TX,WSC,TRE,NAICS-22 Non-Cogen,22,WT,180624.0,2021
56677,Charles City Wind Farm,MidAmerican Energy Co,12341,IA,WNC,MRO,Electric Utility,22,WT,254715.0,2021
56679,Benton County Wind Farm,Orion Energy Group LLC,55931,IN,ENC,RFC,NAICS-22 Non-Cogen,22,WT,333521.0,2021
56699,Forward Windpower LLC,"Forward Windpower, LLC",64632,PA,MAT,RFC,NAICS-22 Non-Cogen,22,WT,58746.0,2021
56700,Lookout Windpower LLC,"Lookout Windpower, LLC",64650,PA,MAT,RFC,NAICS-22 Non-Cogen,22,WT,99499.0,2021
56702,Tuolumne Wind Project,Turlock Irrigation District,19281,WA,PACC,WECC,Electric Utility,22,WT,401250.0,2021
56750,Jeffers Wind 20 LLC,Northern States Power Co - Minnesota,13781,MN,WNC,MRO,Electric Utility,22,WT,173302.0,2021
56751,Spanish Fork Wind Park 2 LLC,"Spanish Fork Wind Park 2, LLC",64661,UT,MTN,WECC,NAICS-22 Non-Cogen,22,WT,45624.0,2021
56752,Mountain Wind Power LLC,Mountain Wind Power LLC,64651,WY,MTN,WECC,NAICS-22 Non-Cogen,22,WT,207903.0,2021
56753,Mountain Wind Power II LLC,Mountain Wind Power II LLC,64652,WY,MTN,WECC,NAICS-22 Non-Cogen,22,WT,160538.0,2021
56754,Goat Wind LP,Goat Wind LP,64644,TX,WSC,TRE,NAICS-22 Non-Cogen,22,WT,387833.0,2021
56755,Odin Wind Farm LLC,NRG Energy Gas & Wind Holdings Inc,59883,MN,WNC,MRO,NAICS-22 Non-Cogen,22,WT,50998.0,2021
56763,Capricorn Ridge Wind LLC,Capricorn Ridge Wind LLC,55958,TX,WSC,TRE,NAICS-22 Non-Cogen,22,WT,2054989.0,2021
56764,Winnebago Wind Power Project,Avangrid Renewables LLC,15399,IA,WNC,MRO,NAICS-22 Non-Cogen,22,WT,59042.0,2021
56765,Barton Windpower LLC,Avangrid Renewables LLC,15399,IA,WNC,MRO,NAICS-22 Non-Cogen,22,WT,332644.0,2021
56767,Farmers City Wind LLC,Avangrid Renewables LLC,15399,MO,WNC,SERC,NAICS-22 Non-Cogen,22,WT,204009.0,2021
56770,Locust Ridge II LLC,Avangrid Renewables LLC,15399,PA,MAT,RFC,NAICS-22 Non-Cogen,22,WT,190294.0,2021
56771,Silver Star I Wind Power Project,Silver Star I Power Partners LLC,62076,TX,WSC,TRE,NAICS-22 Non-Cogen,22,WT,210675.0,2021
56773,McAdoo Wind Energy LLC,Invenergy Services LLC,49893,TX,WSC,TRE,NAICS-22 Non-Cogen,22,WT,408447.0,2021
56774,Turkey Track Wind Energy LLC,Invenergy Services LLC,49893,TX,WSC,TRE,NAICS-22 Non-Cogen,22,WT,350672.0,2021
56775,Scurry County Wind II,Invenergy Services LLC,49893,TX,WSC,TRE,NAICS-22 Non-Cogen,22,WT,213981.0,2021
56776,Gunsight Mountain Wind Energy LLC,Invenergy Services LLC,49893,TX,WSC,TRE,NAICS-22 Non-Cogen,22,WT,467533.0,2021
56777,Fowler Ridge Wind Farm LLC,AE Power Services LLC,55963,IN,ENC,RFC,NAICS-22 Non-Cogen,22,WT,1095499.0,2021
56779,Sherbino I Wind Farm,Sherbino Mesa I Windfarm LLC,62811,TX,WSC,TRE,NAICS-22 Non-Cogen,22,WT,0.0,2021
56782,Diamond Willow Wind Facility,Montana-Dakota Utilities Co,12199,MT,MTN,MRO,Electric Utility,22,WT,92522.0,2021
56783,Elbow Creek Wind Project LLC,Elbow Creek Wind Project LLC,55981,TX,WSC,TRE,NAICS-22 Non-Cogen,22,WT,421884.0,2021
56784,Cloud County Wind Farm,"Cloud County Windfarm, LLC",55990,KS,WNC,MRO,NAICS-22 Non-Cogen,22,WT,331785.0,2021
56789,Pebble Springs Wind LLC,Avangrid Renewables LLC,15399,OR,PACC,WECC,NAICS-22 Non-Cogen,22,WT,225159.0,2021
56790,Hay Canyon Wind Power LLC,Avangrid Renewables LLC,15399,OR,PACC,WECC,NAICS-22 Non-Cogen,22,WT,223157.0,2021
56791,Dillon Wind LLC,Avangrid Renewables LLC,15399,CA,PACC,WECC,NAICS-22 Non-Cogen,22,WT,147943.0,2021
56792,Buffalo Ridge I LLC,Avangrid Renewables LLC,15399,SD,WNC,MRO,NAICS-22 Non-Cogen,22,WT,80932.0,2021
56793,Elm Creek Wind LLC,Avangrid Renewables LLC,15399,MN,WNC,MRO,NAICS-22 Non-Cogen,22,WT,156218.0,2021
56794,Moraine II Wind LLC,Avangrid Renewables LLC,15399,MN,WNC,MRO,NAICS-22 Non-Cogen,22,WT,93953.0,2021
56795,Penascal Wind Power LLC,Avangrid Renewables LLC,15399,TX,WSC,TRE,NAICS-22 Non-Cogen,22,WT,272207.0,2021
56796,South Chestnut LLC,Avangrid Renewables LLC,15399,PA,MAT,RFC,NAICS-22 Non-Cogen,22,WT,95853.0,2021
56797,Pioneer Prairie Wind Farm,"Pioneer Prairie Wind Farm I, LLC",55992,IA,WNC,MRO,NAICS-22 Non-Cogen,22,WT,783812.0,2021
56800,Hull Wind II,Hull Municipal Light Plant,8797,MA,NEW,NPCC,Electric Utility,22,WT,2202.0,2021
56804,Red Hills Wind Project LLC,Acciona Wind Energy USA LLC,55918,OK,WSC,MRO,NAICS-22 Non-Cogen,22,WT,245536.0,2021
56805,EcoGrove Wind LLC,Acciona Wind Energy USA LLC,55918,IL,ENC,RFC,NAICS-22 Non-Cogen,22,WT,241427.0,2021
56809,Carroll Wind Farm,MidAmerican Energy Co,12341,IA,WNC,MRO,Electric Utility,22,WT,545276.0,2021
56810,Adair Wind Farm,MidAmerican Energy Co,12341,IA,WNC,MRO,Electric Utility,22,WT,494430.0,2021
56811,Walnut Wind Farm,MidAmerican Energy Co,12341,IA,WNC,MRO,Electric Utility,22,WT,532182.0,2021
56818,Central Plains Wind Farm,"Evergy Kansas Central, Inc",22500,KS,WNC,MRO,Electric Utility,22,WT,151059.0,2021
56819,Flat Ridge Wind Farm,"Evergy Kansas Central, Inc",22500,KS,WNC,MRO,Electric Utility,22,WT,47580.0,2021
56823,Hackberry Wind Farm,Hackberry Wind LLC,56033,TX,WSC,TRE,NAICS-22 Non-Cogen,22,WT,383988.0,2021
56824,Marshall Wind 2 LLC,"Marshall Wind Farm, LLC",63166,MN,WNC,MRO,NAICS-22 Non-Cogen,22,WT,4643.0,2021
56825,Marshall Wind 3 LLC,"Marshall Wind Farm, LLC",63166,MN,WNC,MRO,NAICS-22 Non-Cogen,22,WT,4643.0,2021
56826,Marshall Wind 4 LLC,"Marshall Wind Farm, LLC",63166,MN,WNC,MRO,NAICS-22 Non-Cogen,22,WT,4643.0,2021
56827,Marshall Wind 5 LLC,"Marshall Wind Farm, LLC",63166,MN,WNC,MRO,NAICS-22 Non-Cogen,22,WT,2321.0,2021
56828,Marshall Wind 6 LLC,"Marshall Wind Farm, LLC",63166,MN,WNC,MRO,NAICS-22 Non-Cogen,22,WT,2321.0,2021
56829,Kibby Wind Facility,"Helix Maine Wind Development, LLC",61191,ME,NEW,NPCC,NAICS-22 Non-Cogen,22,WT,306127.0,2021
56831,Crane Creek Wind Energy Center,Wisconsin Public Service Corp,20860,IA,WNC,MRO,Electric Utility,22,WT,227926.0,2021
56835,Ribeye Wind (11) LLC,Stockyard Wind,64408,TX,WSC,MRO,NAICS-22 Non-Cogen,22,WT,4549.0,2021
56836,T-Bone Wind (10) LLC,Stockyard Wind,64408,TX,WSC,MRO,NAICS-22 Non-Cogen,22,WT,8508.0,2021
56837,Tri-Tip Wind (9) LLC,Stockyard Wind,64408,TX,WSC,MRO,NAICS-22 Non-Cogen,22,WT,5720.0,2021
56838,Brisket Wind (8) LLC,Stockyard Wind,64408,TX,WSC,MRO,NAICS-22 Non-Cogen,22,WT,5887.0,2021
56839,Flat Iron Wind (7) LLC,Stockyard Wind,64408,TX,WSC,MRO,NAICS-22 Non-Cogen,22,WT,7406.0,2021
56840,Marshall Wind 1 LLC,"Marshall Wind Farm, LLC",63166,MN,WNC,MRO,NAICS-22 Non-Cogen,22,WT,2321.0,2021
56841,Glenrock,PacifiCorp,14354,WY,MTN,WECC,Electric Utility,22,WT,466623.0,2021
56842,Rolling Hills,PacifiCorp,14354,WY,MTN,WECC,Electric Utility,22,WT,296559.0,2021
56843,Seven Mile Hill,PacifiCorp,14354,WY,MTN,WECC,Electric Utility,22,WT,478659.0,2021
56854,Wheat Field Wind Power Project,Wheat Field Wind Power Project LLC,56073,OR,PACC,WECC,NAICS-22 Non-Cogen,22,WT,219421.0,2021
56855,Arlington Wind Power Project,Arlington Wind Power Project LLC,56074,OR,PACC,WECC,NAICS-22 Non-Cogen,22,WT,226513.0,2021
56856,Rail Splitter Wind Farm,Rail Splitter Wind Farm LLC,56075,IL,ENC,SERC,NAICS-22 Non-Cogen,22,WT,272535.0,2021
56857,Marble River Wind Farm,"Marble River, LLC",56072,NY,MAT,NPCC,NAICS-22 Non-Cogen,22,WT,441378.0,2021
56858,Sagebrush Power Partners,"Sagebrush Power Partners, LLC",56071,WA,PACC,WECC,NAICS-22 Non-Cogen,22,WT,289851.0,2021
56859,Crosswind Energy Project,Crosswind Energy Project,64637,IA,WNC,MRO,NAICS-22 Non-Cogen,22,WT,68679.0,2021
56860,Hardin Hilltop Wind LLC,"Hardin Hilltop Wind, LLC",64646,IA,WNC,MRO,NAICS-22 Non-Cogen,22,WT,42911.0,2021
56874,Shiloh Wind Project 2 LLC,"EDF Renewable Asset Holdings, Inc.",57170,CA,PACC,WECC,NAICS-22 Non-Cogen,22,WT,459620.0,2021
56876,Wapsipinicon Wind Project,"EDF Renewable Asset Holdings, Inc.",57170,MN,WNC,MRO,NAICS-22 Non-Cogen,22,WT,262114.0,2021
56878,Hoosier Wind Project LLC,"EDF Renewable Asset Holdings, Inc.",57170,IN,ENC,RFC,NAICS-22 Non-Cogen,22,WT,216319.0,2021
56879,Flat Ridge Wind Energy LLC,AE Power Services LLC,55963,KS,WNC,MRO,NAICS-22 Non-Cogen,22,WT,184449.0,2021
56901,Altona,"Valcour Operating Services, LLC",63858,NY,MAT,NPCC,NAICS-22 Non-Cogen,22,WT,162493.0,2021
56902,Wethersfield,"Valcour Operating Services, LLC",63858,NY,MAT,NPCC,NAICS-22 Non-Cogen,22,WT,227891.0,2021
56904,Chateaugay,"Valcour Operating Services, LLC",63858,NY,MAT,NPCC,NAICS-22 Non-Cogen,22,WT,175292.0,2021
56905,Great Plains Windpark LLC,Great Plains Windpark Legacy LLC,61671,TX,WSC,MRO,NAICS-22 Non-Cogen,22,WT,185273.0,2021
56912,Langdon Wind II LLC,FPL Energy Langdon Wind LLC,55799,ND,WNC,MRO,NAICS-22 Non-Cogen,22,WT,184602.0,2021
56913,Osceola Windpower II,Osceola Windpower II,56121,IA,WNC,MRO,NAICS-22 Non-Cogen,22,WT,183905.0,2021
56919,FPL Energy Ashtabula Wind LLC,FPL Energy Ashtabula Wind LLC,56122,ND,WNC,MRO,NAICS-22 Non-Cogen,22,WT,601559.0,2021
56920,Panther Creek Wind Farm I,RWE Renewables Americas LLC,56215,TX,WSC,TRE,NAICS-22 Non-Cogen,22,WT,528796.0,2021
56921,Panther Creek Wind Farm II,RWE Renewables Americas LLC,56215,TX,WSC,TRE,NAICS-22 Non-Cogen,22,WT,409637.0,2021
56923,FPL Energy Crystal Lake Wind LLC,FPL Energy Crystal Lake Wind LLC,56123,IA,WNC,MRO,NAICS-22 Non-Cogen,22,WT,524454.0,2021
56924,FPL Energy Story Wind LLC,FPL Energy Story Wind LLC,56119,IA,WNC,MRO,NAICS-22 Non-Cogen,22,WT,553834.0,2021
56925,FPL Energy Crystal Lake Wind II LLC,FPL Energy Crystal Lake Wind II LLC,56124,IA,WNC,MRO,NAICS-22 Non-Cogen,22,WT,684718.0,2021
56933,Threemile Canyon,"Threemile Canyon Wind I, LLC",56159,OR,PACC,WECC,NAICS-22 Non-Cogen,22,WT,22869.0,2021
56934,Cassia Wind,"Cassia Wind Farm, LLC",56158,ID,MTN,WECC,NAICS-22 Non-Cogen,22,WT,18982.0,2021
56935,Cassia Gulch,"Cassia Gulch Wind Park, LLC",56157,ID,MTN,WECC,NAICS-22 Non-Cogen,22,WT,41338.0,2021
56941,Grand Ridge Wind Energy Center,Invenergy Services LLC,49893,IL,ENC,RFC,NAICS-22 Non-Cogen,22,WT,492263.0,2021
56942,Forward Wind Energy Center,Wisconsin Public Service Corp,20860,WI,ENC,MRO,Electric Utility,22,WT,127648.0,2021
56945,High Lonesome Mesa LLC,"High Lonesome Mesa, LLC",64648,NM,MTN,WECC,NAICS-22 Non-Cogen,22,WT,378901.0,2021
56946,Buffalo Bear LLC,"Buffalo Bear, LLC",64633,OK,WSC,MRO,NAICS-22 Non-Cogen,22,WT,22035.0,2021
56947,Elkhorn Ridge Wind LLC,"Elkhorn Ridge Wind, LLC",64631,NE,WNC,MRO,NAICS-22 Non-Cogen,22,WT,166612.0,2021
56952,Willow Creek Energy Center,Invenergy Services LLC,49893,OR,PACC,WECC,NAICS-22 Non-Cogen,22,WT,177371.0,2021
56953,High Sheldon Wind Farm,Invenergy Services LLC,49893,NY,MAT,NPCC,NAICS-22 Non-Cogen,22,WT,222179.0,2021
56956,Bull Creek Wind,Bull Creek Wind LLC,56222,TX,WSC,TRE,NAICS-22 Non-Cogen,22,WT,242128.0,2021
56959,Ocotillo Windpower,Duke Energy DEGS Ocotillo,56273,TX,WSC,TRE,NAICS-22 Non-Cogen,22,WT,30670.0,2021
56960,Happy Jack Windpower Project,Duke Energy DEGS Happy Jack,56271,WY,MTN,WECC,NAICS-22 Non-Cogen,22,WT,67746.0,2021
56961,Notrees Windpower Hybrid,Duke Energy DEGS Notrees,56272,TX,WSC,TRE,NAICS-22 Non-Cogen,22,WT,316210.0,2021
56967,Butter Creek Power LLC,Echo 3,56804,OR,PACC,WECC,NAICS-22 Non-Cogen,22,WT,12806.0,2021
56968,Big Top LLC,Echo 3,56804,OR,PACC,WECC,NAICS-22 Non-Cogen,22,WT,3968.0,2021
56969,Four Corners Windfarm LLC,Echo 2,56803,OR,PACC,WECC,NAICS-22 Non-Cogen,22,WT,18171.0,2021
56970,Four Mile Canyon Windfarm LLC,Echo 2,56803,OR,PACC,WECC,NAICS-22 Non-Cogen,22,WT,22096.0,2021
56971,Oregon Trail Windfarm LLC,Echo 1,56802,OR,PACC,WECC,NAICS-22 Non-Cogen,22,WT,26209.0,2021
56972,Pacific Canyon Windfarm LLC,Echo 1,56802,OR,PACC,WECC,NAICS-22 Non-Cogen,22,WT,19285.0,2021
56973,Sand Ranch Windfarm LLC,Echo 1,56802,OR,PACC,WECC,NAICS-22 Non-Cogen,22,WT,24845.0,2021
56974,Wagon Trail LLC,Echo 3,56804,OR,PACC,WECC,NAICS-22 Non-Cogen,22,WT,7640.0,2021
56975,Ward Butte Windfarm LLC,Echo 1,56802,OR,PACC,WECC,NAICS-22 Non-Cogen,22,WT,17059.0,2021
56979,Panther Creek Wind Farm Three,RWE Renewables Americas LLC,56215,TX,WSC,TRE,NAICS-22 Non-Cogen,22,WT,529964.0,2021
56980,Stony Creek Wind Farm LLC,RWE Renewables Americas LLC,56215,PA,MAT,RFC,NAICS-22 Non-Cogen,22,WT,134575.0,2021
56981,Pyron Wind Farm LLC Hybrid,RWE Renewables Americas LLC,56215,TX,WSC,TRE,NAICS-22 Non-Cogen,22,WT,654944.0,2021
56983,Papalote Creek I LLC,RWE Renewables Americas LLC,56215,TX,WSC,TRE,NAICS-22 Non-Cogen,22,WT,444077.0,2021
56984,Inadale Wind Farm LLC Hybrid,RWE Renewables Americas LLC,56215,TX,WSC,TRE,NAICS-22 Non-Cogen,22,WT,462582.0,2021
56985,Smoky Hills Wind Project Phase II,Smoky Hills Wind Project II LLC,56285,KS,WNC,MRO,NAICS-22 Non-Cogen,22,WT,455044.0,2021
56989,Stetson Wind I,"Evergreen Wind, LLC",59155,ME,NEW,NPCC,NAICS-22 Non-Cogen,22,WT,116606.0,2021
56990,Rollins Wind Project,"Evergreen Wind, LLC",59155,ME,NEW,NPCC,NAICS-22 Non-Cogen,22,WT,148200.0,2021
56991,Stetson Wind II,"Evergreen Wind, LLC",59155,ME,NEW,NPCC,NAICS-22 Non-Cogen,22,WT,51819.0,2021
56994,Grand Meadow,Northern States Power Co - Minnesota,13781,MN,WNC,MRO,Electric Utility,22,WT,215117.0,2021
57002,Oakfield Wind Project,Onward Energy,60453,ME,NEW,NPCC,NAICS-22 Non-Cogen,22,WT,342927.0,2021
57031,Luverne Wind Energy Center,Otter Tail Power Co,14232,ND,WNC,MRO,Electric Utility,22,WT,174859.0,2021
57032,Ashtabula Wind Energy Center,Otter Tail Power Co,14232,ND,WNC,MRO,Electric Utility,22,WT,139379.0,2021
57033,Langdon Wind Energy Center,Otter Tail Power Co,14232,ND,WNC,MRO,Electric Utility,22,WT,144103.0,2021
57038,Bison I Wind Energy Center,"ALLETE, Inc.",12647,ND,WNC,MRO,Electric Utility,22,WT,216375.0,2021
57039,McFadden Ridge,PacifiCorp,14354,WY,MTN,WECC,Electric Utility,22,WT,102523.0,2021
57040,High Plains,PacifiCorp,14354,WY,MTN,WECC,Electric Utility,22,WT,333898.0,2021
57044,Armenia Mountain Wind Farm,Allete Clean Energy,59496,PA,MAT,RFC,NAICS-22 Non-Cogen,22,WT,236583.0,2021
57045,Rolling Thunder Wind Farm Hybrid,AE Power Services LLC,55963,SD,WNC,MRO,NAICS-22 Non-Cogen,22,WT,89246.0,2021
57047,Nobles Wind Project,Northern States Power Co - Minnesota,13781,MN,WNC,MRO,Electric Utility,22,WT,343970.0,2021
57048,Merricourt Wind Energy Center,Otter Tail Power Co,14232,ND,WNC,MRO,Electric Utility,22,WT,501569.0,2021
57049,NaturEner Glacier Wind Energy 1,NaturEner Glacier Wind Energy 1 LLC,56365,MT,MTN,WECC,NAICS-22 Non-Cogen,22,WT,266107.0,2021
57050,NaturEner Glacier Wind Energy 2,NaturEner Glacier Wind Energy 2 LLC,56366,MT,MTN,WECC,NAICS-22 Non-Cogen,22,WT,283544.0,2021
57078,Steel Winds II,"Evergreen Wind, LLC",59155,NY,MAT,NPCC,NAICS-22 Non-Cogen,22,WT,61315.0,2021
57079,Milford Wind Corridor I LLC,Longroad Energy Services LLC,61219,UT,MTN,WECC,NAICS-22 Non-Cogen,22,WT,415707.0,2021
57080,Sheffield Wind,"Evergreen Wind, LLC",59155,VT,NEW,NPCC,NAICS-22 Non-Cogen,22,WT,61466.0,2021
57082,Kaheawa Wind Power II LLC,"Evergreen Wind, LLC",59155,HI,PACN,,NAICS-22 Non-Cogen,22,WT,58192.0,2021
57083,Bull Hill Wind Project,"Evergreen Wind, LLC",59155,ME,NEW,NPCC,NAICS-22 Non-Cogen,22,WT,94669.0,2021
57087,Kahuku Wind Power LLC,"Evergreen Wind, LLC",59155,HI,PACN,,NAICS-22 Non-Cogen,22,WT,44205.0,2021
57090,Campbell Hill Windpower,Duke Energy DEGS Campbell Hill,56378,WY,MTN,WECC,NAICS-22 Non-Cogen,22,WT,301532.0,2021
57091,Silver Sage Windpower,Duke Energy DEGS Silver Sage Wndpwr LLC,56377,WY,MTN,WECC,NAICS-22 Non-Cogen,22,WT,102892.0,2021
57093,Casper Wind Farm,Chevron USA,56394,WY,MTN,WECC,NAICS-22 Non-Cogen,22,WT,14685.0,2021
57094,Streator Cayuga Ridge South,Avangrid Renewables LLC,15399,IL,ENC,RFC,NAICS-22 Non-Cogen,22,WT,739038.0,2021
57095,Penascal II Wind Project LLC,Avangrid Renewables LLC,15399,TX,WSC,TRE,NAICS-22 Non-Cogen,22,WT,252356.0,2021
57096,Star Point Wind Project LLC,Avangrid Renewables LLC,15399,OR,PACC,WECC,NAICS-22 Non-Cogen,22,WT,236569.0,2021
57097,Rugby Wind Power Project,Avangrid Renewables LLC,15399,ND,WNC,MRO,NAICS-22 Non-Cogen,22,WT,411326.0,2021
57098,Dry Lake Wind LLC,Avangrid Renewables LLC,15399,AZ,MTN,WECC,NAICS-22 Non-Cogen,22,WT,118509.0,2021
57106,Mesalands Comm College Wind Turbine,Mesalands Community College,56410,NM,MTN,MRO,Commercial NAICS Non-Cogen,611,WT,1918.0,2021
57107,Milford Wind Corridor Stage II LLC,Milford Wind Corridor Stage II LLC,56409,UT,MTN,WECC,NAICS-22 Non-Cogen,22,WT,199311.0,2021
57108,Blue Canyon Windpower V LLC,Blue Canyon Windpower V LLC,56416,OK,WSC,MRO,NAICS-22 Non-Cogen,22,WT,290315.0,2021
57109,Meadow Lake Wind Farm LLC,Meadow Lake Wind Farm LLC,56417,IN,ENC,RFC,NAICS-22 Non-Cogen,22,WT,413434.0,2021
57110,Blackstone Wind Farm LLC,Blackstone Wind Farm LLC,56418,IL,ENC,RFC,NAICS-22 Non-Cogen,22,WT,247226.0,2021
57111,Lost Lakes Wind Farm LLC,Lost Lakes Wind Farm LLC,56419,IA,WNC,MRO,NAICS-22 Non-Cogen,22,WT,301705.0,2021
57112,Meadow Lake Wind Farm II LLC,Meadow Lake Wind Farm II LLC,56420,IN,ENC,RFC,NAICS-22 Non-Cogen,22,WT,219655.0,2021
57113,Blackstone Wind Farm II LLC,Blackstone Wind Farm II LLC,56421,IL,ENC,RFC,NAICS-22 Non-Cogen,22,WT,522403.0,2021
57115,Meadow Lake Wind Farm III LLC,Meadow Lake Wind Farm III LLC,56423,IN,ENC,RFC,NAICS-22 Non-Cogen,22,WT,233781.0,2021
57116,Quilt Block Wind Farm LLC,Quilt Block Wind Farm LLC,56424,WI,ENC,MRO,NAICS-22 Non-Cogen,22,WT,363612.0,2021
57118,Greensburg,"Greensburg Wind Farm, LLC",56246,KS,WNC,MRO,NAICS-22 Non-Cogen,22,WT,14043.0,2021
57120,Wilton Wind II LLC,Wilton Wind II LLC,56415,ND,WNC,MRO,NAICS-22 Non-Cogen,22,WT,204340.0,2021
57121,Ashtabula Wind II LLC,Ashtabula Wind II LLC,56414,ND,WNC,MRO,NAICS-22 Non-Cogen,22,WT,363744.0,2021
57124,Payne's Ferry,Idaho Wind Partners 1 LLC,56592,ID,MTN,WECC,NAICS-22 Non-Cogen,22,WT,67718.0,2021
57125,Camp Reed,Idaho Wind Partners 1 LLC,56592,ID,MTN,WECC,NAICS-22 Non-Cogen,22,WT,71031.0,2021
57126,Yahoo Creek,Idaho Wind Partners 1 LLC,56592,ID,MTN,WECC,NAICS-22 Non-Cogen,22,WT,58529.0,2021
57130,Beaver Ridge Wind,Beaver Ridge Wind LLC,56439,ME,NEW,NPCC,NAICS-22 Non-Cogen,22,WT,10932.0,2021
57131,Stoney Corners Wind Farm,DTE Sustainable Generation,64331,MI,ENC,RFC,NAICS-22 Non-Cogen,22,WT,122048.0,2021
57135,Big Sky Wind LLC,Big Sky Wind LLC,64499,IL,ENC,RFC,NAICS-22 Non-Cogen,22,WT,309392.0,2021
57136,Tuana Springs,"Tuana Springs Energy, LLC",56475,ID,MTN,WECC,NAICS-22 Non-Cogen,22,WT,33159.0,2021
57137,Eurus Combine Hills Turbine Ranch 2,Eurus Combine Hills II LLC,56483,OR,PACC,WECC,NAICS-22 Non-Cogen,22,WT,146035.0,2021
57139,Cambria Wind LLC,Exus North America Management Partners LLC,63081,PA,MAT,RFC,NAICS-22 Non-Cogen,22,WT,124987.0,2021
57151,Beech Ridge Energy LLC,Invenergy Services LLC,49893,WV,SAT,RFC,NAICS-22 Non-Cogen,22,WT,253731.0,2021
57152,Harvest Wind Project,Harvest Wind Project TIC,56499,WA,PACC,WECC,NAICS-22 Non-Cogen,22,WT,270055.0,2021
57153,Langford Wind Power,Langford Wind Power LLC,56506,TX,WSC,TRE,NAICS-22 Non-Cogen,22,WT,395943.0,2021
57156,Barton Chapel Wind Farm,Avangrid Renewables LLC,15399,TX,WSC,TRE,NAICS-22 Non-Cogen,22,WT,243126.0,2021
57159,Windy Flats Wind Project,Windy Flats Partners LLC,56514,WA,PACC,WECC,NAICS-22 Non-Cogen,22,WT,705342.0,2021
57171,Cedar Hills Wind Farm,Montana-Dakota Utilities Co,12199,ND,WNC,MRO,Electric Utility,22,WT,58078.0,2021
57174,Colorado Highlands Wind,Colorado Highlands Wind LLC,56523,CO,MTN,WECC,NAICS-22 Non-Cogen,22,WT,351747.0,2021
57176,University of Delaware Wind Turbine,First State Marine Wind,56518,DE,SAT,RFC,Commercial NAICS Non-Cogen,611,WT,4849.0,2021
57177,Meadow Lake Wind Farm IV,Meadow Lake Wind Farm IV LLC,56520,IN,ENC,RFC,NAICS-22 Non-Cogen,22,WT,168130.0,2021
57182,PPL Frey Farm Landfill Wind,EPP Renewable Energy,57249,PA,MAT,RFC,NAICS-22 Non-Cogen,22,WT,5662.0,2021
57187,Pillar Mountain Wind Project Microgrid,Kodiak Electric Assn Inc,10433,AK,PACN,,Electric Utility,22,WT,25238.0,2021
57188,Vantage Wind Energy LLC,Invenergy Services LLC,49893,WA,PACC,WECC,NAICS-22 Non-Cogen,22,WT,287627.0,2021
57189,Lost Creek Wind Energy Facility,Pattern Operators LP,56545,MO,WNC,SERC,NAICS-22 Non-Cogen,22,WT,387840.0,2021
57192,Spring Valley Wind Project,Pattern Operators LP,56545,NV,MTN,WECC,NAICS-22 Non-Cogen,22,WT,339944.0,2021
57194,Day County Wind LLC,Day County Wind LLC,56561,SD,WNC,MRO,NAICS-22 Non-Cogen,22,WT,419808.0,2021
57195,Lower Snake River Wind Energy Project,Puget Sound Energy Inc,15500,WA,PACC,WECC,Electric Utility,22,WT,934208.0,2021
57198,Bent Tree Wind Farm Phase 1,Wisconsin Power & Light Co,20856,MN,WNC,MRO,Electric Utility,22,WT,309561.0,2021
57199,Glacier Hills,Wisconsin Electric Power Co,20847,WI,ENC,RFC,Electric Utility,22,WT,348064.0,2021
57201,FPL Energy Montezuma Winds LLC,FPL Energy Montezuma Wind,56555,CA,PACC,WECC,NAICS-22 Non-Cogen,22,WT,107479.0,2021
57210,Cedar Creek II,AE Power Services LLC,55963,CO,MTN,WECC,NAICS-22 Non-Cogen,22,WT,476740.0,2021
57211,Goshen Phase II,AE Power Services LLC,55963,ID,MTN,WECC,NAICS-22 Non-Cogen,22,WT,371528.0,2021
57212,Papalote Creek II LLC,RWE Renewables Americas LLC,56215,TX,WSC,TRE,NAICS-22 Non-Cogen,22,WT,424258.0,2021
57214,Waverly Community Wind Project,Waverly Municipal Elec Utility,20214,IA,WNC,MRO,Electric Utility,22,WT,5664.0,2021
57239,Roth Rock Wind Farm LLC,Roth Rock Wind Farm LLC,56603,MD,SAT,RFC,NAICS-22 Non-Cogen,22,WT,95967.0,2021
57240,"Roth Rock North Wind Farm, LLC",Roth Rock Wind Farm LLC,56603,MD,SAT,RFC,NAICS-22 Non-Cogen,22,WT,23991.0,2021
57244,Kit Carson Windpower,Kit Carson Windpower LLC,56612,CO,MTN,WECC,NAICS-22 Non-Cogen,22,WT,172452.0,2021
57248,Welcome Wind Turbine,Federated Rural Electric Assn,6258,MN,WNC,MRO,Electric Utility,22,WT,4587.0,2021
57251,Lakota Wind Wind Farm,Iowa Lakes Electric Coop,9425,IA,WNC,MRO,Electric Utility,22,WT,34151.0,2021
57252,Iowa Lakes Superior Wind Farm,Iowa Lakes Electric Coop,9425,IA,WNC,MRO,Electric Utility,22,WT,35726.0,2021
57253,MA Military Reservation Wind Project,Air Force Civil Engineer Center,56619,MA,NEW,NPCC,NAICS-22 Non-Cogen,22,WT,7831.0,2021
57257,Iowa Lakes Community College Wind Farm,Iowa Lakes Community College,56617,IA,WNC,MRO,Commercial NAICS Non-Cogen,611,WT,3422.0,2021
57258,Texico Wind Ranch LP,Texico Wind LP,56630,NM,MTN,WECC,NAICS-22 Non-Cogen,22,WT,509.0,2021
57260,Cedro Hill Wind LLC,"Cedro Hill Wind, LLC",64634,TX,WSC,TRE,NAICS-22 Non-Cogen,22,WT,484052.0,2021
57261,Taloga Wind LLC,Taloga Wind LLC,64663,OK,WSC,MRO,NAICS-22 Non-Cogen,22,WT,216478.0,2021
57262,Laredo Ridge Wind LLC,Laredo Ridge Wind LLC,64649,NE,WNC,MRO,NAICS-22 Non-Cogen,22,WT,305518.0,2021
57268,Chestnut Flats Wind Farm,"EDF Renewable Asset Holdings, Inc.",57170,PA,MAT,RFC,NAICS-22 Non-Cogen,22,WT,88177.0,2021
57274,Grant County Wind LLC,"Grant County Wind, LLC",56642,MN,WNC,MRO,NAICS-22 Non-Cogen,22,WT,47453.0,2021
57278,Crofton Bluffs Wind LLC,"Crofton Bluffs Wind, LLC",64636,NE,WNC,MRO,NAICS-22 Non-Cogen,22,WT,162638.0,2021
57282,Alta Wind Energy Center I,Alta Wind Energy Center I,64618,CA,PACC,WECC,NAICS-22 Non-Cogen,22,WT,415045.0,2021
57283,Flat Water Wind Farm LLC,Flat Water Wind Farm LLC,56625,NE,WNC,MRO,NAICS-22 Non-Cogen,22,WT,205771.0,2021
57284,Minonk Wind Farm,Algonquin Power Co,59050,IL,ENC,RFC,NAICS-22 Non-Cogen,22,WT,622030.0,2021
57285,Sandy Ridge Wind Farm,Algonquin Power Co,59050,PA,MAT,RFC,NAICS-22 Non-Cogen,22,WT,134868.0,2021
57286,OU Spirit Wind Farm,Oklahoma Gas & Electric Co,14063,OK,WSC,MRO,Electric Utility,22,WT,151313.0,2021
57287,Hardscrabble Wind Power LLC,Avangrid Renewables LLC,15399,NY,MAT,NPCC,NAICS-22 Non-Cogen,22,WT,158767.0,2021
57289,Big Blue,Big Blue Wind Farm LLC (MN),58150,MN,WNC,MRO,NAICS-22 Non-Cogen,22,WT,69637.0,2021
57290,Northern Colorado Wind LLC,Northern Colorado Wind LLC,56653,CO,MTN,WECC,NAICS-22 Non-Cogen,22,WT,452025.0,2021
57291,Alta Wind Energy Center II,Alta Wind Energy Center II,64620,CA,PACC,WECC,NAICS-22 Non-Cogen,22,WT,352140.0,2021
57292,Alta Wind Energy Center III,Alta Wind Energy Center III,64621,CA,PACC,WECC,NAICS-22 Non-Cogen,22,WT,362991.0,2021
57293,Alta Wind Energy Center IV,Alta Wind Energy Center IV,64622,CA,PACC,WECC,NAICS-22 Non-Cogen,22,WT,177821.0,2021
57294,Alta Wind Energy Center V,Alta Wind Energy Center V,64623,CA,PACC,WECC,NAICS-22 Non-Cogen,22,WT,274243.0,2021
57296,Carleton College,Carleton College,56654,MN,WNC,MRO,Commercial NAICS Non-Cogen,611,WT,6803.0,2021
57299,Dunlap,PacifiCorp,14354,WY,MTN,WECC,Electric Utility,22,WT,435043.0,2021
57300,Criterion,Criterion Power Partners LLC,56661,MD,SAT,RFC,NAICS-22 Non-Cogen,22,WT,179659.0,2021
57302,Garnet Wind Energy Center,Terra-Gen Operating Co-Wind,2770,CA,PACC,WECC,NAICS-22 Non-Cogen,22,WT,15032.0,2021
57303,Loraine Windpark Project LLC,Loraine Windpower Project,56667,TX,WSC,TRE,NAICS-22 Non-Cogen,22,WT,324203.0,2021
57315,Cedar Point Wind,Cedar Point LLC,56662,CO,MTN,WECC,NAICS-22 Non-Cogen,22,WT,495999.0,2021
57319,Big Horn Wind II,Avangrid Renewables LLC,15399,WA,PACC,WECC,NAICS-22 Non-Cogen,22,WT,128599.0,2021
57320,Juniper Canyon I Wind Project,Avangrid Renewables LLC,15399,WA,PACC,WECC,NAICS-22 Non-Cogen,22,WT,348328.0,2021
57325,FPL Energy Illinois Wind LLC Hybrid,FPL Energy Illinois Wind LLC,56678,IL,ENC,RFC,NAICS-22 Non-Cogen,22,WT,676091.0,2021
57326,Sunray Wind I,Diamond Shamrock Refining Company LP,56680,TX,WSC,TRE,NAICS-22 Non-Cogen,22,WT,156882.0,2021
57327,Top of the World Windpower Project,Duke Energy Top Of the World WindPower,56682,WY,MTN,WECC,NAICS-22 Non-Cogen,22,WT,401313.0,2021
57332,Crossroads Wind Farm,Oklahoma Gas & Electric Co,14063,OK,WSC,MRO,Electric Utility,22,WT,805600.0,2021
57333,Leaning Juniper Wind Power II,Avangrid Renewables LLC,15399,OR,PACC,WECC,NAICS-22 Non-Cogen,22,WT,443193.0,2021
57342,White Oak Energy LLC,White Oak Energy LLC,56684,IL,ENC,SERC,NAICS-22 Non-Cogen,22,WT,410549.0,2021
57346,Elk City LLC,Elk City LLC,56683,OK,WSC,MRO,NAICS-22 Non-Cogen,22,WT,633362.0,2021
57347,Baldwin Wind LLC,Baldwin Wind LLC,56688,ND,WNC,MRO,NAICS-22 Non-Cogen,22,WT,392373.0,2021
57351,Uilk Wind LLC,RENEW Energy Inc,56689,MN,WNC,MRO,Commercial NAICS Non-Cogen,561,WT,11823.0,2021
57354,Fox Island Wind LLC,Fox Island Wind LLC,56693,ME,NEW,NPCC,NAICS-22 Non-Cogen,22,WT,8311.0,2021
57357,Red Mesa Wind LLC,Red Mesa Wind LLC,56698,NM,MTN,WECC,NAICS-22 Non-Cogen,22,WT,196105.0,2021
57358,Keenan II Renewable Energy Co LLC,CPV Keenan II Renewable Energy Co LLC,56699,OK,WSC,MRO,NAICS-22 Non-Cogen,22,WT,529472.0,2021
57374,Lakefield Wind Project LLC,"EDF Renewable Asset Holdings, Inc.",57170,MN,WNC,MRO,NAICS-22 Non-Cogen,22,WT,300445.0,2021
57375,Adams Wind Generations LLC,"BEAM US, LLC",63024,MN,WNC,MRO,NAICS-22 Non-Cogen,22,WT,53245.0,2021
57379,"Poseidon Wind, LLC","Axium Arizona Renewables, LLC",63287,AZ,MTN,WECC,NAICS-22 Non-Cogen,22,WT,119130.0,2021
57380,New England Wind LLC,Avangrid Renewables LLC,15399,MA,NEW,NPCC,NAICS-22 Non-Cogen,22,WT,78477.0,2021
57385,Community Wind North LLC,Northern States Power Co - Minnesota,13781,MN,WNC,MRO,Electric Utility,22,WT,106070.0,2021
57386,Ridgewind,Ridgewind Power Partners LLC,56715,MN,WNC,MRO,NAICS-22 Non-Cogen,22,WT,80511.0,2021
57387,Ashtabula Wind III LLC,Ashtabula Wind III LLC,56727,ND,WNC,MRO,NAICS-22 Non-Cogen,22,WT,202740.0,2021
57396,Danielson Wind Farms LLC,"BEAM US, LLC",63024,MN,WNC,MRO,NAICS-22 Non-Cogen,22,WT,54983.0,2021
57414,Notus Wind 1,Notus Clean Energy LLC,56742,MA,NEW,NPCC,NAICS-22 Non-Cogen,22,WT,4343.0,2021
57415,Sherbino II,Sherbino II Wind Farm LLC,62077,TX,WSC,TRE,NAICS-22 Non-Cogen,22,WT,536279.0,2021
57417,Elk Wind Farm,Greenbacker Renewable Energy Corporation,60025,IA,WNC,MRO,NAICS-22 Non-Cogen,22,WT,133953.0,2021
57421,Gratiot Wind Park,DTE Electric Company,5109,MI,ENC,RFC,Electric Utility,22,WT,233685.0,2021
57424,Buffalo Ridge II LLC,Avangrid Renewables LLC,15399,SD,WNC,WECC,NAICS-22 Non-Cogen,22,WT,328131.0,2021
57427,Ryegrass Windfarm,"Mountain Air Projects, LLC",64742,ID,MTN,WECC,NAICS-22 Non-Cogen,22,WT,54992.0,2021
57428,Hammett Hill Windfarm,"Mountain Air Projects, LLC",64742,ID,MTN,WECC,NAICS-22 Non-Cogen,22,WT,59701.0,2021
57429,Mainline Windfarm,"Mountain Air Projects, LLC",64742,ID,MTN,WECC,NAICS-22 Non-Cogen,22,WT,58038.0,2021
57430,Desert Meadow Windfarm,"Mountain Air Projects, LLC",64742,ID,MTN,WECC,NAICS-22 Non-Cogen,22,WT,60714.0,2021
57431,Cold Springs Windfarm,"Mountain Air Projects, LLC",64742,ID,MTN,WECC,NAICS-22 Non-Cogen,22,WT,52699.0,2021
57432,Oak Glen Wind Farm,Minnesota Municipal Power Agny,12667,MN,WNC,MRO,Electric Utility,22,WT,83457.0,2021
57434,Valley View Transmission LLC,Consolidated Edison Development Inc.,56769,MN,WNC,MRO,NAICS-22 Non-Cogen,22,WT,24604.0,2021
57444,Two Ponds Windfarm,"Mountain Air Projects, LLC",64742,ID,MTN,WECC,NAICS-22 Non-Cogen,22,WT,61349.0,2021
57447,Laurel Mountain Hybrid,AES Wind Generation Inc,19740,WV,SAT,RFC,NAICS-22 Non-Cogen,22,WT,185748.0,2021
57449,Blue Creek Wind Project,Avangrid Renewables LLC,15399,OH,ENC,RFC,NAICS-22 Non-Cogen,22,WT,732582.0,2021
57459,Mountain View IV,AES Wind Generation Inc,19740,CA,PACC,WECC,NAICS-22 Non-Cogen,22,WT,163176.0,2021
57463,Bishop Hill Energy LLC,SunEdison LLC,59139,IL,ENC,RFC,NAICS-22 Non-Cogen,22,WT,611289.0,2021
57468,Crystal Lake 3 LLC,Crystal Lake 3 LLC,56786,IA,WNC,MRO,NAICS-22 Non-Cogen,22,WT,181174.0,2021
57469,Garden Wind LLC,Garden Wind LLC,56787,IA,WNC,MRO,NAICS-22 Non-Cogen,22,WT,370724.0,2021
57474,Ralls Wind Farm,Ralls Wind Farm LLC,56790,TX,WSC,MRO,NAICS-22 Non-Cogen,22,WT,17245.0,2021
57484,Manzana Wind LLC,Avangrid Renewables LLC,15399,CA,PACC,WECC,NAICS-22 Non-Cogen,22,WT,554198.0,2021
57493,Settlers Trail Wind Farm LLC,RWE Renewables Americas LLC,56215,IL,ENC,SERC,NAICS-22 Non-Cogen,22,WT,371025.0,2021
57500,Laurel Wind Farm,MidAmerican Energy Co,12341,IA,WNC,MRO,Electric Utility,22,WT,360530.0,2021
57501,Rolling Hills Wind Farm,MidAmerican Energy Co,12341,IA,WNC,MRO,Electric Utility,22,WT,1095296.0,2021
57514,Ocotillo Express LLC,Pattern Operators LP,56545,CA,PACC,WECC,NAICS-22 Non-Cogen,22,WT,438928.0,2021
57516,KODE Novus I,DeWind Co.,56627,OK,WSC,MRO,NAICS-22 Non-Cogen,22,WT,11614.0,2021
57520,Trinity Hills,Trinity Hills Wind Farm LLC,62075,TX,WSC,TRE,NAICS-22 Non-Cogen,22,WT,804197.0,2021
57526,North Hurlburt Wind LLC,Caithness Shepherds Flat LLC,56865,OR,PACC,WECC,NAICS-22 Non-Cogen,22,WT,569666.0,2021
57529,Kawailoa Wind,Kawailoa Wind LLC,56868,HI,PACN,,NAICS-22 Non-Cogen,22,WT,129102.0,2021
57530,Palouse,Onward Energy,60453,WA,PACC,WECC,NAICS-22 Non-Cogen,22,WT,360783.0,2021
57531,Bingham Wind,Onward Energy,60453,ME,NEW,NPCC,NAICS-22 Non-Cogen,22,WT,498067.0,2021
57549,South Hurlburt Wind LLC,Caithness Shepherds Flat LLC,56865,OR,PACC,WECC,NAICS-22 Non-Cogen,22,WT,622783.0,2021
57550,Horseshoe Bend Wind LLC,Caithness Shepherds Flat LLC,56865,OR,PACC,WECC,NAICS-22 Non-Cogen,22,WT,621213.0,2021
57553,Shirley Wind,Shirley Wind LLC,56891,WI,ENC,MRO,NAICS-22 Non-Cogen,22,WT,53160.0,2021
57568,Record Hill Wind,Record Hill Wind LLC,56909,ME,NEW,NPCC,NAICS-22 Non-Cogen,22,WT,123100.0,2021
57570,Cooper Farms VW Project,Cooper Hatchery Inc.,56912,OH,ENC,RFC,Industrial NAICS Non-Cogen,311,WT,12484.0,2021
57578,PaTu Wind Farm LLC,PaTu Wind Farm LLC,56916,OR,PACC,WECC,NAICS-22 Non-Cogen,22,WT,30203.0,2021
57586,Shiloh III Wind Project LLC,"EDF Renewable Asset Holdings, Inc.",57170,CA,PACC,WECC,NAICS-22 Non-Cogen,22,WT,317603.0,2021
57590,"Minco Wind I, LLC","FPLE Wind, LLC",56925,OK,WSC,MRO,NAICS-22 Non-Cogen,22,WT,349618.0,2021
57593,Broken Bow Wind LLC,Broken Bow Wind LLC,64616,NE,WNC,MRO,NAICS-22 Non-Cogen,22,WT,282732.0,2021
57594,Teichert Materials-Teichert Vernalis,"Foundation HA Energy Generation, LLC",56930,CA,PACC,WECC,NAICS-22 Non-Cogen,22,WT,1991.0,2021
57595,Pinnacle Wind Force LLC,"Pinnacle Wind, LLC",64537,WV,SAT,RFC,NAICS-22 Non-Cogen,22,WT,68631.0,2021
57609,New Harvest Wind Project LLC,Avangrid Renewables LLC,15399,IA,WNC,MRO,NAICS-22 Non-Cogen,22,WT,257209.0,2021
57613,LE Wind Turbine 1,Lincoln Electric Company,56952,OH,ENC,RFC,Industrial NAICS Non-Cogen,333,WT,3691.0,2021
57614,Waverly Wind Farm LLC,Waverly Wind Farm LLC,56948,KS,WNC,MRO,NAICS-22 Non-Cogen,22,WT,735181.0,2021
57616,Blue Canyon Windpower VI LLC,Blue Canyon Windpower VI LLC,56945,OK,WSC,MRO,NAICS-22 Non-Cogen,22,WT,340799.0,2021
57617,Hidalgo Wind Farm LLC,Hidalgo Wind Farm LLC,56946,TX,WSC,TRE,NAICS-22 Non-Cogen,22,WT,671481.0,2021
57620,Paulding Wind Farm II,Paulding Wind Farm II LLC,56936,OH,ENC,RFC,NAICS-22 Non-Cogen,22,WT,301855.0,2021
57621,Rising Tree Wind Farm,Rising Tree Wind Farm LLC,56937,CA,PACC,WECC,NAICS-22 Non-Cogen,22,WT,246855.0,2021
57623,Bright Stalk Wind Farm I,Lexington Chenoa Wind Farm LLC,56940,IL,ENC,SERC,NAICS-22 Non-Cogen,22,WT,702191.0,2021
57626,Foundation ST,"Foundation HA Energy Generation, LLC",56930,CA,PACC,WECC,NAICS-22 Non-Cogen,22,WT,3008.0,2021
57628,Meadow Lake Wind Farm V LLC,Meadow Lake Wind Farm V LLC,56941,IN,ENC,RFC,NAICS-22 Non-Cogen,22,WT,324254.0,2021
57631,Wolverine,"Wolverine Wind Energy, LLC",56962,IA,WNC,MRO,NAICS-22 Non-Cogen,22,WT,4770.0,2021
57632,Bulldog,"Bulldog Wind Energy, LLC",56961,IA,WNC,MRO,NAICS-22 Non-Cogen,22,WT,4400.0,2021
57635,Linden Wind Energy Project,Los Angeles Department of Water & Power,11208,WA,PACC,WECC,Electric Utility,22,WT,122562.0,2021
57637,Union City Wind Turbine,Performance Services,56855,IN,ENC,RFC,NAICS-22 Non-Cogen,22,WT,0.0,2021
57638,Randolph Eastern School Wind Turbine,Performance Services,56855,IN,ENC,RFC,Commercial NAICS Non-Cogen,611,WT,0.0,2021
57639,Ironwood Wind,Ironwood Windpower LLC,56967,KS,WNC,MRO,NAICS-22 Non-Cogen,22,WT,609919.0,2021
57643,"Vestas Towers America, Inc.","CS Wind America, Inc.",64489,CO,MTN,WECC,Industrial NAICS Non-Cogen,311,WT,2791.0,2021
57644,Prairie Rose Wind Farm,"Enel Green Power NA, Inc.",59380,MN,WNC,MRO,NAICS-22 Non-Cogen,22,WT,631523.0,2021
57648,Henkel U.S. Operations Corporation,Henkel U.S. Operations Corporation,56977,NY,MAT,NPCC,Industrial NAICS Non-Cogen,339,WT,1674.0,2021
57649,Elm Creek Wind II LLC,Avangrid Renewables LLC,15399,MN,WNC,MRO,NAICS-22 Non-Cogen,22,WT,252749.0,2021
57663,Cimarron Windpower II,"Cimarron Windpower II, LLC",56988,KS,WNC,MRO,NAICS-22 Non-Cogen,22,WT,548741.0,2021
57675,"Pioneer Trail Wind Farm, LLC",RWE Renewables Americas LLC,56215,IL,ENC,SERC,NAICS-22 Non-Cogen,22,WT,447598.0,2021
57678,"Post Rock Wind Power Project, LLC",Pattern Operators LP,56545,KS,WNC,WECC,NAICS-22 Non-Cogen,22,WT,762413.0,2021
57700,Vasco Winds,"Vasco Winds, LLC",57024,CA,PACC,WECC,NAICS-22 Non-Cogen,22,WT,252725.0,2021
57701,Montezuma Wind II,"NextEra Energy Montezuma Wind II, LLC",57026,CA,PACC,WECC,NAICS-22 Non-Cogen,22,WT,238444.0,2021
57721,Berkshire Wind Power Project,Massachusetts Mun Wholes Electric Co,11806,MA,NEW,NPCC,Electric Utility,22,WT,43334.0,2021
57725,Shiloh IV Wind Project LLC,"EDF Renewable Asset Holdings, Inc.",57170,CA,PACC,WECC,NAICS-22 Non-Cogen,22,WT,326645.0,2021
57732,UMM Wind Turbine,University of Minnesota Morris Campus,57046,MN,WNC,MRO,Commercial NAICS Non-Cogen,611,WT,5009.0,2021
57741,Suzlon Project VIII LLC,Suzlon Project VIII LLC,57054,TX,WSC,TRE,NAICS-22 Non-Cogen,22,WT,0.0,2021
57744,Laurel Hill Wind,Laurel Wind Energy LLC,57053,PA,MAT,RFC,NAICS-22 Non-Cogen,22,WT,157969.0,2021
57748,Gordon Butte Wind LLC,Gordon Butte Wind LLC,57042,MT,MTN,WECC,NAICS-22 Non-Cogen,22,WT,68976.0,2021
57749,Sawtooth Wind Project,Idaho Winds LLC,57041,ID,MTN,WECC,NAICS-22 Non-Cogen,22,WT,54175.0,2021
57751,Los Vientos Wind 1A,"Los Vientos Wind 1A, LLC",57063,TX,WSC,TRE,NAICS-22 Non-Cogen,22,WT,364696.0,2021
57752,Los Vientos Wind 1B,"Los Vientos Wind 1B, LLC",57064,TX,WSC,TRE,NAICS-22 Non-Cogen,22,WT,466084.0,2021
57755,TPW Petersburg,TPW Petersburg LLC,57050,NE,WNC,MRO,NAICS-22 Non-Cogen,22,WT,155137.0,2021
57756,Coastal Energy Project,Coastal Community Action Program,57066,WA,PACC,WECC,NAICS-22 Non-Cogen,22,WT,13944.0,2021
57757,Pacific Wind LLC,"EDF Renewable Asset Holdings, Inc.",57170,CA,PACC,WECC,NAICS-22 Non-Cogen,22,WT,329665.0,2021
57760,Power County Wind Park South,Power County Wind Park South LLC,57068,ID,MTN,WECC,NAICS-22 Non-Cogen,22,WT,60838.0,2021
57761,Power County Wind Park North,Power County Wind Park North LLC,57069,ID,MTN,WECC,NAICS-22 Non-Cogen,22,WT,66127.0,2021
57762,Cimarron Wind Energy LLC,Cimarron Wind Energy LLC,58143,KS,WNC,MRO,NAICS-22 Non-Cogen,22,WT,635848.0,2021
57766,Rockland Wind Farm,Ridgeline Energy LLC,57075,ID,MTN,WECC,NAICS-22 Non-Cogen,22,WT,276092.0,2021
57767,Brown County Wind Turbine,Adams Electric Cooperative,57077,IL,ENC,SERC,Electric Utility,22,WT,2871.0,2021
57769,Mehoopany Wind Energy LLC,AE Power Services LLC,55963,PA,MAT,RFC,NAICS-22 Non-Cogen,22,WT,381512.0,2021
57774,Windstar 1,Brookfield Renewable Trading and Marketing LP,63235,CA,PACC,WECC,NAICS-22 Non-Cogen,22,WT,215580.0,2021
57775,Kingman 1,Brookfield Renewable Trading and Marketing LP,63235,AZ,MTN,WECC,NAICS-22 Non-Cogen,22,WT,20704.0,2021
57787,Flat Ridge 2 Wind Energy LLC,AE Power Services LLC,55963,KS,WNC,MRO,NAICS-22 Non-Cogen,22,WT,1719670.0,2021
57791,Foundation AB,"Foundation HA Energy Generation, LLC",56930,CA,PACC,WECC,NAICS-22 Non-Cogen,22,WT,2349.0,2021
57792,Foundation IE,"Foundation HA Energy Generation, LLC",56930,CA,PACC,WECC,NAICS-22 Non-Cogen,22,WT,500.0,2021
57800,Bison 2 Wind Energy Center,"ALLETE, Inc.",12647,ND,WNC,MRO,Electric Utility,22,WT,299770.0,2021
57801,Bison 3 Wind Energy Center,"ALLETE, Inc.",12647,ND,WNC,MRO,Electric Utility,22,WT,300931.0,2021
57802,Magic Valley Wind Farm I LLC,RWE Renewables Americas LLC,56215,TX,WSC,TRE,NAICS-22 Non-Cogen,22,WT,495030.0,2021
57803,Lime Wind,Lime Wind LLC,57122,OR,PACC,WECC,NAICS-22 Non-Cogen,22,WT,6309.0,2021
57813,GL Wind,GL Wind LLC,57127,MN,WNC,MRO,NAICS-22 Non-Cogen,22,WT,9161.0,2021
57823,WCROC Wind Farm,University of Minnesota WCROC,57138,MN,WNC,MRO,NAICS-22 Non-Cogen,22,WT,4336.0,2021
57830,Rippey Wind Farm,Greenbacker Renewable Energy Corporation,60025,IA,WNC,MRO,NAICS-22 Non-Cogen,22,WT,124561.0,2021
57832,Hawkeye Wind Farm,Greenbacker Renewable Energy Corporation,60025,IA,WNC,MRO,NAICS-22 Non-Cogen,22,WT,130700.0,2021
57833,Mustang Hills LLC,Longroad Energy Services 2,63800,CA,PACC,WECC,NAICS-22 Non-Cogen,22,WT,296815.0,2021
57834,Pinyon Pine I,"Pinyon Pines Wind I, LLC",59868,CA,PACC,WECC,NAICS-22 Non-Cogen,22,WT,312631.0,2021
57835,Alta Wind VIII,Brookfield Renewable Trading and Marketing LP,63235,CA,PACC,WECC,NAICS-22 Non-Cogen,22,WT,188556.0,2021
57837,Pinyon Pine II,"Pinyon Pines Wind II, LLC",59869,CA,PACC,WECC,NAICS-22 Non-Cogen,22,WT,228241.0,2021
57844,Franklin County Wind Farm,Interstate Power and Light Co,9417,IA,WNC,MRO,Electric Utility,22,WT,206153.0,2021
57851,Sigel Wind Park,DTE Electric Company,5109,MI,ENC,RFC,Electric Utility,22,WT,244509.0,2021
57852,Minden Wind Park,DTE Electric Company,5109,MI,ENC,RFC,Electric Utility,22,WT,109068.0,2021
57853,McKinley Wind Park,DTE Electric Company,5109,MI,ENC,RFC,Electric Utility,22,WT,49114.0,2021
57855,Ipswich Wind Turbine,Town of Ipswich - (MA),9442,MA,NEW,NPCC,Electric Utility,22,WT,3637.0,2021
57858,Caney River Wind Project,Caney River Wind Project,57191,KS,WNC,MRO,NAICS-22 Non-Cogen,22,WT,672562.0,2021
57862,"Wildcat Wind Farm I, LLC",RWE Renewables Americas LLC,56215,IN,ENC,RFC,NAICS-22 Non-Cogen,22,WT,640092.0,2021
57866,Golden Spread Panhandle Wnd Rch,"Golden Spread Electric Cooperative, Inc",7349,TX,WSC,MRO,Electric Utility,22,WT,202345.0,2021
57867,Howard Wind Farm,Longroad Energy Services 2,63800,NY,MAT,NPCC,NAICS-22 Non-Cogen,22,WT,108770.0,2021
57873,Eclipse Wind Farm,MidAmerican Energy Co,12341,IA,WNC,MRO,Electric Utility,22,WT,680924.0,2021
57874,Vienna Wind Farm,MidAmerican Energy Co,12341,IA,WNC,MRO,Electric Utility,22,WT,488854.0,2021
57875,Morning Light Wind Farm,MidAmerican Energy Co,12341,IA,WNC,MRO,Electric Utility,22,WT,323577.0,2021
57880,Eolos Wind Energy Research Field Station,Regents of the University of Minnesota,57215,MN,WNC,MRO,NAICS-22 Non-Cogen,22,WT,2945.0,2021
57887,Wildcat Wind,"Wildcat Wind, LLC",57257,NM,MTN,MRO,NAICS-22 Non-Cogen,22,WT,78258.0,2021
57888,Harvest 2,"Harvest II Windfarm, LLC",57256,MI,ENC,RFC,NAICS-22 Non-Cogen,22,WT,185224.0,2021
57889,KODE Novus II,DeWind Co.,56627,OK,WSC,MRO,NAICS-22 Non-Cogen,22,WT,11614.0,2021
57890,"Horse Butte Wind I, LLC",Utah Associated Mun Power Sys,40575,ID,MTN,WECC,Electric Utility,22,WT,175122.0,2021
57913,Tule Wind LLC,Avangrid Renewables LLC,15399,CA,PACC,WECC,NAICS-22 Non-Cogen,22,WT,342718.0,2021
57927,Baffin Wind,Avangrid Renewables LLC,15399,TX,WSC,TRE,NAICS-22 Non-Cogen,22,WT,438974.0,2021
57935,Eva Creek Wind,Golden Valley Elec Assn Inc,7353,AK,PACN,,Electric Utility,22,WT,56648.0,2021
57947,Macho Springs Power I,Capital Power Corporation,59365,NM,MTN,WECC,NAICS-22 Non-Cogen,22,WT,124325.0,2021
57956,"Minco Wind II, LLC","FPLE Wind, LLC",56925,OK,WSC,MRO,NAICS-22 Non-Cogen,22,WT,295089.0,2021
57962,Brookfield Tehachapi 1,"Coram California Development, L.P.",60081,CA,PACC,WECC,NAICS-22 Non-Cogen,22,WT,274372.0,2021
57963,Musselshell Wind Project,Musselshell Wind Project LLC,57333,MT,MTN,WECC,NAICS-22 Non-Cogen,22,WT,23956.0,2021
57964,Shady Oaks Wind Farm,Algonquin Power Co,59050,IL,ENC,MRO,NAICS-22 Non-Cogen,22,WT,319311.0,2021
57965,Musselshell Wind Project Two LLC,Musselshell Wind Project Two LLC,57338,MT,MTN,WECC,NAICS-22 Non-Cogen,22,WT,28769.0,2021
57968,Cashton Greens Wind Farm,Cashton Greens Wind Farm LLC,57340,WI,ENC,MRO,NAICS-22 Non-Cogen,22,WT,10548.0,2021
57973,Spinning Spur Wind LLC,"EDF Renewable Asset Holdings, Inc.",57170,TX,WSC,MRO,NAICS-22 Non-Cogen,22,WT,652451.0,2021
57974,Bobcat Bluff Wind Project LLC,"EDF Renewable Asset Holdings, Inc.",57170,TX,WSC,TRE,NAICS-22 Non-Cogen,22,WT,517939.0,2021
57975,Spearville 3 LLC,"EDF Renewable Asset Holdings, Inc.",57170,KS,WNC,MRO,NAICS-22 Non-Cogen,22,WT,328386.0,2021
57976,Pocahontas Prairie Wind Farm,MidAmerican Energy Co,12341,IA,WNC,MRO,Electric Utility,22,WT,183891.0,2021
57979,Kingdom Community Wind,Green Mountain Power Corp,7601,VT,NEW,NPCC,Electric Utility,22,WT,151245.0,2021
57980,Busch Ranch Wind Energy Farm,"Black Hills Colorado Electric, LLC",56146,CO,MTN,WECC,Electric Utility,22,WT,87415.0,2021
57981,Senate Wind LLC,Algonquin Power Co,59050,TX,WSC,TRE,NAICS-22 Non-Cogen,22,WT,480504.0,2021
57983,Stephens Ranch Wind Energy LLC,Stephens Ranch Wind Energy LLC,57355,TX,WSC,TRE,NAICS-22 Non-Cogen,22,WT,1249592.0,2021
57984,Lake Winds Energy Park,Consumers Energy Co,4254,MI,ENC,RFC,Electric Utility,22,WT,239388.0,2021
57987,Canadian Hills Wind,Canadian Hills Wind LLC,57363,OK,WSC,MRO,NAICS-22 Non-Cogen,22,WT,835264.0,2021
57991,Highland North Wind Farm,Longroad Energy Services 2,63800,PA,MAT,RFC,NAICS-22 Non-Cogen,22,WT,172711.0,2021
57995,NaturEner Rim Rock Energy,NaturEner Rim Rock Energy LLC,57370,MT,MTN,WECC,NAICS-22 Non-Cogen,22,WT,644950.0,2021
57996,Auwahi Wind Energy Hybrid,Auwahi Wind Energy LLC,57372,HI,PACN,,NAICS-22 Non-Cogen,22,WT,97532.0,2021
57998,Twin Ridges Wind Farm,Longroad Energy Services 2,63800,PA,MAT,RFC,NAICS-22 Non-Cogen,22,WT,408306.0,2021
57999,Patton Wind Farm,Longroad Energy Services 2,63800,PA,MAT,RFC,NAICS-22 Non-Cogen,22,WT,76671.0,2021
58000,"Anacacho Wind Farm, LLC",RWE Renewables Americas LLC,56215,TX,WSC,TRE,NAICS-22 Non-Cogen,22,WT,315740.0,2021
58004,Granite Reliable Power,NexteraEnergy,64421,NH,NEW,NPCC,NAICS-22 Non-Cogen,22,WT,225562.0,2021
58008,California Ridge Wind Energy LLC,SunEdison LLC,59139,IL,ENC,SERC,NAICS-22 Non-Cogen,22,WT,781336.0,2021
58018,Shooting Star,"Shooting Star Power Partners, LLC",57395,KS,WNC,MRO,NAICS-22 Non-Cogen,22,WT,429859.0,2021
58019,High Mesa,"High Mesa Energy, LLC",57396,ID,MTN,WECC,NAICS-22 Non-Cogen,22,WT,93650.0,2021
58020,Beebe 1A,"Beebe Renewable Energy, LLC",57397,MI,ENC,RFC,NAICS-22 Non-Cogen,22,WT,191998.0,2021
58021,Whitetail,"Whitetail Wind Energy, LLC",57398,TX,WSC,TRE,NAICS-22 Non-Cogen,22,WT,236002.0,2021
58025,Mt Wachusett Community College,Mt Wachusett Community College,57401,MA,NEW,NPCC,Commercial NAICS Non-Cogen,611,WT,4743.09,2021
58026,Spruce Mountain WInd,Spruce Mountain Wind LLC,57402,ME,NEW,NPCC,NAICS-22 Non-Cogen,22,WT,57718.0,2021
58038,Buffalo Center Wind LLC,Buffalo Center Wind LLC,57409,IA,WNC,MRO,NAICS-22 Non-Cogen,22,WT,5108.0,2021
58041,Chisholm View Wind Project,Chisholm View Wind Project,57412,OK,WSC,MRO,NAICS-22 Non-Cogen,22,WT,1006505.0,2021
58044,"Anchor Wind, LLC","Acciona Energy USA Global, LLC",57416,IA,WNC,MRO,NAICS-22 Non-Cogen,22,WT,14787.0,2021
58045,Community Wind South,Greenbacker Renewable Energy Corporation,60025,MN,WNC,MRO,NAICS-22 Non-Cogen,22,WT,75322.0,2021
58048,BayWa r.e Mozart LLC,BayWa r.e Wind LLC,57421,TX,WSC,TRE,NAICS-22 Non-Cogen,22,WT,58733.0,2021
58065,Charlestown Wind Turbine,MWRA Charlestown,57443,MA,NEW,NPCC,NAICS-22 Non-Cogen,22,WT,1656.0,2021
58071,Windwalkers LLC,Consolidated Edison Development Inc.,56769,IA,WNC,MRO,NAICS-22 Non-Cogen,22,WT,4107.0,2021
58078,Rocky Ridge Wind Project,Rocky Ridge Wind Project LLC,57451,OK,WSC,MRO,NAICS-22 Non-Cogen,22,WT,590108.0,2021
58080,Wolf Ridge Wind,NextEra Wolf Ridge LLC,57460,TX,WSC,TRE,NAICS-22 Non-Cogen,22,WT,372323.0,2021
58088,Stony Creek Wind Farm NY,Invenergy Services LLC,49893,NY,MAT,NPCC,NAICS-22 Non-Cogen,22,WT,245783.0,2021
58089,Roeder Family Wind Farm LLC,Consolidated Edison Development Inc.,56769,IA,WNC,MRO,NAICS-22 Non-Cogen,22,WT,4978.0,2021
58098,El Cabo Wind,Avangrid Renewables LLC,15399,NM,MTN,WECC,NAICS-22 Non-Cogen,22,WT,1207714.0,2021
58099,Montague Wind Power Facility LLC,Avangrid Renewables LLC,15399,OR,PACC,WECC,NAICS-22 Non-Cogen,22,WT,528639.0,2021
58101,Foundation Cemex River Plant,Foundation CA Fund VI Manager LLC,57476,CA,PACC,WECC,NAICS-22 Non-Cogen,22,WT,3255.0,2021
58102,Foundation Cemex BMQ,Foundation CA Fund VI Manager LLC,57476,CA,PACC,WECC,NAICS-22 Non-Cogen,22,WT,3760.0,2021
58103,Heritage Garden Wind Farm I LLC,DTE Sustainable Generation,64331,MI,ENC,RFC,NAICS-22 Non-Cogen,22,WT,67499.0,2021
58104,Foundation Superior Farms,Foundation CA Fund VI Manager LLC,57476,CA,PACC,WECC,Industrial NAICS Non-Cogen,311,WT,1475.0,2021
58105,Foundation Wal-Mart Red Bluff,Foundation CA Fund VI Manager LLC,57476,CA,PACC,WECC,Commercial NAICS Non-Cogen,421,WT,1756.0,2021
58106,Meadow Creek Project Company,Ridgeline Energy LLC,57075,ID,MTN,WECC,NAICS-22 Non-Cogen,22,WT,305296.0,2021
58111,Bishop Hill II Wind Farm,"Bishop Hill Energy II, LLC",59870,IL,ENC,SERC,NAICS-22 Non-Cogen,22,WT,283161.0,2021
58112,Foundation Cemex Madison,"Foundation CA Fund V Manager, LLC",57484,CA,PACC,WECC,NAICS-22 Non-Cogen,22,WT,1671.0,2021
58113,Foundation RRM,"Foundation CA Fund V Manager, LLC",57484,CA,PACC,WECC,NAICS-22 Non-Cogen,22,WT,9630.0,2021
58114,Foundation NWNA,"Foundation CA Fund V Manager, LLC",57484,CA,PACC,WECC,NAICS-22 Non-Cogen,22,WT,24334.0,2021
58121,Echo Wind Park,DTE Electric Company,5109,MI,ENC,RFC,Electric Utility,22,WT,372300.0,2021
58126,Limon Wind I,Limon,57503,CO,MTN,WECC,NAICS-22 Non-Cogen,22,WT,706730.0,2021
58127,Limon Wind II,Limon,57503,CO,MTN,WECC,NAICS-22 Non-Cogen,22,WT,596174.0,2021
58137,Ensign Wind LLC,NextEra Energy Resources Ensign Wind,58090,KS,WNC,MRO,NAICS-22 Non-Cogen,22,WT,373823.0,2021
58141,Groton Wind LLC,Avangrid Renewables LLC,15399,NH,NEW,NPCC,NAICS-22 Non-Cogen,22,WT,114079.0,2021
58154,North Sky River Energy LLC,North Sky River Energy LLC,58121,CA,PACC,WECC,NAICS-22 Non-Cogen,22,WT,465874.0,2021
58155,Perrin Ranch Wind LLC,Perrin Ranch Wind LLC,58132,AZ,MTN,WECC,NAICS-22 Non-Cogen,22,WT,208377.0,2021
58162,Cirrus Wind 1 LLC,Cirrus Wind 1 LLC,58134,TX,WSC,MRO,NAICS-22 Non-Cogen,22,WT,0.0,2021
58203,"Minco Wind III, LLC","FPLE Wind, LLC",56925,OK,WSC,MRO,NAICS-22 Non-Cogen,22,WT,354769.0,2021
58209,"NextEra-Blackwell Wind, LLC","Blackwell Wind, LLC",58180,OK,WSC,MRO,NAICS-22 Non-Cogen,22,WT,203534.0,2021
58218,Spion Kop Wind Farm,NorthWestern Energy (MT wind/thermal),56815,MT,MTN,WECC,Electric Utility,22,WT,118040.0,2021
58220,Haviland Plastic Products,Haviland Plastic Products Co,58187,OH,ENC,RFC,Industrial NAICS Non-Cogen,326,WT,11879.0,2021
58233,Wagner Wind LLC,Greenbacker Renewable Energy Corporation,60025,CA,PACC,WECC,NAICS-22 Non-Cogen,22,WT,14179.0,2021
58238,Georgia Mountain Community Wind Farm,Greenbacker Renewable Energy Corporation,60025,VT,NEW,NPCC,NAICS-22 Non-Cogen,22,WT,21096.0,2021
58242,Pattern Panhandle Wind LLC,Pattern Operators LP,56545,TX,WSC,TRE,NAICS-22 Non-Cogen,22,WT,623134.0,2021
58321,Goldthwaite Wind Energy Facility,Invenergy Services LLC,49893,TX,WSC,TRE,NAICS-22 Non-Cogen,22,WT,491351.0,2021
58322,Prairie Breeze,SunEdison LLC,59139,NE,WNC,MRO,NAICS-22 Non-Cogen,22,WT,782876.0,2021
58324,Vansycle II Wind Energy Center,FPL Energy Stateline II Inc,58298,OR,PACC,WECC,NAICS-22 Non-Cogen,22,WT,303659.0,2021
58351,Tuscola Bay Wind,Tuscola Bay Wind LLC,58340,MI,ENC,RFC,NAICS-22 Non-Cogen,22,WT,347524.0,2021
58363,Majestic II Wind,NextEra Energy Majestic Wind,58353,TX,WSC,TRE,NAICS-22 Non-Cogen,22,WT,326681.0,2021
58372,Blue Summit Wind LLC,Blue Summit Wind LLC,58360,TX,WSC,TRE,NAICS-22 Non-Cogen,22,WT,423284.0,2021
58394,Alta Wind X,"Alta Wind X, LLC",58379,CA,PACC,WECC,NAICS-22 Non-Cogen,22,WT,395425.0,2021
58395,Alta Wind XI,"Alta Wind XI, LLC",58380,CA,PACC,WECC,NAICS-22 Non-Cogen,22,WT,276079.0,2021
58404,Pantex,Pantex (NNSA),58388,TX,WSC,MRO,Commercial NAICS Non-Cogen,928,WT,43392.0,2021
58407,Luther College Wind Project,Luther College Wind Energy Project LLC,58389,IA,WNC,MRO,NAICS-22 Non-Cogen,22,WT,2431.0,2021
58414,NLMU Wind,New London Municipal Utilities,13468,IA,WNC,MRO,Electric Utility,22,WT,5077.0,2021
58416,Headwaters Wind Farm LLC,Headwaters Wind Farm LLC,58412,IN,ENC,RFC,NAICS-22 Non-Cogen,22,WT,541831.0,2021
58424,Harbor Wind LLC,Harbor Wind Tenant LLC,58420,TX,WSC,TRE,NAICS-22 Non-Cogen,22,WT,0.0,2021
58425,Fire Island Wind,Fire Island Wind LLC,58422,AK,PACN,,NAICS-22 Non-Cogen,22,WT,41759.0,2021
58441,Swauk Wind LLC,Gamesa Wind US LLC,58430,WA,PACC,WECC,NAICS-22 Non-Cogen,22,WT,11791.0,2021
58444,Junction Hilltop Wind Farm,Junction Hilltop Management LLC,58439,IA,WNC,MRO,NAICS-22 Non-Cogen,22,WT,24328.0,2021
58456,Cumberland Rose,"Cumberland Rose Wind Energy, LLC",58444,IA,WNC,MRO,NAICS-22 Non-Cogen,22,WT,4545.0,2021
58457,Fontanelle,"Forward Fontanelle Power, LLC",58445,IA,WNC,MRO,NAICS-22 Non-Cogen,22,WT,5532.0,2021
58458,Greenfield Wind,"Greenfield Wind Power, LLC",58446,IA,WNC,MRO,NAICS-22 Non-Cogen,22,WT,4944.0,2021
58459,Meadow Ridge,"Meadow Ridge Wind Energy, LLC",58447,IA,WNC,MRO,NAICS-22 Non-Cogen,22,WT,4359.0,2021
58460,Sky Volt,"Sky Volt, LLC",58448,IA,WNC,MRO,NAICS-22 Non-Cogen,22,WT,4316.0,2021
58461,Wiota,"Wiota Wind Energy, LLC #1",58449,IA,WNC,MRO,NAICS-22 Non-Cogen,22,WT,5472.0,2021
58464,Broadview Energy Prime LLC,BayWa r.e Wind LLC,57421,NM,MTN,MRO,NAICS-22 Non-Cogen,22,WT,34984.0,2021
58465,Broadview Energy Prime 2 LLC,BayWa r.e Wind LLC,57421,NM,MTN,MRO,NAICS-22 Non-Cogen,22,WT,36411.0,2021
58474,Buffalo Dunes Wind Project,Buffalo Dunes Wind Project LLC,58461,KS,WNC,MRO,NAICS-22 Non-Cogen,22,WT,908331.0,2021
58511,Delta Wind Farm,Alaska Environmental Power,58488,AK,PACN,,NAICS-22 Non-Cogen,22,WT,3654.0,2021
58548,Huerfano River Wind,"Huerfano River Wind, LLC",58520,CO,MTN,WECC,NAICS-22 Non-Cogen,22,WT,12431.0,2021
58571,Tucannon River Wind Farm,Portland General Electric Co,15248,WA,PACC,WECC,Electric Utility,22,WT,866065.0,2021
58580,Pheasant Run Wind LLC,Pheasant Run Wind LLC,58539,MI,ENC,RFC,NAICS-22 Non-Cogen,22,WT,237316.0,2021
58587,Tuscola Wind II LLC,Tuscola Wind II LLC,58545,MI,ENC,RFC,NAICS-22 Non-Cogen,22,WT,278689.0,2021
58594,Steele Flats Wind Project LLC,Steele Flats Wind Project LLC,58551,NE,WNC,MRO,NAICS-22 Non-Cogen,22,WT,304966.0,2021
58596,"Grandview Wind Farm, LLC",RWE Renewables Americas LLC,56215,TX,WSC,TRE,NAICS-22 Non-Cogen,22,WT,848767.0,2021
58608,Saddleback Ridge Wind Farm,"Saddleback Ridge Wind, LLC",58565,ME,NEW,NPCC,NAICS-22 Non-Cogen,22,WT,100022.0,2021
58614,Patriot Wind Farm,Avangrid Renewables LLC,15399,TX,WSC,TRE,NAICS-22 Non-Cogen,22,WT,563256.0,2021
58620,Canton Mountain Wind,Canton Mountain Wind LLC,58574,ME,NEW,NPCC,NAICS-22 Non-Cogen,22,WT,58282.0,2021
58630,RP Wind,Consolidated Edison Solutions Inc,57365,OH,ENC,RFC,NAICS-22 Non-Cogen,22,WT,7135.0,2021
58657,Odell Wind Farm,Algonquin Power Co,59050,MN,WNC,MRO,NAICS-22 Non-Cogen,22,WT,720395.0,2021
58658,Courtenay Wind Farm,Northern States Power Co - Minnesota,13781,ND,WNC,MRO,Electric Utility,22,WT,743839.0,2021
58661,Cape Cod Air Force Station - 6 SWS,US Air Force,58604,MA,NEW,NPCC,Commercial NAICS Non-Cogen,928,WT,7988.0,2021
58666,Alexander Wind Farm LLC,SRIV Partnership LLC,62042,KS,WNC,MRO,NAICS-22 Non-Cogen,22,WT,210826.0,2021
58677,Gratiot County Wind LLC,Invenergy Services LLC,49893,MI,ENC,RFC,NAICS-22 Non-Cogen,22,WT,253180.0,2021
58681,Route 66 Wind Plant,Onward Energy,60453,TX,WSC,TRE,NAICS-22 Non-Cogen,22,WT,463168.0,2021
58683,"Osage Wind, LLC","Enel Green Power NA, Inc.",59380,OK,WSC,MRO,NAICS-22 Non-Cogen,22,WT,562380.0,2021
58686,Hancock Wind Plant,Onward Energy,60453,ME,NEW,NPCC,NAICS-22 Non-Cogen,22,WT,121569.0,2021
58690,Apple Blossom Wind Farm,"Apple Blossom Wind, LLC",60456,MI,ENC,RFC,NAICS-22 Non-Cogen,22,WT,243117.0,2021
58691,South Fork Wind Farm,"South Fork Wind, LLC",60458,MN,WNC,MRO,NAICS-22 Non-Cogen,22,WT,38230.0,2021
58692,Black Oak Wind Farm,"Black Oak Wind, LLC",58625,MN,WNC,MRO,NAICS-22 Non-Cogen,22,WT,288765.0,2021
58694,Walnut Ridge Wind Farm,"BHE Renewables, LLC",59359,IL,ENC,RFC,NAICS-22 Non-Cogen,22,WT,773256.0,2021
58695,Grande Prairie Wind Farm,"BHE Renewables, LLC",59359,NE,WNC,MRO,NAICS-22 Non-Cogen,22,WT,1454696.0,2021
58719,Brookfield,DTE Electric Company,5109,MI,ENC,RFC,Electric Utility,22,WT,235063.0,2021
58720,Pattern Panhandle Wind 2 LLC,Pattern Operators LP,56545,TX,WSC,TRE,NAICS-22 Non-Cogen,22,WT,645860.0,2021
58765,Miami Wind Energy Center,Invenergy Services LLC,49893,TX,WSC,TRE,NAICS-22 Non-Cogen,22,WT,1020586.0,2021
58766,Wake Wind Energy Center,Southern Power Co,17650,TX,WSC,TRE,NAICS-22 Non-Cogen,22,WT,1053746.0,2021
58767,Buckeye Wind Energy Center,Invenergy Services LLC,49893,KS,WNC,MRO,NAICS-22 Non-Cogen,22,WT,748607.0,2021
58768,Marsh Hill Wind Farm,Invenergy Services LLC,49893,NY,MAT,NPCC,NAICS-22 Non-Cogen,22,WT,48797.0,2021
58769,Spring Canyon Expansion Wind Energy Ctr,Spring Canyon Expansion Wind Energy Ctr,64662,CO,MTN,WECC,NAICS-22 Non-Cogen,22,WT,212958.0,2021
58771,Roosevelt County,"EDF Renewable Asset Holdings, Inc.",57170,NM,MTN,MRO,NAICS-22 Non-Cogen,22,WT,1059185.0,2021
58772,Longhorn Wind,"EDF Renewable Asset Holdings, Inc.",57170,TX,WSC,TRE,NAICS-22 Non-Cogen,22,WT,755367.0,2021
58773,TX Hereford Wind,"EDF Renewable Asset Holdings, Inc.",57170,TX,WSC,TRE,NAICS-22 Non-Cogen,22,WT,626147.0,2021
58774,Spinning Spur Wind II,"EDF Renewable Asset Holdings, Inc.",57170,TX,WSC,TRE,NAICS-22 Non-Cogen,22,WT,497205.0,2021
58775,Spinning Spur Wind III,"EDF Renewable Asset Holdings, Inc.",57170,TX,WSC,TRE,NAICS-22 Non-Cogen,22,WT,802273.0,2021
58777,Cassadaga Wind Farm,RWE Renewables Americas LLC,56215,NY,MAT,NPCC,NAICS-22 Non-Cogen,22,WT,113411.0,2021
58780,Scioto Ridge Wind Farm,RWE Renewables Americas LLC,56215,OH,ENC,RFC,NAICS-22 Non-Cogen,22,WT,281526.0,2021
58830,Cross Winds Energy Park,Consumers Energy Co,4254,MI,ENC,RFC,Electric Utility,22,WT,661158.0,2021
58833,Red Horse 2,Red Horse 2,59146,AZ,MTN,WECC,NAICS-22 Non-Cogen,22,WT,63419.0,2021
58836,Lakeswind Power Partners,Lakeswind Power Partners,58710,MN,WNC,MRO,NAICS-22 Non-Cogen,22,WT,156380.0,2021
58837,Na Pua Makani Wind Project,Na Pua Makani Power Partners LLC,58718,HI,PACN,,NAICS-22 Non-Cogen,22,WT,97803.0,2021
58838,Keechi Wind,"Keechi Wind, LLC",62969,TX,WSC,TRE,NAICS-22 Non-Cogen,22,WT,406371.0,2021
58872,Bison 4 Wind Energy Center,"ALLETE, Inc.",12647,ND,WNC,MRO,Electric Utility,22,WT,715972.0,2021
58883,Highland Wind Project (IA),MidAmerican Energy Co,12341,IA,WNC,MRO,Electric Utility,22,WT,1607171.0,2021
58884,Lundgren Wind Project,MidAmerican Energy Co,12341,IA,WNC,MRO,Electric Utility,22,WT,824480.0,2021
58885,Macksburg Wind Project,MidAmerican Energy Co,12341,IA,WNC,MRO,Electric Utility,22,WT,306103.0,2021
58886,Wellsburg Wind Project,MidAmerican Energy Co,12341,IA,WNC,MRO,Electric Utility,22,WT,473983.0,2021
58887,Com Adam 1WF-1,FPC Services Inc.,58760,IL,ENC,RFC,NAICS-22 Non-Cogen,22,WT,7639.83,2021
58891,"Big Turtle Wind Farm, LLC",DTE Sustainable Generation,64331,MI,ENC,RFC,NAICS-22 Non-Cogen,22,WT,57438.0,2021
58898,Pilot Hill Wind Farm,"EDF Renewable Asset Holdings, Inc.",57170,IL,ENC,RFC,NAICS-22 Non-Cogen,22,WT,605348.0,2021
58900,Balko Wind LLC,Balko Wind LLC,58770,OK,WSC,MRO,NAICS-22 Non-Cogen,22,WT,1058701.0,2021
58902,Kingfisher Wind LLC,Kingfisher Wind LLC,58773,OK,WSC,MRO,NAICS-22 Non-Cogen,22,WT,1063482.0,2021
58904,Fourmile Ridge,"Fourmile Wind Energy, LLC",58784,MD,SAT,RFC,NAICS-22 Non-Cogen,22,WT,123293.0,2021
58908,Beebe 1B,"Beebe 1B Renewable Energy, LLC",58785,MI,ENC,RFC,NAICS-22 Non-Cogen,22,WT,127024.0,2021
58924,Sugar Creek Wind One LLC,Sugar Creek Wind One LLC,60568,IL,ENC,SERC,NAICS-22 Non-Cogen,22,WT,426349.0,2021
58925,Lincoln Land Wind,"Lincoln Land Wind, LLC",60569,IL,ENC,SERC,NAICS-22 Non-Cogen,22,WT,212114.0,2021
58927,Story City Wind Project,Hamilton Wind Energy LLC,58795,IA,WNC,MRO,NAICS-22 Non-Cogen,22,WT,5235.0,2021
58932,Traer Wind Project,"Norsemen Wind Energy, LLC",58797,IA,WNC,MRO,NAICS-22 Non-Cogen,22,WT,5510.0,2021
58938,Origin Wind,"Enel Green Power NA, Inc.",59380,OK,WSC,MRO,NAICS-22 Non-Cogen,22,WT,549946.0,2021
58939,Anderson Wind I,BayWa r.e Wind LLC,57421,NM,MTN,MRO,NAICS-22 Non-Cogen,22,WT,16781.0,2021
58940,Anderson Wind II,BayWa r.e Wind LLC,57421,NM,MTN,MRO,NAICS-22 Non-Cogen,22,WT,41086.0,2021
58958,Camelot Wind LLC,Camelot Wind LLC,58821,MA,NEW,NPCC,NAICS-22 Non-Cogen,22,WT,2470.0,2021
58965,"Thunder Spirit Wind, LLC",Montana-Dakota Utilities Co,12199,ND,WNC,MRO,Electric Utility,22,WT,556047.0,2021
58966,Fairfield Wind,Greenbacker Renewable Energy Corporation,60025,MT,MTN,WECC,NAICS-22 Non-Cogen,22,WT,27531.0,2021
58979,Copenhagen Wind Farm,"EDF Renewable Asset Holdings, Inc.",57170,NY,MAT,NPCC,NAICS-22 Non-Cogen,22,WT,240181.0,2021
58981,"Broken Bow Wind II, LLC",Consolidated Edison Development Inc.,56769,NE,WNC,MRO,NAICS-22 Non-Cogen,22,WT,290493.0,2021
58992,Dept of Corrections NCCI Wind,Dept of Corrections NCCI Wind,58844,MA,NEW,NPCC,Commercial NAICS Non-Cogen,92214,WT,5520.0,2021
58994,Breckinridge Wind Project LLC,NextEra Energy Resources Breckinridge,59394,OK,WSC,MRO,NAICS-22 Non-Cogen,22,WT,402373.0,2021
58995,St. Olaf Wind Turbine,St. Olaf College,58828,MN,WNC,MRO,NAICS-22 Non-Cogen,22,WT,2479.0,2021
58998,Goodwell Wind Project LLC,"Enel Green Power NA, Inc.",59380,OK,WSC,MRO,NAICS-22 Non-Cogen,22,WT,873023.0,2021
58999,Little Elk Wind Project LLC,"Enel Green Power NA, Inc.",59380,OK,WSC,MRO,NAICS-22 Non-Cogen,22,WT,337441.0,2021
59003,Two Dot Wind Farm,NorthWestern Energy (MT wind/thermal),56815,MT,MTN,WECC,Electric Utility,22,WT,33607.0,2021
59005,Mariah del Norte,Mariah Holdings II LLC c/o CAMS,60475,TX,WSC,TRE,NAICS-22 Non-Cogen,22,WT,849887.0,2021
59021,Hoopeston Wind LLC,Hoopeston Wind LLC,58865,IL,ENC,SERC,NAICS-22 Non-Cogen,22,WT,325287.0,2021
59024,"Euclid Farm, Stamco N-54",Case Western Reserve University,58869,OH,ENC,RFC,NAICS-22 Non-Cogen,22,WT,780.0,2021
59034,Shannon Wind,Shannon Wind LLC,58872,TX,WSC,TRE,NAICS-22 Non-Cogen,22,WT,535598.0,2021
59053,Michelangelo Wind 3 LLC,Michelangelo Wind 3 LLC,58887,IA,WNC,MRO,NAICS-22 Non-Cogen,22,WT,10887.0,2021
59061,Radfords Run Wind Farm,RWE Renewables Americas LLC,56215,IL,ENC,RFC,NAICS-22 Non-Cogen,22,WT,1075083.0,2021
59063,Stella Wind Farm,RWE Renewables Americas LLC,56215,TX,WSC,TRE,NAICS-22 Non-Cogen,22,WT,545037.0,2021
59065,Drift Sand Wind Project LLC,"Enel Green Power NA, Inc.",59380,OK,WSC,MRO,NAICS-22 Non-Cogen,22,WT,434811.0,2021
59066,Bruennings Breeze Wind Farm,RWE Renewables Americas LLC,56215,TX,WSC,TRE,NAICS-22 Non-Cogen,22,WT,563367.0,2021
59068,"Colbeck's Corner, LLC",RWE Renewables Americas LLC,56215,TX,WSC,TRE,NAICS-22 Non-Cogen,22,WT,825420.0,2021
59070,Jericho Power,Jericho Power LLC,58891,NH,NEW,NPCC,NAICS-22 Non-Cogen,22,WT,24736.0,2021
59071,Carroll Area Wind Farm,SRIV Partnership LLC,62042,IA,WNC,MRO,NAICS-22 Non-Cogen,22,WT,80723.0,2021
59076,Chopin Wind LLC,BayWa r.e Wind LLC,57421,OR,PACC,WECC,NAICS-22 Non-Cogen,22,WT,31704.0,2021
59083,Limon III Wind LLC,Limon,57503,CO,MTN,WECC,NAICS-22 Non-Cogen,22,WT,815399.0,2021
59084,Marshall Wind Farm,"BHE Renewables, LLC",59359,KS,WNC,MRO,NAICS-22 Non-Cogen,22,WT,227516.0,2021
59118,Cameron Wind 1 LLC,Cameron Wind 1 LLC,58939,TX,WSC,TRE,NAICS-22 Non-Cogen,22,WT,417447.0,2021
59147,Fair Wind,"Fair Wind Power Partners, LLC",58962,MD,SAT,RFC,NAICS-22 Non-Cogen,22,WT,94521.0,2021
59187,Beethoven Wind,NorthWestern Energy - (SD),13809,SD,WNC,MRO,Electric Utility,22,WT,284425.0,2021
59193,Chapman Ranch Wind I,Chapman Ranch Wind LLC,58998,TX,WSC,TRE,NAICS-22 Non-Cogen,22,WT,621354.0,2021
59200,Border Winds Wind Farm,Northern States Power Co - Minnesota,13781,ND,WNC,MRO,Electric Utility,22,WT,633767.0,2021
59201,Pleasant Valley Wind Farm,Northern States Power Co - Minnesota,13781,MN,WNC,MRO,Electric Utility,22,WT,707870.0,2021
59222,Passadumkeag Windpark LLC,Southern Power Co,17650,ME,NEW,NPCC,NAICS-22 Non-Cogen,22,WT,137148.0,2021
59223,Optimum Wind 5 LLC,Optimum Wind 5 LLC,59017,IA,WNC,MRO,NAICS-22 Non-Cogen,22,WT,9977.0,2021
59224,Optimum Wind 6 LLC,Optimum Wind 6 LLC,59018,IA,WNC,MRO,NAICS-22 Non-Cogen,22,WT,10293.0,2021
59225,Optimum Wind 7 LLC,Optimum Wind 7 LLC,59019,IA,WNC,MRO,NAICS-22 Non-Cogen,22,WT,10849.0,2021
59226,Optimum Wind 4 LLC,Optimum Wind 4 LLC,59024,IA,WNC,MRO,NAICS-22 Non-Cogen,22,WT,10849.0,2021
59227,Optimum Wind 3 LLC,Optimum Wind 3 LLC,59025,IA,WNC,MRO,NAICS-22 Non-Cogen,22,WT,9078.0,2021
59228,Leonardo Wind 1 LLC,Leonardo Wind 1 LLC,59022,IA,WNC,MRO,NAICS-22 Non-Cogen,22,WT,11287.0,2021
59230,Venus Wind 3 LLC,Venus Wind 3 LLC,59021,IA,WNC,MRO,NAICS-22 Non-Cogen,22,WT,10748.0,2021
59231,Michelangelo Wind 1 LLC,Michelangelo Wind 1 LLC,59026,IA,WNC,MRO,NAICS-22 Non-Cogen,22,WT,10887.0,2021
59232,Michelangelo Wind 4 LLC,Michelangelo Wind 4 LLC,59027,IA,WNC,MRO,NAICS-22 Non-Cogen,22,WT,10849.0,2021
59234,Arbuckle Mountain Wind Farm LLC,Arbuckle Mountain Wind Farm LLC,59039,OK,WSC,MRO,NAICS-22 Non-Cogen,22,WT,361993.0,2021
59235,Rising Tree Wind Farm II,Rising Tree Wind Farm II LLC,59040,CA,PACC,WECC,NAICS-22 Non-Cogen,22,WT,57161.0,2021
59236,Rising Tree Wind Farm III,Rising Tree Wind Farm III LLC,59042,CA,PACC,WECC,NAICS-22 Non-Cogen,22,WT,276618.0,2021
59238,Windthorst-2,"EDF Renewable Asset Holdings, Inc.",57170,TX,WSC,TRE,NAICS-22 Non-Cogen,22,WT,213770.0,2021
59244,Lorenzo Wind,"Lorenzo Wind, LLC",61133,TX,WSC,MRO,NAICS-22 Non-Cogen,22,WT,334990.0,2021
59245,Fluvanna,Fluvanna Wind Energy LLC,60042,TX,WSC,TRE,NAICS-22 Non-Cogen,22,WT,589163.0,2021
59247,Hale Community Wind Farm,Southwestern Public Service Co,17718,TX,WSC,MRO,NAICS-22 Non-Cogen,22,WT,2056923.0,2021
59284,Mammoth Plains,Mammoth Plains Wind Project,60768,OK,WSC,MRO,NAICS-22 Non-Cogen,22,WT,800974.0,2021
59292,Rattlesnake Creek Wind Project,"Rattlesnake Creek Wind Project, LLC",61414,NE,WNC,MRO,NAICS-22 Non-Cogen,22,WT,1123296.0,2021
59295,WED NK Green,WED NK Green LLC,59097,RI,NEW,NPCC,NAICS-22 Non-Cogen,22,WT,2547.0,2021
59296,Northwest Ohio Wind,"Northwest Ohio Wind, LLC",59098,OH,ENC,RFC,NAICS-22 Non-Cogen,22,WT,260329.0,2021
59301,WED Coventry 1,"WED Coventry One, LLC",59105,RI,NEW,NPCC,NAICS-22 Non-Cogen,22,WT,2466.0,2021
59302,WED Coventry 2,"WED Coventry Two, LLC",59106,RI,NEW,NPCC,NAICS-22 Non-Cogen,22,WT,9189.0,2021
59305,WED Coventry 3,"WED Coventry Three, LLC",59107,RI,NEW,NPCC,NAICS-22 Non-Cogen,22,WT,3077.0,2021
59306,WED Coventry 4,"WED Coventry Four, LLC",59108,RI,NEW,NPCC,NAICS-22 Non-Cogen,22,WT,2481.0,2021
59311,Seiling Wind I,NextEra Energy Seiling Wind,59115,OK,WSC,MRO,NAICS-22 Non-Cogen,22,WT,790005.0,2021
59312,Seiling Wind II,NextEra Energy Seiling Wind,59115,OK,WSC,MRO,NAICS-22 Non-Cogen,22,WT,384548.0,2021
59313,WED Coventry 5,"WED Coventry Five, LLC",59116,RI,NEW,NPCC,NAICS-22 Non-Cogen,22,WT,2969.0,2021
59314,WED Coventry 6,"WED Coventry Six, LLC",59117,RI,NEW,NPCC,NAICS-22 Non-Cogen,22,WT,8140.0,2021
59320,Los Vientos Windpower III,"Los Vientos Windpower III, LLC",59119,TX,WSC,TRE,NAICS-22 Non-Cogen,22,WT,610955.0,2021
59321,Los Vientos Windpower IV,"Los Vientos Windpower IV, LLC",59120,TX,WSC,TRE,NAICS-22 Non-Cogen,22,WT,628704.0,2021
59328,Golden Acorn Casino,"Foundation HA Energy Generation, LLC",56930,CA,PACC,WECC,Commercial NAICS Non-Cogen,713,WT,4426.0,2021
59329,City of Soledad Water Reclamation,"Foundation HA Energy Generation, LLC",56930,CA,PACC,WECC,NAICS-22 Non-Cogen,22,WT,4176.0,2021
59330,Taylor Farms,"Foundation HA Energy Generation, LLC",56930,CA,PACC,WECC,NAICS-22 Non-Cogen,22,WT,4050.0,2021
59331,Anheuser-Busch #2,"Foundation HA Energy Generation, LLC",56930,CA,PACC,WECC,Industrial NAICS Non-Cogen,312,WT,4539.0,2021
59332,Mesquite Creek Wind,"Mesquite Creek Wind, LLC",59900,TX,WSC,TRE,NAICS-22 Non-Cogen,22,WT,627586.0,2021
59384,South Plains Wind Phase I,"Evergreen Wind, LLC",59155,TX,WSC,TRE,NAICS-22 Non-Cogen,22,WT,754694.0,2021
59417,Pleasant Hill Wind Energy Project,Pleasant Hill Wind Energy LLC,59188,TX,WSC,MRO,NAICS-22 Non-Cogen,22,WT,24434.0,2021
59435,Oak Tree Energy,Consolidated Edison Development Inc.,56769,SD,WNC,MRO,NAICS-22 Non-Cogen,22,WT,71818.0,2021
59442,Logans Gap Wind LLC,Pattern Operators LP,56545,TX,WSC,TRE,NAICS-22 Non-Cogen,22,WT,650381.0,2021
59448,Waxdale,"S.C. Johnson & Son, Inc.",59216,WI,ENC,RFC,Industrial NAICS Cogen,325,WT,6871.0,2021
59460,"Kay Wind, LLC",Southern Power Co,17650,OK,WSC,MRO,NAICS-22 Non-Cogen,22,WT,956313.0,2021
59475,Palo Duro Wind,Palo Duro Wind,59238,TX,WSC,MRO,NAICS-22 Non-Cogen,22,WT,1028778.0,2021
59490,Jett Creek Windfarm (Burnt River),Jett Creek,59860,OR,PACC,WECC,NAICS-22 Non-Cogen,22,WT,30332.0,2021
59491,Benson Creek Windfarm (Burnt River),Benson Creek,59861,OR,PACC,WECC,NAICS-22 Non-Cogen,22,WT,33258.0,2021
59492,Durbin Creek Windfarm (Burnt River),Durbin Creek,59862,OR,PACC,WECC,NAICS-22 Non-Cogen,22,WT,29246.0,2021
59493,Prospector Windfarm (Burnt River),Prospector,59863,OR,PACC,WECC,NAICS-22 Non-Cogen,22,WT,30931.0,2021
59494,Willow Spring Windfarm (Burnt River),Willow Spring,59864,OR,PACC,WECC,NAICS-22 Non-Cogen,22,WT,33350.0,2021
59547,Fowler Ridge IV Wind Farm LLC,Pattern Operators LP,56545,IN,ENC,RFC,NAICS-22 Non-Cogen,22,WT,395989.0,2021
59621,TX Jumbo Road Wind,"TX Jumbo Road Wind, LLC",59871,TX,WSC,TRE,NAICS-22 Non-Cogen,22,WT,987668.0,2021
59622,Future Generation Wind,Consolidated Edison Solutions Inc,57365,MA,NEW,NPCC,NAICS-22 Non-Cogen,22,WT,12415.0,2021
59629,Jericho Rise Wind Farm LLC,Jericho Rise Wind Farm LLC,59362,NY,MAT,NPCC,NAICS-22 Non-Cogen,22,WT,200165.0,2021
59637,Adams Wind,MidAmerican Energy Co,12341,IA,WNC,MRO,Electric Utility,22,WT,392172.0,2021
59639,"631-56 Airport Owner, LLC","631-56 Airport Owner, LLC",59395,MA,NEW,NPCC,Industrial NAICS Non-Cogen,335,WT,54.0,2021
59654,Sendero,"Sendero Wind Energy, LLC",59428,TX,WSC,TRE,NAICS-22 Non-Cogen,22,WT,260511.0,2021
59655,Campbell County Wind Farm,Consolidated Edison Development Inc.,56769,SD,WNC,MRO,NAICS-22 Non-Cogen,22,WT,377260.0,2021
59684,"Lindahl Wind Project, LLC","Enel Green Power NA, Inc.",59380,ND,WNC,MRO,NAICS-22 Non-Cogen,22,WT,587266.0,2021
59692,NBC Field's Point Wind Farm,Narragansett Bay Commission,59463,RI,NEW,NPCC,Commercial NAICS Non-Cogen,22132,WT,6906.0,2021
59712,"San Roman Wind I, LLC","Acciona Energy USA Global, LLC",57416,TX,WSC,TRE,NAICS-22 Non-Cogen,22,WT,200366.0,2021
59724,Scituate Wind,Scituate Wind LLC,59493,MA,NEW,NPCC,NAICS-22 Non-Cogen,22,WT,2938.0,2021
59725,Fairhaven Wind,Fairhaven Wind LLC,59494,MA,NEW,NPCC,NAICS-22 Non-Cogen,22,WT,4764.0,2021
59732,Green Pastures Wind I,"Green Pastures Wind I, LLC",59501,TX,WSC,TRE,NAICS-22 Non-Cogen,22,WT,400243.0,2021
59733,Green Pastures Wind II,"Green Pastures Wind II, LLC",59502,TX,WSC,TRE,NAICS-22 Non-Cogen,22,WT,430230.0,2021
59734,Briscoe Wind Farm,Capital Dynamics,59503,TX,WSC,TRE,NAICS-22 Non-Cogen,22,WT,291698.0,2021
59735,Kirkwood Wind Turbine,Kirkwood Community College,59504,IA,WNC,MRO,NAICS-22 Non-Cogen,22,WT,1584.0,2021
59736,"Valentine Wind, LLC","Valentine Wind, LLC",59506,NE,WNC,MRO,NAICS-22 Non-Cogen,22,WT,5996.0,2021
59757,Pryor Mountain Wind,PacifiCorp,14354,MT,MTN,WECC,Electric Utility,22,WT,675062.0,2021
59776,Heartland Community College,Heartland Community College,59543,IL,ENC,SERC,Commercial NAICS Non-Cogen,611,WT,4653.0,2021
59797,Bayonne MUA- Leitner-Poma Wind Turbine,"SUEZ North America, Inc",59568,NJ,MAT,RFC,NAICS-22 Non-Cogen,22,WT,0.0,2021
59817,Tooele Army Depot(CSG),Tooele Army Depot,59598,UT,MTN,WECC,NAICS-22 Non-Cogen,22,WT,3856.0,2021
59825,South Louisburg Solar,Cypress Creek Renewables,61060,NC,SAT,SERC,NAICS-22 Non-Cogen,22,WT,9539.0,2021
59837,Slate Creek Wind Project LLC,"EDF Renewable Asset Holdings, Inc.",57170,KS,WNC,MRO,NAICS-22 Non-Cogen,22,WT,614656.0,2021
59838,Milo Wind Project LLC,"EDF Renewable Asset Holdings, Inc.",57170,NM,MTN,MRO,NAICS-22 Non-Cogen,22,WT,193211.0,2021
59888,Bloom Wind,CP Bloom Wind LLC,64781,KS,WNC,MRO,NAICS-22 Non-Cogen,22,WT,621354.0,2021
59902,Cardinal Point Wind,Cardinal Point LLC,64782,IL,ENC,MRO,NAICS-22 Non-Cogen,22,WT,580725.0,2021
59903,New Frontier Wind,Meadowlark Wind I LLC,64799,ND,WNC,MRO,NAICS-22 Non-Cogen,22,WT,413682.0,2021
59943,Rattlesnake Den,SunEdison LLC,59139,TX,WSC,TRE,NAICS-22 Non-Cogen,22,WT,685735.0,2021
59953,Antrim Wind,Antrim Wind Energy LLC,59714,NH,NEW,NPCC,NAICS-22 Non-Cogen,22,WT,78054.0,2021
59965,Latigo Wind Park,AES Distributed Energy,61012,UT,MTN,WECC,NAICS-22 Non-Cogen,22,WT,160731.0,2021
59968,"Desert Wind Farm, LLC",Avangrid Renewables LLC,15399,NC,SAT,SERC,NAICS-22 Non-Cogen,22,WT,505164.0,2021
59972,Bearkat,"Bearkat Wind Energy 1, LLC",63428,TX,WSC,TRE,NAICS-22 Non-Cogen,22,WT,596500.0,2021
59974,Golden West Power Partners LLC,"Golden West Power Partners, LLC",59729,CO,MTN,WECC,NAICS-22 Non-Cogen,22,WT,815598.0,2021
59975,Carousel Wind Farm LLC,"Carousel Wind Farm, LLC",59730,CO,MTN,WECC,NAICS-22 Non-Cogen,22,WT,606121.0,2021
60013,"Grant Wind, LLC",Southern Power Co,17650,OK,WSC,MRO,NAICS-22 Non-Cogen,22,WT,557004.0,2021
60015,Findlay Wind Farm,Findlay Wind Farm,59760,OH,ENC,RFC,Industrial NAICS Non-Cogen,326,WT,7400.0,2021
60049,Golden Hills Wind,"Golden Hills Wind, LLC",59780,CA,PACC,WECC,NAICS-22 Non-Cogen,22,WT,278168.0,2021
60059,Los Vientos V Wind Power,"Los Vientos Windpower V, LLC",59792,TX,WSC,TRE,NAICS-22 Non-Cogen,22,WT,323691.0,2021
60069,"Cedar Bluff Wind, LLC","Cedar Bluff Wind, LLC",59817,KS,WNC,MRO,NAICS-22 Non-Cogen,22,WT,820208.0,2021
60087,South Plains II,Onward Energy,60453,TX,WSC,TRE,NAICS-22 Non-Cogen,22,WT,966260.0,2021
60088,Sunflower Wind Project,Onward Energy,60453,ND,WNC,MRO,NAICS-22 Non-Cogen,22,WT,402008.0,2021
60104,"Javelina Wind Energy, LLC","Javelina Wind Energy, LLC",59882,TX,WSC,TRE,NAICS-22 Non-Cogen,22,WT,927307.0,2021
60126,Harpster Wind,"OEE XVII, LLC",59899,OH,ENC,RFC,Commercial NAICS Non-Cogen,486,WT,3208.0,2021
60128,Zephyr Wind,"OEE XIX, LLC",59905,OH,ENC,RFC,Industrial NAICS Non-Cogen,332,WT,10341.0,2021
60132,New Creek Wind,"New Creek Wind, LLC",62967,WV,SAT,SERC,NAICS-22 Non-Cogen,22,WT,303345.0,2021
60143,Peak View Wind Farm,"Black Hills Colorado Electric, LLC",56146,CO,MTN,WECC,Electric Utility,22,WT,203889.0,2021
60145,"Broadview Energy JN, LLC",Pattern Operators LP,56545,NM,MTN,WECC,NAICS-22 Non-Cogen,22,WT,729737.0,2021
60152,"Broadview Energy KW, LLC",Pattern Operators LP,56545,NM,MTN,WECC,NAICS-22 Non-Cogen,22,WT,584705.0,2021
60210,Cotton Plains Wind Farm,"Cotton Plains Wind I, LLC",59979,TX,WSC,TRE,NAICS-22 Non-Cogen,22,WT,195342.0,2021
60217,Rocksprings,"Rocksprings Val Verde Wind, LLC",59999,TX,WSC,TRE,NAICS-22 Non-Cogen,22,WT,471817.0,2021
60218,Frontier Windpower,"Frontier Windpower, LLC",59998,OK,WSC,MRO,NAICS-22 Non-Cogen,22,WT,527902.0,2021
60256,Bluestem,"Bluestem Wind Energy, LLC",60044,OK,WSC,MRO,NAICS-22 Non-Cogen,22,WT,809582.15,2021
60259,"Pioneer Wind Park, LLC",AES Distributed Energy,61012,WY,MTN,WECC,NAICS-22 Non-Cogen,22,WT,242742.0,2021
60262,Prairie Breeze II,Invenergy Services LLC,49893,NE,WNC,MRO,NAICS-22 Non-Cogen,22,WT,287331.0,2021
60270,Blue Cloud Wind Energy LLC,RWE Renewables Americas LLC,56215,TX,WSC,MRO,NAICS-22 Non-Cogen,22,WT,561407.0,2021
60314,Prairie Breeze III,Invenergy Services LLC,49893,NE,WNC,MRO,NAICS-22 Non-Cogen,22,WT,127966.0,2021
60317,"Grady Wind Energy Center, LLC",Pattern Operators LP,56545,NM,MTN,WECC,NAICS-22 Non-Cogen,22,WT,912903.0,2021
60326,O'Brien Wind,MidAmerican Energy Co,12341,IA,WNC,MRO,Electric Utility,22,WT,821996.0,2021
60329,"Ringer Hill Wind Farm, LLC",Ringer Hill Wind LLC,62892,PA,MAT,RFC,NAICS-22 Non-Cogen,22,WT,105420.0,2021
60338,Electra Wind Farm,"Electra Wind, LLC",60128,TX,WSC,TRE,NAICS-22 Non-Cogen,22,WT,891444.0,2021
60339,Horse Creek Wind Farm,"Horse Creek Wind, LLC",60129,TX,WSC,TRE,NAICS-22 Non-Cogen,22,WT,826082.0,2021
60342,Ida Grove Wind,MidAmerican Energy Co,12341,IA,WNC,MRO,Electric Utility,22,WT,1116489.0,2021
60354,Brady II Wind Energy Center,"Brady Wind II, LLC",60149,ND,WNC,MRO,NAICS-22 Non-Cogen,22,WT,632405.0,2021
60355,Brady Wind Energy Center,"Brady Wind, LLC",60148,ND,WNC,MRO,NAICS-22 Non-Cogen,22,WT,635102.0,2021
60366,Old Settler Wind,"Old Settler Wind, LLC",60155,TX,WSC,TRE,NAICS-22 Non-Cogen,22,WT,471031.0,2021
60404,Pisgah Mountain Wind,"Pisgah Mountain, LLC",60207,ME,NEW,NPCC,NAICS-22 Non-Cogen,22,WT,29562.0,2021
60414,Bethel Wind Farm LLC,Southern Power Co,17650,TX,WSC,MRO,NAICS-22 Non-Cogen,22,WT,1148976.0,2021
60470,Paulding Wind Farm III,Paulding Wind Farm III LLC,60258,OH,ENC,RFC,NAICS-22 Non-Cogen,22,WT,309000.0,2021
60471,Green River Wind Farm,"Green River Wind Farm Phase 1, LLC",60259,IL,ENC,RFC,NAICS-22 Non-Cogen,22,WT,543835.0,2021
60486,Greenfield Wind - MT,Greenbacker Renewable Energy Corporation,60025,MT,MTN,WECC,NAICS-22 Non-Cogen,22,WT,85334.0,2021
60502,"Tyler Bluff Wind Project, LLC",Southern Power Co,17650,TX,WSC,TRE,NAICS-22 Non-Cogen,22,WT,354564.0,2021
60503,Crowned Ridge Wind Energy Center,"Crowned Ridge Wind, LLC",61416,SD,WNC,MRO,NAICS-22 Non-Cogen,22,WT,717233.0,2021
60504,Blazing Star Wind Farm 1,Northern States Power Co - Minnesota,13781,MN,WNC,MRO,NAICS-22 Non-Cogen,22,WT,805636.0,2021
60505,Crocker Wind Farm,"Crocker Wind Farm, LLC",60290,SD,WNC,MRO,NAICS-22 Non-Cogen,22,WT,822113.0,2021
60541,Wind GEM,"Wind GEM, LLC",60302,IA,WNC,MRO,NAICS-22 Non-Cogen,22,WT,4584.0,2021
60545,"Grant Plains Wind, LLC",Southern Power Co,17650,OK,WSC,MRO,NAICS-22 Non-Cogen,22,WT,534777.0,2021
60551,Big Level Wind,Big Level Wind LLC,60328,PA,MAT,RFC,NAICS-22 Non-Cogen,22,WT,255122.0,2021
60574,"Great Western Wind Energy, LLC","EDF Renewable Asset Holdings, Inc.",57170,OK,WSC,MRO,NAICS-22 Non-Cogen,22,WT,925038.0,2021
60587,Kelly Creek Wind Project,"EDF Renewable Asset Holdings, Inc.",57170,IL,ENC,RFC,NAICS-22 Non-Cogen,22,WT,620199.0,2021
60592,Rush Springs Wind,Rush Springs Wind Project,60819,OK,WSC,MRO,NAICS-22 Non-Cogen,22,WT,961817.0,2021
60594,Voyager Wind I,Terra-Gen Operating Co-Wind,2770,CA,PACC,WECC,NAICS-22 Non-Cogen,22,WT,414073.0,2021
60619,Rush Creek Wind,Public Service Co of Colorado,15466,CO,MTN,WECC,Electric Utility,22,WT,2128334.0,2021
60620,"Ninnescah Wind Energy, LLC",Ninnescah Wind Energy LLC,60364,KS,WNC,MRO,NAICS-22 Non-Cogen,22,WT,831715.0,2021
60639,Kingman Wind,"Kingman Wind Energy, LLC",60371,KS,WNC,MRO,NAICS-22 Non-Cogen,22,WT,841522.0,2021
60645,"Javelina Wind Energy II, LLC","Javelina Wind Energy II, LLC",60384,TX,WSC,TRE,NAICS-22 Non-Cogen,22,WT,764958.0,2021
60655,Rock Creek Wind Project,"Enel Green Power NA, Inc.",59380,MO,WNC,MRO,NAICS-22 Non-Cogen,22,WT,1072587.0,2021
60657,"Salt Fork Wind Project, LLC",Southern Power Co,17650,TX,WSC,TRE,NAICS-22 Non-Cogen,22,WT,692883.0,2021
60672,Osborn Wind Energy,Osborn Wind Energy LLC,60397,MO,WNC,MRO,NAICS-22 Non-Cogen,22,WT,720179.0,2021
60687,"Cimarron Bend Wind Project I, LLC","Cimarron Bend Wind Project I, LLC",60406,KS,WNC,MRO,NAICS-22 Non-Cogen,22,WT,802196.0,2021
60688,"Cimarron Bend Wind Project II, LLC","Cimarron Bend Wind Project II, LLC",60407,KS,WNC,MRO,NAICS-22 Non-Cogen,22,WT,805460.0,2021
60689,Western Plains Wind Farm,"Evergy Kansas Central, Inc",22500,KS,WNC,MRO,Electric Utility,22,WT,1099871.0,2021
60700,Wind Colebrook South,Wind Colebrook South,60430,CT,NEW,NPCC,NAICS-22 Non-Cogen,22,WT,12758.0,2021
60743,"Rattlesnake Power, LLC","Rattlesnake Power, LLC",60443,TX,WSC,TRE,NAICS-22 Non-Cogen,22,WT,548710.0,2021
60856,Astra Wind Farm,Astra Wind LLC,60515,TX,WSC,TRE,NAICS-22 Non-Cogen,22,WT,436088.0,2021
60865,Equity Industrial Turbines,Equity Industrial Turbines,60521,MA,NEW,NPCC,NAICS-22 Non-Cogen,22,WT,6570.0,2021
60873,Prairie Wind Farm,MidAmerican Energy Co,12341,IA,WNC,MRO,Electric Utility,22,WT,592367.0,2021
60883,"Deerfield Wind Energy, LLC","Deerfield Wind Energy, LLC",60537,MI,ENC,RFC,NAICS-22 Non-Cogen,22,WT,516264.0,2021
60901,Willow Springs Wind Farm,"Willow Springs Windfarm, LLC",60542,TX,WSC,TRE,NAICS-22 Non-Cogen,22,WT,922609.0,2021
60902,Dermott Wind,"Dermott Wind, LLC",60543,TX,WSC,TRE,NAICS-22 Non-Cogen,22,WT,933292.0,2021
60905,"Oliver Wind III, LLC","Oliver Wind III, LLC",60562,ND,WNC,MRO,NAICS-22 Non-Cogen,22,WT,404373.0,2021
60911,Green Energy Machine,"Green Energy Machine, LLC",60567,IA,WNC,MRO,NAICS-22 Non-Cogen,22,WT,6855.0,2021
60931,CCC Hastings Wind Turbine,"CCC Hastings Renewable Energy, LLC",60578,NE,WNC,MRO,NAICS-22 Non-Cogen,22,WT,7107.0,2021
60932,Creston Ridge Wind Farm,"Creston Ridge, LLC",60577,NE,WNC,MRO,NAICS-22 Non-Cogen,22,WT,26687.0,2021
60983,Buckthorn Wind,"Buckthorn Wind Project, LLC",60617,TX,WSC,TRE,NAICS-22 Non-Cogen,22,WT,343358.0,2021
60987,Santa Rita Wind Energy,"BHE Renewables, LLC",59359,TX,WSC,TRE,NAICS-22 Non-Cogen,22,WT,1205711.0,2021
60991,Sterling I Wind Farm,AEM Wind LLC,60634,NM,MTN,MRO,NAICS-22 Non-Cogen,22,WT,125690.0,2021
60999,Reading Wind Project,Southern Power Co,17650,KS,WNC,MRO,NAICS-22 Non-Cogen,22,WT,668226.0,2021
61001,Cactus Flats Wind Energy Project,Southern Power Co,17650,TX,WSC,TRE,NAICS-22 Non-Cogen,22,WT,433807.0,2021
61002,"WED Portsmouth One, LLC","WED Portsmouth One, LLC",60621,RI,NEW,NPCC,NAICS-22 Non-Cogen,22,WT,4461.0,2021
61004,Whirlpool Corporation - Ottawa Wind Farm,OEE XXIV LLC,60644,OH,ENC,RFC,Industrial NAICS Non-Cogen,335,WT,3937.0,2021
61005,Whirlpool Corporation - Marion Wind Farm,OEE XXIII LLC,60645,OH,ENC,RFC,Industrial NAICS Non-Cogen,335,WT,8960.0,2021
61032,Heart of Texas Wind Project,Scout Clean Energy LLC,63074,TX,WSC,TRE,NAICS-22 Non-Cogen,22,WT,649426.0,2021
61039,Deerfield Wind LLC,Avangrid Renewables LLC,15399,VT,NEW,NPCC,NAICS-22 Non-Cogen,22,WT,93411.0,2021
61040,Twin Buttes II Wind,Avangrid Renewables LLC,15399,CO,MTN,WECC,NAICS-22 Non-Cogen,22,WT,309528.0,2021
61041,"Roaring Brook, LLC",Avangrid Renewables LLC,15399,NY,MAT,NPCC,NAICS-22 Non-Cogen,22,WT,30887.0,2021
61044,La Joya NM,Avangrid Renewables LLC,15399,NM,MTN,WECC,NAICS-22 Non-Cogen,22,WT,755717.0,2021
61046,Tatanka Ridge,Tatanka Ridge LLC,63897,SD,WNC,MRO,NAICS-22 Non-Cogen,22,WT,612157.0,2021
61047,Coyote Ridge,Coyote Ridge LLC,63083,SD,WNC,MRO,NAICS-22 Non-Cogen,22,WT,408068.0,2021
61056,Seward Wind Farm,Seward Wind LLC,61275,NE,WNC,MRO,NAICS-22 Non-Cogen,22,WT,7053.0,2021
61066,Foundation CDCR LAC,"Foundation CA Fund VIII Manager, LLC",60690,CA,PACC,WECC,NAICS-22 Non-Cogen,22,WT,5030.0,2021
61067,Foundation Scheid Vineyards,"Foundation CA Fund VIII Manager, LLC",60690,CA,PACC,WECC,NAICS-22 Non-Cogen,22,WT,4061.0,2021
61070,Saratoga Wind Farm,Madison Gas & Electric Co,11479,IA,WNC,MRO,Electric Utility,22,WT,265076.0,2021
61077,Orient Wind Farm,MidAmerican Energy Co,12341,IA,WNC,MRO,Electric Utility,22,WT,1848469.0,2021
61079,Beaver Creek Wind,MidAmerican Energy Co,12341,IA,WNC,MRO,Electric Utility,22,WT,1280869.0,2021
61100,"Burke Wind, LLC",Burke Wind LLC,60714,ND,WNC,MRO,NAICS-22 Non-Cogen,22,WT,824403.0,2021
61106,Pine River Wind Park,DTE Electric Company,5109,MI,ENC,RFC,Electric Utility,22,WT,381645.0,2021
61155,Big Timber Wind Farm,Consolidated Edison Development Inc.,56769,MT,MTN,WECC,NAICS-22 Non-Cogen,22,WT,78868.0,2021
61161,Harvest Ridge  Wind Farm,Harvest Ridge Wind Farm,60719,IL,ENC,SERC,NAICS-22 Non-Cogen,22,WT,693353.0,2021
61212,Flat Top Wind I,"BHE Renewables, LLC",59359,TX,WSC,TRE,NAICS-22 Non-Cogen,22,WT,720455.0,2021
61221,Redbed Plains Wind Farm,Redbed Plains Wind Farm LLC,60859,OK,WSC,MRO,NAICS-22 Non-Cogen,22,WT,421207.0,2021
61222,Golden Hills North Wind Energy Center,"Golden Hills Interconnection Wind, LLC",60811,CA,PACC,WECC,NAICS-22 Non-Cogen,22,WT,155498.0,2021
61261,Rock Falls Wind Farm LLC,"EDF Renewable Asset Holdings, Inc.",57170,OK,WSC,MRO,NAICS-22 Non-Cogen,22,WT,549636.0,2021
61269,Thunder Ranch Wind Project,"Thunder Ranch Wind Project, LLC",60881,OK,WSC,MRO,NAICS-22 Non-Cogen,22,WT,952950.0,2021
61270,Red Dirt Wind Project,"Red Dirt Wind Project, LLC",60882,OK,WSC,MRO,NAICS-22 Non-Cogen,22,WT,1054669.0,2021
61303,Bluff Point Wind Facility,"Bluff Point Wind, LLC",60944,IN,ENC,RFC,NAICS-22 Non-Cogen,22,WT,380584.0,2021
61330,Hog Creek Wind Project,Hog Creek Wind Project LLC,60969,OH,ENC,RFC,NAICS-22 Non-Cogen,22,WT,207604.0,2021
61343,Karankawa Wind LLC,Avangrid Renewables LLC,15399,TX,WSC,TRE,NAICS-22 Non-Cogen,22,WT,927326.0,2021
61344,Otter Creek Wind Farm LLC,Avangrid Renewables LLC,15399,IL,ENC,RFC,NAICS-22 Non-Cogen,22,WT,467565.0,2021
61356,Valfilm Wind Project,OEE XXV LLC,60996,OH,ENC,RFC,Industrial NAICS Non-Cogen,325211,WT,7083.0,2021
61357,Red Pine Wind Project,"EDF Renewable Asset Holdings, Inc.",57170,MN,WNC,MRO,NAICS-22 Non-Cogen,22,WT,724264.0,2021
61402,Foard City Wind,"Foard City Wind, LLC",61037,TX,WSC,TRE,NAICS-22 Non-Cogen,22,WT,1237010.0,2021
61407,Cottonwood Wind Energy Center,Cottonwood Wind Project,61042,NE,WNC,MRO,NAICS-22 Non-Cogen,22,WT,412722.0,2021
61417,Gopher Creek Wind Farm,Fluvanna Wind Energy 2 LLC,61054,TX,WSC,TRE,NAICS-22 Non-Cogen,22,WT,597774.0,2021
61442,Foundation California Training Facility,"Foundation CA Fund IX Manager, LLC",61070,CA,PACC,WECC,NAICS-22 Non-Cogen,22,WT,5735.0,2021
61443,Foundation Mann Packing,"Foundation CA Fund IX Manager, LLC",61070,CA,PACC,WECC,NAICS-22 Non-Cogen,22,WT,5348.0,2021
61444,Foundation SaIinas Valley State Prison,"Foundation CA Fund IX Manager, LLC",61070,CA,PACC,WECC,NAICS-22 Non-Cogen,22,WT,5455.0,2021
61540,Fort Hays State University Wind Farm,Fort Hays State University,61149,KS,WNC,MRO,Commercial NAICS Non-Cogen,611,WT,15740.0,2021
61564,Upland Prairie,Interstate Power and Light Co,9417,IA,WNC,MRO,Electric Utility,22,WT,869137.0,2021
61565,English Farms,Interstate Power and Light Co,9417,IA,WNC,MRO,Electric Utility,22,WT,584261.0,2021
61582,Voyager Wind II,Terra-Gen Operating Co-Wind,2770,CA,PACC,WECC,NAICS-22 Non-Cogen,22,WT,505606.0,2021
61583,Voyager Wind III,Terra-Gen Operating Co-Wind,2770,CA,PACC,WECC,NAICS-22 Non-Cogen,22,WT,143948.0,2021
61584,Voyager Wind IV,Terra-Gen Operating Co-Wind,2770,CA,PACC,WECC,NAICS-22 Non-Cogen,22,WT,82460.0,2021
61589,UL Advanced Wind Turbine Test Facility,West Texas A&M University,61188,TX,WSC,MRO,Commercial NAICS Non-Cogen,611,WT,7058.0,2021
61609,"Heartland Divide Wind Project, LLC","Heartland Divide Wind Project, LLC",61214,IA,WNC,MRO,NAICS-22 Non-Cogen,22,WT,417895.0,2021
61638,Turtle Creek Wind Farm LLC,Turtle Creek Wind Farm LLC,61330,IA,WNC,MRO,NAICS-22 Non-Cogen,22,WT,634319.0,2021
61644,August Wind Farm,"August Wind Energy, LLC",61254,IA,WNC,MRO,NAICS-22 Non-Cogen,22,WT,5683.0,2021
61650,Blazing Star 2 Wind Farm,Northern States Power Co - Minnesota,13781,MN,WNC,MRO,Electric Utility,22,WT,739612.0,2021
61660,Whirlpool Corp-Greenville Wind Farm,OEE XXVI LLC,61278,OH,ENC,RFC,NAICS-22 Non-Cogen,22,WT,10849.0,2021
61668,"Creston Ridge II, LLC","Creston Ridge II, LLC",61280,NE,WNC,MRO,NAICS-22 Non-Cogen,22,WT,26735.0,2021
61673,Arkwright Summit Wind Farm LLC,Arkwright Summit Wind Farm LLC,58261,NY,MAT,NPCC,NAICS-22 Non-Cogen,22,WT,233519.0,2021
61674,Wildcat Ranch Wind Project,"Wildcat Ranch Wind Project, LLC",61291,TX,WSC,MRO,NAICS-22 Non-Cogen,22,WT,657266.0,2021
61677,Perennial Windfarm,"Perennial Wind, LLC",61288,NE,WNC,MRO,NAICS-22 Non-Cogen,22,WT,32770.0,2021
61734,Seneca Nation Cattaraugus Wind Turbine,Seneca Nation,61363,NY,MAT,NPCC,Commercial NAICS Non-Cogen,441,WT,2965.0,2021
61735,Hilltopper Wind Project,"Hilltopper Wind Project, LLC",61365,IL,ENC,SERC,NAICS-22 Non-Cogen,22,WT,559814.0,2021
61745,Aurora County Wind,Consolidated Edison Development Inc.,56769,SD,WNC,MRO,NAICS-22 Non-Cogen,22,WT,82659.0,2021
61746,Brule County Wind,Consolidated Edison Development Inc.,56769,SD,WNC,MRO,NAICS-22 Non-Cogen,22,WT,81680.0,2021
61747,"Foxtail Wind, LLC","Foxtail Wind, LLC",61374,ND,WNC,MRO,Electric Utility,22,WT,621046.0,2021
61756,Meadow Lake Wind Farm VI LLC,Meadow Lake Wind Farm VI LLC,61381,IN,ENC,RFC,NAICS-22 Non-Cogen,22,WT,598936.0,2021
61773,"Palmas Wind, LLC","Acciona Energy USA Global, LLC",57416,TX,WSC,TRE,NAICS-22 Non-Cogen,22,WT,271892.0,2021
61775,Town of Otis Wind Energy Project,Town of Otis,61397,MA,NEW,NPCC,Commercial NAICS Non-Cogen,92,WT,3100.0,2021
61776,"Midway Wind, LLC","Midway Wind, LLC",61396,TX,WSC,TRE,NAICS-22 Non-Cogen,22,WT,445366.0,2021
61782,Live Oak Wind Project,Engie North America,56201,TX,WSC,TRE,NAICS-22 Non-Cogen,22,WT,764606.0,2021
61784,Upstream Wind Energy LLC,Invenergy Services LLC,49893,NE,WNC,MRO,NAICS-22 Non-Cogen,22,WT,796825.0,2021
61787,Bishop Hill III,Invenergy Services LLC,49893,IL,ENC,SERC,NAICS-22 Non-Cogen,22,WT,434331.0,2021
61788,Hilltop Power,"Hilltop Power, LLC",61415,MN,WNC,MRO,NAICS-22 Non-Cogen,22,WT,4121.0,2021
61789,"Diamond Vista Wind Project, LLC","Enel Green Power Diamond Vista Wind Project, LLC",61413,KS,WNC,MRO,NAICS-22 Non-Cogen,22,WT,1184013.0,2021
61836,"Minco Wind IV, LLC","Minco Wind IV, LLC",61458,OK,WSC,MRO,NAICS-22 Non-Cogen,22,WT,551926.0,2021
61848,"PYCO Industries, Inc. Wind Farm","PYCO Industries, Inc.",61470,TX,WSC,MRO,Industrial NAICS Non-Cogen,311,WT,3674.0,2021
61858,"Stillwater Wind, LLC",Pattern Operators LP,56545,MT,MTN,WECC,NAICS-22 Non-Cogen,22,WT,260107.0,2021
61865,"Rio Bravo Windpower, LLC","Rio Bravo Windpower, LLC",61485,TX,WSC,TRE,NAICS-22 Non-Cogen,22,WT,684790.0,2021
61866,Wildhorse Mountain Wind Facility,Southern Power Co,17650,OK,WSC,MRO,NAICS-22 Non-Cogen,22,WT,382472.0,2021
61876,"Persimmon Creek Wind Farm 1, LLC","Persimmon Creek Wind Farm 1, LLC",61495,OK,WSC,MRO,NAICS-22 Non-Cogen,22,WT,820084.0,2021
61889,Sholes Wind Energy Center,"Sholes Wind Energy Center, LLC",61502,NE,WNC,MRO,NAICS-22 Non-Cogen,22,WT,694264.0,2021
61911,Ivester Wind Farm,MidAmerican Energy Co,12341,IA,WNC,MRO,Electric Utility,22,WT,322091.0,2021
61916,Pegasus Wind,"Pegasus Wind, LLC",61521,MI,ENC,RFC,NAICS-22 Non-Cogen,22,WT,373912.0,2021
61921,Tahoka Wind,"Tahoka Wind, LLC",61527,TX,WSC,TRE,NAICS-22 Non-Cogen,22,WT,1132408.0,2021
61925,Casa Mesa Wind Energy Center Hybrid,"Casa Mesa Wind, LLC",61531,NM,MTN,WECC,NAICS-22 Non-Cogen,22,WT,196640.0,2021
61926,"Armadillo Flats Wind Project, LLC","Armadillo Flats Wind Project, LLC",61530,OK,WSC,MRO,NAICS-22 Non-Cogen,22,WT,953603.0,2021
61957,"Pratt Wind, LLC","Pratt Wind, LLC",61537,KS,WNC,MRO,NAICS-22 Non-Cogen,22,WT,1022389.0,2021
61969,"Torrecillas Wind Energy, LLC","Torrecillas Wind Energy, LLC",61562,TX,WSC,TRE,NAICS-22 Non-Cogen,22,WT,1100897.0,2021
61970,"Blue Summit II Wind, LLC","Blue Summit II Wind, LLC",61563,TX,WSC,TRE,NAICS-22 Non-Cogen,22,WT,378697.0,2021
61984,"Solomon Forks Wind Project, LLC",Engie North America,56201,KS,WNC,MRO,NAICS-22 Non-Cogen,22,WT,1059484.0,2021
61990,TAC-Distributed Energy Resource Hybrid,Ameren Illinois,61576,IL,ENC,SERC,Electric Utility,22,WT,124.0,2021
62035,Glaciers Edge Wind Project,"EDF Renewable Asset Holdings, Inc.",57170,IA,WNC,MRO,NAICS-22 Non-Cogen,22,WT,867356.0,2021
62038,Santa Rita East,Invenergy Services LLC,49893,TX,WSC,TRE,NAICS-22 Non-Cogen,22,WT,1198021.9,2021
62079,Whispering Willow North,Interstate Power and Light Co,9417,IA,WNC,MRO,Electric Utility,22,WT,820051.0,2021
62080,Richland,Interstate Power and Light Co,9417,IA,WNC,MRO,Electric Utility,22,WT,480546.0,2021
62081,Golden Plains,Interstate Power and Light Co,9417,IA,WNC,MRO,Electric Utility,22,WT,738911.0,2021
62103,Kossuth,Wisconsin Power & Light Co,20856,IA,WNC,MRO,Electric Utility,22,WT,549762.0,2021
62106,"WED Green Hill, LLC","WED Green Hill, LLC",61648,RI,NEW,NPCC,NAICS-22 Non-Cogen,22,WT,6392.0,2021
62107,"WED Plainfield II, LLC","WED Plainfield II, LLC",61649,RI,NEW,NPCC,NAICS-22 Non-Cogen,22,WT,6651.0,2021
62108,"WED Plainfield III, LLC","WED Plainfield III, LLC",61650,RI,NEW,NPCC,NAICS-22 Non-Cogen,22,WT,6347.0,2021
62109,"WED Plainfield, LLC","WED Plainfield, LLC",61651,RI,NEW,NPCC,NAICS-22 Non-Cogen,22,WT,6152.0,2021
62110,"WED Shun I, LLC","WED Shun I, LLC",61652,RI,NEW,NPCC,NAICS-22 Non-Cogen,22,WT,6726.0,2021
62111,"WED Shun II, LLC","WED Shun II, LLC",61653,RI,NEW,NPCC,NAICS-22 Non-Cogen,22,WT,6610.0,2021
62112,"WED Shun III, LLC","WED Shun III, LLC",61654,RI,NEW,NPCC,NAICS-22 Non-Cogen,22,WT,6836.0,2021
62130,Roseman,"Roseman Energy, LLC",61676,IA,WNC,MRO,NAICS-22 Non-Cogen,22,WT,6258.0,2021
62132,Arbor Hill Wind Farm,MidAmerican Energy Co,12341,IA,WNC,MRO,Electric Utility,22,WT,1120900.0,2021
62133,North English,MidAmerican Energy Co,12341,IA,WNC,MRO,Electric Utility,22,WT,1267122.0,2021
62142,Amadeus Wind Farm,Amadeus Wind LLC,61683,TX,WSC,TRE,NAICS-22 Non-Cogen,22,WT,758670.0,2021
62161,Galactic Wind,Galactic Wind,61667,WI,ENC,MRO,Commercial NAICS Non-Cogen,519,WT,20717.0,2021
62172,Birch,Birch Power LLC,61706,IA,WNC,MRO,NAICS-22 Non-Cogen,22,WT,6608.0,2021
62207,Reloj del Sol Wind Farm,Reloj del Sol Wind Farm LLC,61727,TX,WSC,TRE,NAICS-22 Non-Cogen,22,WT,449222.0,2021
62220,"East Fork Wind Project, LLC",Engie North America,56201,KS,WNC,MRO,NAICS-22 Non-Cogen,22,WT,723301.0,2021
62227,"Seymour Hills Wind Project, LLC",Engie North America,56201,TX,WSC,TRE,NAICS-22 Non-Cogen,22,WT,139857.0,2021
62247,Prevailing Wind Park,AES Distributed Energy,61012,SD,WNC,MRO,NAICS-22 Non-Cogen,22,WT,830073.0,2021
62258,Mesteno,Mesteno Wind,61770,TX,WSC,TRE,NAICS-22 Non-Cogen,22,WT,396684.0,2021
62259,Ranchero Wind Farm LLC,Ranchero Wind Farm LLC,61771,TX,WSC,TRE,NAICS-22 Non-Cogen,22,WT,1176529.0,2021
62269,"Stoneray Power Partners, LLC","EDF Renewable Asset Holdings, Inc.",57170,MN,WNC,MRO,NAICS-22 Non-Cogen,22,WT,351601.0,2021
62290,Polaris Wind Park,DTE Electric Company,5109,MI,ENC,RFC,Electric Utility,22,WT,442079.0,2021
62291,"Palmer's Creek Wind Farm, LLC","Palmer's Creek Wind Farm, LLC",61815,MN,WNC,MRO,NAICS-22 Non-Cogen,22,WT,129347.0,2021
62333,"Polk County Renewables, LLC","Polk County Renewables, LLC",61845,NE,WNC,MRO,NAICS-22 Non-Cogen,22,WT,11577.0,2021
62356,Lockett Windfarm,"Lockett Windfarm, LLC",61886,TX,WSC,TRE,NAICS-22 Non-Cogen,22,WT,747023.0,2021
62364,Nobles 2 Wind Project,"Nobles 2 Power Partners, LLC",61890,MN,WNC,MRO,NAICS-22 Non-Cogen,22,WT,936638.0,2021
62380,"Emmons-Logan Wind, LLC","Emmons-Logan Wind, LLC",61915,ND,WNC,MRO,NAICS-22 Non-Cogen,22,WT,731473.0,2021
62411,Griffin Trail Wind,"Griffin Trail Wind, LLC",61942,TX,WSC,TRE,NAICS-22 Non-Cogen,22,WT,356216.0,2021
62417,Peyton Creek Wind Farm LLC,RWE Renewables Americas LLC,56215,TX,WSC,TRE,NAICS-22 Non-Cogen,22,WT,370299.0,2021
62431,Willow Creek Wind Power LLC,Willow Creek Wind Power LLC,61981,SD,WNC,MRO,NAICS-22 Non-Cogen,22,WT,408697.0,2021
62442,"Lake Region Community Hybrid, LLC","Lake Region Community Hybrid, LLC",61893,MN,WNC,MRO,NAICS-22 Non-Cogen,22,WT,8258.0,2021
62445,Busch Ranch II Wind Farm,Black Hills Electric Generation LLC,61973,CO,MTN,WECC,NAICS-22 Non-Cogen,22,WT,184391.0,2021
62475,Kings Point Wind Energy Center,Empire District Electric Co,5860,MO,WNC,MRO,Electric Utility,22,WT,361852.0,2021
62478,North Fork Ridge Wind Energy Center,Empire District Electric Co,5860,MO,WNC,MRO,Electric Utility,22,WT,497342.0,2021
62481,Neosho Ridge Wind Energy Center,Empire District Electric Co,5860,KS,WNC,MRO,Electric Utility,22,WT,659210.0,2021
62482,Beech Ridge II Wind Energy Center,Southern Power Co,17650,WV,SAT,RFC,NAICS-22 Non-Cogen,22,WT,154660.0,2021
62488,Prairie Queen Wind Farm,Prairie Queen Wind Farm LLC,62010,KS,WNC,MRO,NAICS-22 Non-Cogen,22,WT,610395.0,2021
62489,Crossing Trails Wind Power Project LLC.,EDP Renewables North America LLC,61785,CO,MTN,WECC,NAICS-22 Non-Cogen,22,WT,361213.0,2021
62494,Skeleton Creek Energy Center Hybrid,Skeleton Creek Energy Center,62023,OK,WSC,MRO,NAICS-22 Non-Cogen,22,WT,1023034.0,2021
62516,TB Flats,PacifiCorp,14354,WY,MTN,WECC,Electric Utility,22,WT,443268.0,2021
62562,"High Lonesome Wind Power, LLC Hybrid","High Lonesome Wind Power, LLC",62046,TX,WSC,TRE,NAICS-22 Non-Cogen,22,WT,1501835.0,2021
62563,High Prairie Wind Farm,Union Electric Co - (MO),19436,MO,WNC,SERC,Electric Utility,22,WT,801244.0,2021
62566,Blue Summit III Wind,"Blue Summit III Wind, LLC",62063,TX,WSC,TRE,NAICS-22 Non-Cogen,22,WT,816270.0,2021
62570,Jiminy Peak Wind QF,"Jiminy Peak Mountain Resort, LLC",62069,MA,NEW,NPCC,NAICS-22 Non-Cogen,22,WT,2.0,2021
62587,Mesquite Star,Mesquite Star LLC,62085,TX,WSC,TRE,NAICS-22 Non-Cogen,22,WT,1244025.0,2021
62591,Ekola Flats,PacifiCorp,14354,WY,MTN,WECC,Electric Utility,22,WT,736904.0,2021
62592,Headwaters Wind Farm II LLC,EDP Renewables North America LLC,61785,IN,ENC,RFC,NAICS-22 Non-Cogen,22,WT,249404.0,2021
62606,Whitney Hill Wind Power LLC,Whitney Hill Wind Power LLC,62103,IL,ENC,SERC,NAICS-22 Non-Cogen,22,WT,204931.0,2021
62618,Hidalgo Wind Farm II,Hidalgo Wind Farm II LLC,62106,TX,WSC,TRE,NAICS-22 Non-Cogen,22,WT,121029.0,2021
62620,Sage Draw Wind,"Sage Draw Wind, LLC",62113,TX,WSC,TRE,NAICS-22 Non-Cogen,22,WT,1191003.0,2021
62624,"White Cloud Wind Project, LLC","White Cloud Wind Project, LLC",62079,MO,WNC,MRO,NAICS-22 Non-Cogen,22,WT,792654.0,2021
62630,Jumbo Hill Wind Project,Engie North America,56201,TX,WSC,TRE,NAICS-22 Non-Cogen,22,WT,596143.0,2021
62642,GE-Lubbock,GE Wind Energy LLC,58270,TX,WSC,MRO,NAICS-22 Non-Cogen,22,WT,1733.0,2021
62653,Zephyr Wind Project - 2.0,OEE XXX LLC,62128,OH,ENC,RFC,Industrial NAICS Non-Cogen,332,WT,10470.0,2021
62711,Plum Creek Wind Project (NE),"Plum Creek Wind, LLC",62633,NE,WNC,MRO,NAICS-22 Non-Cogen,22,WT,889348.0,2021
62715,Wildcat Creek Wind Farm LLC,Wildcat Creek Wind Farm LLC,62635,TX,WSC,TRE,NAICS-22 Non-Cogen,22,WT,271161.0,2021
62736,Harbec Energy,Harbec Energy,62657,NY,MAT,NPCC,Industrial NAICS Cogen,326,WT,533.0,2021
62745,Wheatridge Hybrid,"Wheatridge Wind Holdings, LLC",62668,OR,PACC,WECC,NAICS-22 Non-Cogen,22,WT,713534.0,2021
62752,LafargeHolcim - Paulding Wind Project,OEE XXVIII LLC,62644,OH,ENC,RFC,Industrial NAICS Non-Cogen,32731,WT,11298.0,2021
62765,El Campo Wind,Longroad Energy Services LLC,61219,TX,WSC,TRE,NAICS-22 Non-Cogen,22,WT,872837.0,2021
62782,Pembina Land Port of Entry Wind Turbine,General Services Administration - Region 8,62645,ND,WNC,MRO,Commercial NAICS Non-Cogen,921,WT,322.0,2021
62795,Ida Grove II,MidAmerican Energy Co,12341,IA,WNC,MRO,Electric Utility,22,WT,796562.0,2021
62809,BMP Wind (TX),BMP Wind LLC,62659,TX,WSC,TRE,NAICS-22 Non-Cogen,22,WT,66615.0,2021
62836,Maryneal Windpower,"Maryneal Windpower, LLC",62721,TX,WSC,TRE,NAICS-22 Non-Cogen,22,WT,177737.0,2021
62837,Frontier Windpower II,"Frontier Windpower II, LLC",62720,OK,WSC,MRO,NAICS-22 Non-Cogen,22,WT,538485.0,2021
62840,"Mountain Breeze Wind, LLC","Leeward Asset Management, LLC",50123,CO,MTN,WECC,NAICS-22 Non-Cogen,22,WT,587528.0,2021
62855,West Raymond Wind Farm LLC,RWE Renewables Americas LLC,56215,TX,WSC,TRE,NAICS-22 Non-Cogen,22,WT,151579.0,2021
62857,RoxWind,RoxWind LLC,62743,ME,NEW,NPCC,NAICS-22 Non-Cogen,22,WT,3750.0,2021
62871,Boiling Springs Wind Farm,RWE Renewables Americas LLC,56215,OK,WSC,MRO,NAICS-22 Non-Cogen,22,WT,478019.0,2021
62891,Rosewater Wind Farm,Rosewater Wind Farm LLC,62761,IN,ENC,RFC,NAICS-22 Non-Cogen,22,WT,316786.0,2021
62897,Holiday Hill Community Wind,Greenbacker Renewable Energy Corporation,60025,MA,NEW,NPCC,NAICS-22 Non-Cogen,22,WT,11194.0,2021
62909,"Raymond Wind Farm, LLC",RWE Renewables Americas LLC,56215,TX,WSC,TRE,NAICS-22 Non-Cogen,22,WT,310618.0,2021
62935,"Orchard Windfarm 1, LLC","Orchard Windfarm, LLC",62758,OR,PACC,WECC,NAICS-22 Non-Cogen,22,WT,15050.0,2021
62936,Rattlesnake Flat,"Rattlesnake Flat, LLC",62778,WA,PACC,WECC,NAICS-22 Non-Cogen,22,WT,426502.0,2021
62938,Glen Ullin Energy Center,Allete Clean Energy,59496,ND,WNC,MRO,NAICS-22 Non-Cogen,22,WT,398063.0,2021
62939,South Peak Wind,Allete Clean Energy,59496,MT,MTN,WECC,NAICS-22 Non-Cogen,22,WT,293533.0,2021
62943,Deuel Harvest Wind Energy LLC,Southern Power Co,17650,SD,WNC,MRO,NAICS-22 Non-Cogen,22,WT,887937.0,2021
62944,Timber Road IV,Paulding Wind Farm IV LLC,62796,OH,ENC,RFC,NAICS-22 Non-Cogen,22,WT,377588.0,2021
62952,Cheyenne Ridge Wind Farm,Public Service Co of Colorado,15466,CO,MTN,WECC,Electric Utility,22,WT,1839857.0,2021
63025,Clear Creek Wind,"Clear Creek Wind, LLC",62855,MO,WNC,MRO,NAICS-22 Non-Cogen,22,WT,748161.0,2021
63030,"Canadian Breaks, LLC",Canadian Breaks LLC,64495,TX,WSC,TRE,NAICS-22 Non-Cogen,22,WT,825664.0,2021
63053,Palo Alto Wind Farm,MidAmerican Energy Co,12341,IA,WNC,MRO,Electric Utility,22,WT,1417956.0,2021
63100,Prairie Hill Wind Project,Engie North America,56201,TX,WSC,TRE,NAICS-22 Non-Cogen,22,WT,764773.0,2021
63101,Las Lomas Wind Project,Engie North America,56201,TX,WSC,TRE,NAICS-22 Non-Cogen,22,WT,548967.0,2021
63102,Dakota Range III Wind Project,Engie North America,56201,SD,WNC,MRO,NAICS-22 Non-Cogen,22,WT,295018.0,2021
63103,Triple H Wind Project,Engie North America,56201,SD,WNC,MRO,NAICS-22 Non-Cogen,22,WT,1027970.0,2021
63104,King Plains Wind Project,Engie North America,56201,OK,WSC,MRO,NAICS-22 Non-Cogen,22,WT,808480.0,2021
63114,Mohave County Wind Farm,Mohave County Wind Farm,62916,AZ,MTN,WECC,NAICS-22 Non-Cogen,22,WT,1070180.0,2021
63132,Weaver Wind,Longroad Energy Services LLC,61219,ME,NEW,NPCC,NAICS-22 Non-Cogen,22,WT,219485.0,2021
63133,Roundhouse Wind Energy Project,"Roundhouse Renewable Energy, LLC",62913,WY,MTN,WECC,NAICS-22 Non-Cogen,22,WT,842304.0,2021
63205,Skookumchuck Wind Facility,Southern Power Co,17650,WA,PACC,WECC,NAICS-22 Non-Cogen,22,WT,414262.0,2021
63209,Aviator Wind,"Aviator Wind, LLC",62993,TX,WSC,TRE,NAICS-22 Non-Cogen,22,WT,1793111.0,2021
63251,"Lone Tree Wind, LLC","Leeward Asset Management, LLC",50123,IL,ENC,RFC,NAICS-22 Non-Cogen,22,WT,307894.0,2021
63258,Aurora Wind Project,"Aurora Wind Project, LLC",63021,ND,WNC,MRO,NAICS-22 Non-Cogen,22,WT,726540.0,2021
63269,Crowned Ridge Wind II Energy Center,Northern States Power Co - Minnesota,13781,SD,WNC,MRO,Electric Utility,22,WT,821985.0,2021
63287,Cerro Gordo Wind Farm,Cerro Gordo Wind Farm,63072,IA,WNC,MRO,NAICS-22 Non-Cogen,22,WT,168609.0,2021
63327,"Diamond Spring, LLC",Allete Clean Energy,59496,OK,WSC,MRO,NAICS-22 Non-Cogen,22,WT,973457.0,2021
63384,Bennington Wind,Minonk Stewardship Wind LLC,63139,IL,ENC,SERC,NAICS-22 Non-Cogen,22,WT,64008.0,2021
63389,"Jordan Creek Wind Farm, LLC","Jordan Creek Wind Farm, LLC",63128,IN,ENC,RFC,NAICS-22 Non-Cogen,22,WT,1258419.0,2021
63393,"Cuming County Renewables, LLC",Cuming County Renewables. LLC,63124,NE,WNC,MRO,NAICS-22 Non-Cogen,22,WT,11353.0,2021
63431,Cisco,Allete Clean Energy,59496,MN,WNC,MRO,NAICS-22 Non-Cogen,22,WT,17925.0,2021
63432,Lincoln Heights I,Allete Clean Energy,59496,MN,WNC,MRO,NAICS-22 Non-Cogen,22,WT,11633.0,2021
63433,Lincoln Heights II,Allete Clean Energy,59496,MN,WNC,MRO,NAICS-22 Non-Cogen,22,WT,9513.0,2021
63436,Corriedale Wind Energy,Black Hills Service Company LLC,56771,WY,MTN,WECC,Electric Utility,22,WT,218461.0,2021
63460,"Rock County Wind Fuel, LLC","Rock County Wind Fuel, LLC",63189,MN,WNC,MRO,NAICS-22 Non-Cogen,22,WT,19401.0,2021
63482,Point Wind,Terra-Gen Operating Co-Wind,2770,CA,PACC,WECC,NAICS-22 Non-Cogen,22,WT,179612.0,2021
63489,"Sundance Wind Project, LLC",Public Service Co of Oklahoma,15474,OK,WSC,MRO,Electric Utility,22,WT,408904.0,2021
63494,"Maverick Wind Project, LLC",Public Service Co of Oklahoma,15474,OK,WSC,TRE,Electric Utility,22,WT,192041.0,2021
63502,Oso Grande Wind Farm,Tucson Electric Power Co,24211,NM,MTN,WECC,Electric Utility,22,WT,300224.0,2021
63521,CED Mason City Wind,Consolidated Edison Development Inc.,56769,IA,WNC,MRO,NAICS-22 Non-Cogen,22,WT,29018.0,2021
63574,Atchison County Wind,Union Electric Co - (MO),19436,MO,WNC,MRO,Electric Utility,22,WT,651137.0,2021
63578,Sagamore Wind,Southwestern Public Service Co,17718,NM,MTN,MRO,Electric Utility,22,WT,2037569.0,2021
63590,Ponderosa Wind Energy Center,"Ponderosa Wind, LLC",63299,OK,WSC,MRO,NAICS-22 Non-Cogen,22,WT,892114.0,2021
63601,Isabella Wind Park,DTE Electric Company,5109,MI,ENC,RFC,Electric Utility,22,WT,367169.0,2021
63624,"La Chalupa, LLC","Acciona Energy USA Global, LLC",57416,TX,WSC,TRE,NAICS-22 Non-Cogen,22,WT,162613.0,2021
63639,Contrail Wind Farm,MidAmerican Energy Co,12341,IA,WNC,MRO,Electric Utility,22,WT,278686.0,2021
63640,Southern Hills Wind Farm,MidAmerican Energy Co,12341,IA,WNC,MRO,Electric Utility,22,WT,607522.0,2021
63641,Diamond Trail Wind Farm,MidAmerican Energy Co,12341,IA,WNC,MRO,Electric Utility,22,WT,807936.0,2021
63655,Coyote Wind LLC,"EDF Renewable Asset Holdings, Inc.",57170,TX,WSC,TRE,NAICS-22 Non-Cogen,22,WT,618859.65,2021
63666,"Bitter Ridge Wind Farm, LLC","Bitter Ridge Wind Farm, LLC",63373,IN,ENC,RFC,NAICS-22 Non-Cogen,22,WT,376854.0,2021
63686,Crescent Wind Park,Consumers Energy Co,4254,MI,ENC,RFC,Electric Utility,22,WT,317823.0,2021
63687,Gratiot Farms Wind Project,Consumers Energy Co,4254,MI,ENC,RFC,Electric Utility,22,WT,354234.0,2021
63689,Red Lake Falls Community Hybrid,Consolidated Edison Development Inc.,56769,MN,WNC,MRO,NAICS-22 Non-Cogen,22,WT,0.0,2021
63739,Las Majadas Wind Farm,"Las Majadas Wind Farm, LLC",63431,TX,WSC,TRE,NAICS-22 Non-Cogen,22,WT,772215.0,2021
63803,"Bronco Plains Wind, LLC","Bronco Plains Wind, LLC",63487,CO,MTN,WECC,NAICS-22 Non-Cogen,22,WT,1063354.0,2021
63914,Cedar Springs I,"Cedar Springs Wind, LLC",63580,WY,MTN,WECC,NAICS-22 Non-Cogen,22,WT,760259.0,2021
63915,Cedar Springs II,PacifiCorp,14354,WY,MTN,WECC,Electric Utility,22,WT,670071.0,2021
63916,Cedar Springs III,"Cedar Springs Wind III, LLC",63582,WY,MTN,WECC,NAICS-22 Non-Cogen,22,WT,528032.0,2021
63941,Oasis Alta,Terra-Gen Operating Co-Wind,2770,CA,PACC,WECC,NAICS-22 Non-Cogen,22,WT,43372.0,2021
63981,Red Cloud Wind LLC,Pattern Operators LP,56545,NM,MTN,WECC,NAICS-22 Non-Cogen,22,WT,99001.0,2021
63988,Blooming Grove Wind Energy Center,Invenergy Services LLC,49893,IL,ENC,SERC,NAICS-22 Non-Cogen,22,WT,910809.0,2021
64003,Iron Star Wind Project,Engie North America,56201,KS,WNC,MRO,NAICS-22 Non-Cogen,22,WT,33110.0,2021
64051,"Orchard Windfarm 2, LLC","Orchard Windfarm, LLC",62758,OR,PACC,WECC,NAICS-22 Non-Cogen,22,WT,14648.0,2021
64052,"Orchard Windfarm 3, LLC","Orchard Windfarm, LLC",62758,OR,PACC,WECC,NAICS-22 Non-Cogen,22,WT,14345.0,2021
64053,"Orchard Windfarm 4, LLC","Orchard Windfarm, LLC",62758,OR,PACC,WECC,NAICS-22 Non-Cogen,22,WT,14794.0,2021
64054,Clines Corners Wind Farm LLC,Pattern Operators LP,56545,NM,MTN,WECC,NAICS-22 Non-Cogen,22,WT,116961.0,2021
64057,Wheatridge 1,Portland General Electric Co,15248,OR,PACC,WECC,Electric Utility,22,WT,341609.0,2021
64065,Duran Mesa LLC,Pattern Operators LP,56545,NM,MTN,WECC,NAICS-22 Non-Cogen,22,WT,41740.0,2021
64066,Tecolote Wind LLC,Pattern Operators LP,56545,NM,MTN,WECC,NAICS-22 Non-Cogen,22,WT,91223.0,2021
64074,Cimarron Bend III,"Enel Kansas, LLC",61372,KS,WNC,MRO,NAICS-22 Non-Cogen,22,WT,807765.0,2021
64130,"REG Juhl Glenville Wind, LLC","REG Juhl Glenville Wind, LLC",63761,MN,WNC,MRO,NAICS-22 Non-Cogen,22,WT,8070.0,2021
64138,Irish Creek Wind,"Irish Creek Wind, LLC",63765,KS,WNC,MRO,NAICS-22 Non-Cogen,22,WT,104217.0,2021
64172,"Rockhaven Wind Project, LLC","Rockhaven Wind Project, LLC",63783,OK,WSC,MRO,NAICS-22 Non-Cogen,22,WT,43003.0,2021
64178,CED Centerville Wind,Consolidated Edison Development Inc.,56769,IA,WNC,MRO,NAICS-22 Non-Cogen,22,WT,1160.0,2021
64183,Independence Wind Farm,Independence Wind Energy LLC,63802,IA,WNC,MRO,NAICS-22 Non-Cogen,22,WT,20673.0,2021
64230,Indiana Crossroads Wind Farm LLC,Indiana Crossroads Wind Farms LLC,63835,IN,ENC,RFC,NAICS-22 Non-Cogen,22,WT,55429.0,2021
64309,Soldier Creek Wind,Soldier Creek Wind LLC,63887,KS,WNC,MRO,NAICS-22 Non-Cogen,22,WT,1038733.0,2021
64323,Coachella Hills Wind,"Coachella Wind Holdings, LLC",63879,CA,PACC,WECC,NAICS-22 Non-Cogen,22,WT,159858.0,2021
64326,Summit Winds,Greenbacker Renewable Energy Corporation,60025,CA,PACC,WECC,NAICS-22 Non-Cogen,22,WT,81750.0,2021
64332,Two Dot Wind Broadview East LLC,Two Dot Wind Broadview East LLC,63903,MT,MTN,WECC,NAICS-22 Non-Cogen,22,WT,4912.0,2021
64336,"Little Blue Wind Project, LLC","Little Blue Wind Project, LLC",63956,NE,WNC,MRO,NAICS-22 Non-Cogen,22,WT,30039.0,2021
64377,Milligan 1 Wind Farm,"Milligan 1 Wind, LLC",63993,NE,WNC,MRO,NAICS-22 Non-Cogen,22,WT,770722.0,2021
64381,"Glacier Sands Wind Power, LLC","Glacier Sands Wind Power, LLC",63995,IL,ENC,MRO,NAICS-22 Non-Cogen,22,WT,101097.0,2021
64407,Flat Ridge 3,"Flat Ridge 3 Wind Energy, LLC",64000,KS,WNC,MRO,NAICS-22 Non-Cogen,22,WT,36756.0,2021
64623,Freeborn Wind Farm,Northern States Power Co - Minnesota,13781,MN,WNC,MRO,Electric Utility,22,WT,388912.0,2021
64638,"Borderlands Wind, LLC","Borderlands Wind, LLC",64250,NM,MTN,WECC,NAICS-22 Non-Cogen,22,WT,11170.0,2021
64662,"Sac County Wind, LLC",Sac County Wind,64261,IA,WNC,MRO,NAICS-22 Non-Cogen,22,WT,13905.0,2021
64710,White Mesa Wind,"White Mesa Wind, LLC",64288,TX,WSC,TRE,NAICS-22 Non-Cogen,22,WT,418865.0,2021
64750,Glass Sands Wind Facility,Southern Power Co,17650,OK,WSC,MRO,NAICS-22 Non-Cogen,22,WT,56297.0,2021
65048,Hubbard Wind,Hubbard Wind LLC,64468,TX,WSC,,NAICS-22 Non-Cogen,22,WT,224147.0,2021
65059,"Niyol Wind, LLC","Niyol Wind, LLC",64461,CO,MTN,,NAICS-22 Non-Cogen,22,WT,208745.0,2021
65143,Big Turtle Wind Farm 2,Heritage Garden Wind Farm I LLC,57480,MI,ENC,,NAICS-22 Non-Cogen,22,WT,109631.0,2021
65316,Sapphire Sky Wind Energy LLC,Invenergy Services LLC,49893,IL,ENC,,NAICS-22 Non-Cogen,22,WT,0.0,2021
65478,"Green Providence Wind I, LLC","Green Providence WInd I, LLC",64795,RI,NEW,,NAICS-22 Non-Cogen,22,WT,1.0,2021
65479,"Green Providence Wind II, LLC","Green Providence Wind II, LLC",64796,RI,NEW,,NAICS-22 Non-Cogen,22,WT,1.0,2021
65484,Western Plains Wind,"Western Plains Wind, LLC",64806,KS,WNC,,Industrial NAICS Non-Cogen,325193,WT,2507.0,2021
99999,State-Fuel Level Increment,State-Fuel Level Increment,99999,KS,WNC,,NAICS-22 Non-Cogen,99999,WT,57643.626,2021
99999,State-Fuel Level Increment,State-Fuel Level Increment,99999,IN,ENC,,NAICS-22 Non-Cogen,99999,WT,38068.027,2021
1,Sand Point,"TDX Sand Point Generating, LLC",63560,AK,PACN,,Electric Utility,22,WT,707.0,2022
90,Snake River,Nome Joint Utility Systems,13642,AK,PACN,,Electric Utility,22,WT,1959.0,2022
508,Lamar Plant,City of Lamar - (CO),10633,CO,MTN,WECC,Electric Utility,22,WT,12557.0,2022
692,Medicine Bow,SRIV Partnership LLC,62042,WY,MTN,WECC,NAICS-22 Non-Cogen,22,WT,15733.0,2022
944,Geneseo,City of Geneseo - (IL),7095,IL,ENC,MRO,Electric Utility,22,WT,7415.0,2022
1172,Osage (IA),City of Osage - (IA),14201,IA,WNC,MRO,Electric Utility,22,WT,4471.0,2022
1998,Mountain Lake,City of Mountain Lake - (MN),13048,MN,WNC,MRO,Electric Utility,22,WT,3058.0,2022
2022,Willmar,Willmar Municipal Utilities,20737,MN,WNC,MRO,Electric Utility,22,WT,7445.0,2022
2024,Worthington,City of Worthington - (MN),21013,MN,WNC,MRO,Electric Utility,22,WT,9491.0,2022
6304,Kotzebue Hybrid,Kotzebue Electric Assn Inc,10451,AK,PACN,,Electric Utility,22,WT,5089.0,2022
7381,Searsburg Wind Turbine,Green Mountain Power Corp,7601,VT,NEW,NPCC,Electric Utility,22,WT,9444.0,2022
7501,Princeton Wind Farm,Town of Princeton - (MA),15371,MA,NEW,NPCC,Electric Utility,22,WT,2448.0,2022
7526,Solano Wind,Sacramento Municipal Util Dist,16534,CA,PACC,WECC,Electric Utility,22,WT,569497.0,2022
7771,Springview,Bluestem LLC,58190,NE,WNC,MRO,NAICS-22 Non-Cogen,22,WT,7126.0,2022
7855,Moorhead Wind Turbine,City of Moorhead - (MN),12894,MN,WNC,MRO,Electric Utility,22,WT,387.0,2022
7886,Wind Turbine,Madison Gas & Electric Co,11479,WI,ENC,MRO,Electric Utility,22,WT,17826.0,2022
7927,Buffalo Mountain,Tennessee Valley Authority,18642,TN,ESC,SERC,Electric Utility,22,WT,0.0,2022
7936,Nine Canyon,Energy Northwest,20160,WA,PACC,WECC,Electric Utility,22,WT,200110.0,2022
7965,Salt Valley Wind Plant,Lincoln Electric System,11018,NE,WNC,MRO,Electric Utility,22,WT,2767.0,2022
7966,Iowa Distributed Wind Generation Project,City of Algona - (IA),309,IA,WNC,MRO,Electric Utility,22,WT,5083.0,2022
7974,Chamberlain Wind Project,Basin Electric Power Coop,1307,SD,WNC,MRO,Electric Utility,22,WT,98.0,2022
10005,Dinosaur Point,International Turbine Res Inc,9397,CA,PACC,WECC,NAICS-22 Non-Cogen,22,WT,11076.0,2022
10191,Tehachapi Wind Resource I,CalWind Resources Inc,2719,CA,PACC,WECC,NAICS-22 Non-Cogen,22,WT,14005.0,2022
10586,Cameron Ridge LLC,Terra-Gen Operating Co-Wind,2770,CA,PACC,WECC,NAICS-22 Non-Cogen,22,WT,152494.0,2022
10597,Ridgetop Energy LLC,Terra-Gen Operating Co-Wind,2770,CA,PACC,WECC,NAICS-22 Non-Cogen,22,WT,36077.0,2022
10718,Karen Avenue Wind Farm,San Gorgonio Farms Inc,16630,CA,PACC,WECC,NAICS-22 Non-Cogen,22,WT,25652.0,2022
10823,Deer Island Treatment Plant,Massachusetts Wtr Rauth-Deer I,11427,MA,NEW,NPCC,Commercial NAICS Cogen,22132,WT,1230.57,2022
50281,San Gorgonio Farms Wind Farm,San Gorgonio Farms Inc,16630,CA,PACC,WECC,NAICS-22 Non-Cogen,22,WT,62393.0,2022
50532,Victory Garden (Tehachapi),Wind Stream Operations LLC,56899,CA,PACC,WECC,NAICS-22 Non-Cogen,22,WT,26259.0,2022
50533,Painted Hills Wind Park,Terra-Gen Operating Co-Wind,2770,CA,PACC,WECC,NAICS-22 Non-Cogen,22,WT,140427.0,2022
50535,Mesa Wind Power LLC,Brookfield Renewable Trading and Marketing LP,63235,CA,PACC,WECC,NAICS-22 Non-Cogen,22,WT,0.0,2022
50536,Sky River Wind Energy Center,Sky River Wind LLC,64156,CA,PACC,WECC,NAICS-22 Non-Cogen,22,WT,183827.0,2022
50552,GPS Cabazon Wind LLC,Huntsman Wind,64407,CA,PACC,WECC,NAICS-22 Non-Cogen,22,WT,17217.0,2022
50553,Edom Hills Project 1 LLC,Edom Hills Project 1 LLC,65490,CA,PACC,WECC,NAICS-22 Non-Cogen,22,WT,6878.0,2022
50690,San Gorgonio Westwinds II LLC,Terra-Gen Operating Co-Wind,2770,CA,PACC,WECC,NAICS-22 Non-Cogen,22,WT,108801.0,2022
50754,Oak Creek Energy Systems I,Terra-Gen Operating Co-Wind,2770,CA,PACC,WECC,NAICS-22 Non-Cogen,22,WT,55604.0,2022
50820,East Winds Project,Terra-Gen Operating Co-Wind,2770,CA,PACC,WECC,NAICS-22 Non-Cogen,22,WT,5416.0,2022
50821,Mojave 16/17/18,Terra-Gen Operating Co-Wind,2770,CA,PACC,WECC,NAICS-22 Non-Cogen,22,WT,76192.0,2022
52142,Mojave 3/4/5,Terra-Gen Operating Co-Wind,2770,CA,PACC,WECC,NAICS-22 Non-Cogen,22,WT,115760.0,2022
52162,85 A,Wind Wall 1 LLC,64311,CA,PACC,WECC,NAICS-22 Non-Cogen,22,WT,66231.0,2022
52163,85 B,Wind Wall 1 LLC,64311,CA,PACC,WECC,NAICS-22 Non-Cogen,22,WT,90742.0,2022
54298,Coram Energy LLC (ECT),Nextera Energy Resources,64260,CA,PACC,WECC,NAICS-22 Non-Cogen,22,WT,26114.0,2022
54299,Coram Energy LLC,Nextera Energy Resources,64260,CA,PACC,WECC,NAICS-22 Non-Cogen,22,WT,20959.0,2022
54300,CTV Power Purchase Contract Trust,Nextera Energy Resources,64260,CA,PACC,WECC,NAICS-22 Non-Cogen,22,WT,0.0,2022
54453,EDF Renewable Windfarm V Inc,"EDF Renewable Asset Holdings, Inc.",57170,CA,PACC,WECC,NAICS-22 Non-Cogen,22,WT,20519.0,2022
54454,San Gorgonio Windplant WPP1993,"FPL Energy Operating Services, Inc.",49963,CA,PACC,WECC,NAICS-22 Non-Cogen,22,WT,161564.0,2022
54647,TPC Windfarms LLC,Terra-Gen Operating Co-Wind,2770,CA,PACC,WECC,NAICS-22 Non-Cogen,22,WT,47899.0,2022
54686,Difwind Farms Ltd VI,Terra-Gen Operating Co-Wind,2770,CA,PACC,WECC,NAICS-22 Non-Cogen,22,WT,22493.0,2022
54750,Coram Tehachapi,Nextera Energy Resources,64260,CA,PACC,WECC,NAICS-22 Non-Cogen,22,WT,3069.0,2022
54793,Storm Lake 1,Allete Clean Energy,59496,IA,WNC,MRO,NAICS-22 Non-Cogen,22,WT,109579.0,2022
54909,Tehachapi Wind Resource II,CalWind Resources Inc,2719,CA,PACC,WECC,NAICS-22 Non-Cogen,22,WT,48007.0,2022
54931,Ridgetop,Terra-Gen Operating Co-Wind,2770,CA,PACC,WECC,NAICS-22 Non-Cogen,22,WT,135462.0,2022
54979,Big Spring Wind Power Facility,Terra-Gen Operating Co-Wind,2770,TX,WSC,TRE,NAICS-22 Non-Cogen,22,WT,65027.0,2022
55125,Vansycle,ESI Vansycle Partners LP,6017,OR,PACC,WECC,NAICS-22 Non-Cogen,22,WT,61203.0,2022
55208,Lake Benton I,Allete Clean Energy,59496,MN,WNC,MRO,NAICS-22 Non-Cogen,22,WT,247993.0,2022
55265,Lake Benton II,Northern States Power Co - Minnesota,13781,MN,WNC,MRO,Electric Utility,22,WT,455098.0,2022
55287,Storm Lake II,Allete Clean Energy,59496,IA,WNC,MRO,NAICS-22 Non-Cogen,22,WT,160475.0,2022
55342,Woodstock Windfarm,Consolidated Edison Development Inc.,56769,MN,WNC,MRO,NAICS-22 Non-Cogen,22,WT,41797.0,2022
55353,Lakota Ridge LLC,Longroad Energy Services LLC,61219,MN,WNC,MRO,NAICS-22 Non-Cogen,22,WT,17137.0,2022
55354,Shaokatan Hills LLC,Longroad Energy Services LLC,61219,MN,WNC,MRO,NAICS-22 Non-Cogen,22,WT,23581.0,2022
55368,Wethersfield Wind Farm,CHI Energy Inc,34688,NY,MAT,NPCC,NAICS-22 Non-Cogen,22,WT,0.0,2022
55396,Green Power I,FPL Energy Green Power,49750,CA,PACC,WECC,NAICS-22 Non-Cogen,22,WT,318.0,2022
55560,FPL Energy Vansycle LLC (WA),FPL Energy Vansycle LLC,6607,WA,PACC,WECC,NAICS-22 Non-Cogen,22,WT,336996.0,2022
55561,Tsar Nicholas LLC,CHI Operations Inc,54725,MN,WNC,MRO,NAICS-22 Non-Cogen,22,WT,5351.0,2022
55562,Sun River LLC,CHI Operations Inc,54725,MN,WNC,MRO,NAICS-22 Non-Cogen,22,WT,5351.0,2022
55563,Julia Hills LLC,CHI Operations Inc,54725,MN,WNC,MRO,NAICS-22 Non-Cogen,22,WT,5351.0,2022
55564,Jessica Mills LLC,CHI Operations Inc,54725,MN,WNC,MRO,NAICS-22 Non-Cogen,22,WT,5351.0,2022
55565,Jack River LLC,CHI Operations Inc,54725,MN,WNC,MRO,NAICS-22 Non-Cogen,22,WT,5351.0,2022
55566,Autumn Hills LLC,CHI Operations Inc,54725,MN,WNC,MRO,NAICS-22 Non-Cogen,22,WT,5351.0,2022
55567,Winters Spawn LLC,CHI Operations Inc,54725,MN,WNC,MRO,NAICS-22 Non-Cogen,22,WT,5368.0,2022
55568,Twin Lake Hills LLC,CHI Operations Inc,54725,MN,WNC,MRO,NAICS-22 Non-Cogen,22,WT,5368.0,2022
55569,Spartan Hills LLC,CHI Operations Inc,54725,MN,WNC,MRO,NAICS-22 Non-Cogen,22,WT,5368.0,2022
55570,Soliloquoy Ridge LLC,CHI Operations Inc,54725,MN,WNC,MRO,NAICS-22 Non-Cogen,22,WT,5368.0,2022
55571,Ruthton Ridge LLC,CHI Operations Inc,54725,MN,WNC,MRO,NAICS-22 Non-Cogen,22,WT,5351.0,2022
55572,Hope Creek LLC,CHI Operations Inc,54725,MN,WNC,MRO,NAICS-22 Non-Cogen,22,WT,5368.0,2022
55573,Hadley Ridge LLC,CHI Operations Inc,54725,MN,WNC,MRO,NAICS-22 Non-Cogen,22,WT,5368.0,2022
55574,Florence Hills LLC,CHI Operations Inc,54725,MN,WNC,MRO,NAICS-22 Non-Cogen,22,WT,5368.0,2022
55576,Agassiz Beach LLC,CHI Operations Inc,54725,MN,WNC,MRO,NAICS-22 Non-Cogen,22,WT,4828.0,2022
55579,Llano Estacado Wind Ranch,Llano Estacado Wind Ranch,62136,TX,WSC,MRO,NAICS-22 Non-Cogen,22,WT,113373.0,2022
55581,King Mountain Wind Ranch 1,FPL Energy Upton Wind LP,6354,TX,WSC,TRE,NAICS-22 Non-Cogen,22,WT,616444.0,2022
55607,Foote Creek I,PacifiCorp,14354,WY,MTN,WECC,Electric Utility,22,WT,208749.0,2022
55719,Mountain View I&2,AES Distributed Energy,61012,CA,PACC,WECC,NAICS-22 Non-Cogen,22,WT,76973.0,2022
55734,Gray County Wind Energy,Gray County Wind Energy LLC,7531,KS,WNC,MRO,NAICS-22 Non-Cogen,22,WT,346922.0,2022
55739,Condon Windpower LLC,Allete Clean Energy,59496,OR,PACC,WECC,NAICS-22 Non-Cogen,22,WT,67241.0,2022
55740,Rock River I LLC,Shell Wind Energy Inc.,17058,WY,MTN,WECC,NAICS-22 Non-Cogen,22,WT,0.0,2022
55741,Ridge Crest Wind Partners,Terra-Gen Operating Co-Wind,2770,CO,MTN,WECC,NAICS-22 Non-Cogen,22,WT,60668.0,2022
55742,Montfort Wind Energy Center,Wisconsin Electric Power Co,20847,WI,ENC,RFC,Electric Utility,22,WT,64230.0,2022
55747,NWP Indian Mesa Wind Farm,NWP Indian Mesa Wind Farm LP,13866,TX,WSC,TRE,NAICS-22 Non-Cogen,22,WT,204548.0,2022
55769,Madison Windpower LLC,Madison Windpower LLC,49880,NY,MAT,NPCC,NAICS-22 Non-Cogen,22,WT,10193.0,2022
55782,Noble Ridge LLC,RENEW Energy Inc,56689,MN,WNC,MRO,NAICS-22 Non-Cogen,22,WT,307.0,2022
55790,Fenner Wind,CHI Energy Inc,34688,NY,MAT,NPCC,NAICS-22 Non-Cogen,22,WT,87083.0,2022
55795,Woodward Mountain II,Pecos Wind II LP,14629,TX,WSC,TRE,NAICS-22 Non-Cogen,22,WT,170006.0,2022
55796,Woodward Mountain I,Pecos Wind I LP,14628,TX,WSC,TRE,NAICS-22 Non-Cogen,22,WT,178724.0,2022
55803,Somerset Windpower LLC,"Sequitur Renewables, LLC",65240,PA,MAT,RFC,NAICS-22 Non-Cogen,22,WT,8789.0,2022
55804,Northern Iowa Windfarm,Black Hills Electric Generation LLC,61973,IA,WNC,MRO,NAICS-22 Non-Cogen,22,WT,161270.0,2022
55805,Mill Run Windpower LLC,"Sequitur Renewables, LLC",65240,PA,MAT,RFC,NAICS-22 Non-Cogen,22,WT,13983.0,2022
55809,Kas Brothers Windfarm,Kas Brothers Windfarm LLC,10046,MN,WNC,MRO,NAICS-22 Non-Cogen,22,WT,4276.0,2022
55816,Hawkeye Power Partners LLC,Hawkeye Power Partners LLC,8294,IA,WNC,MRO,NAICS-22 Non-Cogen,22,WT,200299.0,2022
55871,Klondike Wind Power,Avangrid Renewables LLC,15399,OR,PACC,WECC,NAICS-22 Non-Cogen,22,WT,35400.0,2022
55944,Bay Windpower I,Crystal Flash Renewable Energy LLC dba Bay Windpower LLC,1361,MI,ENC,RFC,NAICS-22 Non-Cogen,22,WT,2407.0,2022
55968,Trent Wind Farm LP,Trent Wind Farm LP,19171,TX,WSC,TRE,NAICS-22 Non-Cogen,22,WT,548790.0,2022
55980,Champepaden Wind Power,"EDF Renewable Asset Holdings, Inc.",57170,MN,WNC,MRO,NAICS-22 Non-Cogen,22,WT,0.0,2022
55981,Moulton Wind Power,"EDF Renewable Asset Holdings, Inc.",57170,MN,WNC,MRO,NAICS-22 Non-Cogen,22,WT,0.0,2022
55986,Mountaineer Wind Energy Center,"Sequitur Renewables, LLC",65240,WV,SAT,RFC,NAICS-22 Non-Cogen,22,WT,84925.0,2022
55989,FPL Energy Vansycle LLC (OR),FPL Energy Vansycle LLC,6607,OR,PACC,WECC,NAICS-22 Non-Cogen,22,WT,233935.0,2022
55992,Desert Sky,Desert Sky Wind Farm LP,49796,TX,WSC,TRE,NAICS-22 Non-Cogen,22,WT,482289.0,2022
55995,Minot Wind Project,Basin Electric Power Coop,1307,ND,WNC,MRO,Electric Utility,22,WT,19954.0,2022
56001,Waymart Wind,"Sequitur Renewables, LLC",65240,PA,MAT,RFC,NAICS-22 Non-Cogen,22,WT,101578.0,2022
56002,Minwind,"Community Renewables, LLC",60580,MN,WNC,MRO,NAICS-22 Non-Cogen,22,WT,3890.0,2022
56010,Hancock County Wind Energy Center,"FPL Energy Hancock County Wind, LLC",6850,IA,WNC,MRO,NAICS-22 Non-Cogen,22,WT,312194.0,2022
56011,Cabazon Wind Partners,Shell Wind Energy Inc.,17058,CA,PACC,WECC,NAICS-22 Non-Cogen,22,WT,98197.0,2022
56012,Whitewater Hill Wind Partners,Shell Wind Energy Inc.,17058,CA,PACC,WECC,NAICS-22 Non-Cogen,22,WT,136521.0,2022
56052,"Meyersdale Windpower, LLC","Sequitur Renewables, LLC",65240,PA,MAT,RFC,NAICS-22 Non-Cogen,22,WT,39184.0,2022
56054,G McNeilus Wind Farm Dodge Center,Justin McNeilus,6985,MN,WNC,MRO,NAICS-22 Non-Cogen,22,WT,107743.0,2022
56075,High Winds LLC,"FPLE High Winds, LLC",8565,CA,PACC,WECC,NAICS-22 Non-Cogen,22,WT,304912.0,2022
56081,Blue Canyon Windpower,Blue Canyon Windpower LLC,1881,OK,WSC,MRO,NAICS-22 Non-Cogen,22,WT,81579.0,2022
56092,South Dakota Wind Energy Cente,FPL Energy South Dakota Wind LLC,34721,SD,WNC,MRO,NAICS-22 Non-Cogen,22,WT,91008.0,2022
56093,TransAlta Wyoming Wind,NextEra Energy Operating Services LLC,58528,WY,MTN,WECC,NAICS-22 Non-Cogen,22,WT,341330.0,2022
56094,Oklahoma Wind Energy Center,FPL Energy Oklahoma Wind LLC,34719,OK,WSC,MRO,NAICS-22 Non-Cogen,22,WT,178185.0,2022
56097,New Mexico Wind Energy Center,FPL Energy New Mexico Wind LLC,34717,NM,MTN,WECC,NAICS-22 Non-Cogen,22,WT,577221.0,2022
56099,FPL Energy North Dakota Wind I/II,FPL Energy North Dakota Wind LLC,34723,ND,WNC,MRO,NAICS-22 Non-Cogen,22,WT,145805.0,2022
56106,Kimball Wind,"Kimball Wind, LLC",61369,NE,WNC,WECC,NAICS-22 Non-Cogen,22,WT,131672.0,2022
56111,Brazos Wind Farm,Shell Wind Energy Inc.,17058,TX,WSC,TRE,NAICS-22 Non-Cogen,22,WT,31367.0,2022
56112,Mountain View III,Avangrid Renewables LLC,15399,CA,PACC,WECC,NAICS-22 Non-Cogen,22,WT,52670.0,2022
56123,Minwind 3-9,"Rock County Energy Center, LLC",60558,MN,WNC,MRO,NAICS-22 Non-Cogen,22,WT,0.0,2022
56142,"Chanarambie Power Partners, LLC",Allete Clean Energy,59496,MN,WNC,MRO,NAICS-22 Non-Cogen,22,WT,102661.0,2022
56153,Viking Wind Partners,Allete Clean Energy,59496,MN,WNC,MRO,NAICS-22 Non-Cogen,22,WT,8166.0,2022
56160,"Mendota Hills, LLC","Leeward Asset Management, LLC",50123,IL,ENC,RFC,NAICS-22 Non-Cogen,22,WT,290509.0,2022
56162,Ainsworth Wind,Nebraska Public Power District,13337,NE,WNC,MRO,Electric Utility,22,WT,89103.0,2022
56172,Flying Cloud Power Partners LLC,Avangrid Renewables LLC,15399,IA,WNC,MRO,NAICS-22 Non-Cogen,22,WT,87063.0,2022
56173,Colorado Green Holdings LLC,Avangrid Renewables LLC,15399,CO,MTN,WECC,NAICS-22 Non-Cogen,22,WT,546913.0,2022
56174,Moraine Wind LLC,Avangrid Renewables LLC,15399,MN,WNC,MRO,NAICS-22 Non-Cogen,22,WT,103349.0,2022
56195,Combine Hills I,Eurus Combine Hills I LLC,49844,OR,PACC,WECC,NAICS-22 Non-Cogen,22,WT,77796.0,2022
56199,TG Windfarm LLC,TG Windfarm LLC,61141,MN,WNC,MRO,NAICS-22 Non-Cogen,22,WT,4689.0,2022
56200,CG Windfarm LLC,CG Windfarm LLC,61140,MN,WNC,MRO,NAICS-22 Non-Cogen,22,WT,2345.0,2022
56201,Bisson Windfarm LLC,Bisson Windfarm LLC,61139,MN,WNC,MRO,NAICS-22 Non-Cogen,22,WT,4689.0,2022
56202,Tofteland Windfarm LLC,Tofteland Windfarm LLC,49867,MN,WNC,MRO,NAICS-22 Non-Cogen,22,WT,4688.0,2022
56203,Westridge Windfarm LLC,Westridge Windfarm LLC,61142,MN,WNC,MRO,NAICS-22 Non-Cogen,22,WT,2344.0,2022
56204,Fey Windfarm LLC,Fey Windfarm LLC,49869,MN,WNC,MRO,NAICS-22 Non-Cogen,22,WT,5663.0,2022
56205,Windcurrent Farms LLC,Windcurrent Farms LLC,49870,MN,WNC,MRO,NAICS-22 Non-Cogen,22,WT,4733.0,2022
56206,K-Brink Windfarm LLC,"K-brink Windfarm, LLC",61120,MN,WNC,MRO,NAICS-22 Non-Cogen,22,WT,5617.0,2022
56207,DL Windy Acres LLC,Brewster,56800,MN,WNC,MRO,NAICS-22 Non-Cogen,22,WT,5567.0,2022
56208,S&P Windfarm LLC,Brewster,56800,MN,WNC,MRO,NAICS-22 Non-Cogen,22,WT,5567.0,2022
56209,Boeve Windfarm LLC,Boeve Windfarm LLC,49874,MN,WNC,MRO,NAICS-22 Non-Cogen,22,WT,6018.0,2022
56210,B&K Energy Systems LLC,Brewster,56800,MN,WNC,MRO,NAICS-22 Non-Cogen,22,WT,5567.0,2022
56211,Sweetwater Wind 1 LLC,"Leeward Asset Management, LLC",50123,TX,WSC,TRE,NAICS-22 Non-Cogen,22,WT,142468.0,2022
56212,Sweetwater Wind 2 LLC,"Leeward Asset Management, LLC",50123,TX,WSC,TRE,NAICS-22 Non-Cogen,22,WT,379922.0,2022
56215,Allendorf,E&E Enterprises LLC,57202,IA,WNC,MRO,NAICS-22 Non-Cogen,22,WT,1700.0,2022
56225,Aeolus Wind Facility,Aeolus Wind LLC,49903,TX,WSC,MRO,NAICS-22 Non-Cogen,22,WT,0.0,2022
56226,Bowling Green Wind,"American Mun Power-Ohio, Inc",40577,OH,ENC,RFC,Electric Utility,22,WT,5108.0,2022
56240,Buffalo Gap Wind Farm,AES Distributed Energy,61012,TX,WSC,TRE,NAICS-22 Non-Cogen,22,WT,219175.0,2022
56251,Intrepid,MidAmerican Energy Co,12341,IA,WNC,MRO,Electric Utility,22,WT,628573.0,2022
56252,Century,MidAmerican Energy Co,12341,IA,WNC,MRO,Electric Utility,22,WT,688513.0,2022
56255,Hopkins Ridge Wind,Puget Sound Energy Inc,15500,WA,PACC,WECC,Electric Utility,22,WT,348577.0,2022
56270,Callahan Divide Wind Energy Center,"FPL Energy Callahan Wind, LLC",50012,TX,WSC,TRE,NAICS-22 Non-Cogen,22,WT,402525.0,2022
56271,Diablo Winds LLC,Huntsman Wind,64407,CA,PACC,WECC,NAICS-22 Non-Cogen,22,WT,39456.0,2022
56273,Weatherford Wind Energy Center,"FPL Energy Weatherford, LLC",50014,OK,WSC,MRO,NAICS-22 Non-Cogen,22,WT,632113.0,2022
56275,Helzel & Schwarzhoff 86,Wind Stream Operations LLC,56899,CA,PACC,WECC,NAICS-22 Non-Cogen,22,WT,3160.0,2022
56276,ZCO,Wind Stream Operations LLC,56899,CA,PACC,WECC,NAICS-22 Non-Cogen,22,WT,1569.0,2022
56290,Maple Ridge Wind Farm,"Flat Rock Windpower, LLC",54684,NY,MAT,NPCC,NAICS-22 Non-Cogen,22,WT,681843.0,2022
56291,Horse Hollow Wind Energy Center,FPL Energy Horse Hollow LLC,50063,TX,WSC,TRE,NAICS-22 Non-Cogen,22,WT,2336220.0,2022
56293,Caprock Wind Farm,"Leeward Asset Management, LLC",50123,NM,MTN,MRO,NAICS-22 Non-Cogen,22,WT,315937.0,2022
56295,Kumeyaay Wind,"Leeward Asset Management, LLC",50123,CA,PACC,WECC,NAICS-22 Non-Cogen,22,WT,136441.0,2022
56296,Trimont Area Wind Farm,Avangrid Renewables LLC,15399,MN,WNC,MRO,NAICS-22 Non-Cogen,22,WT,417784.0,2022
56297,Crescent Ridge,"Leeward Asset Management, LLC",50123,IL,ENC,RFC,NAICS-22 Non-Cogen,22,WT,218129.0,2022
56299,Wind Park Bear Creek,"Leeward Asset Management, LLC",50123,PA,MAT,RFC,NAICS-22 Non-Cogen,22,WT,64217.0,2022
56300,Jersey-Atlantic Wind Farm,"Leeward Asset Management, LLC",50123,NJ,MAT,RFC,NAICS-22 Non-Cogen,22,WT,21629.0,2022
56301,Wolverine Creek,Invenergy Services LLC,49893,ID,MTN,WECC,NAICS-22 Non-Cogen,22,WT,145937.0,2022
56302,Oasis Wind,Terra-Gen Operating Co-Wind,2770,CA,PACC,WECC,NAICS-22 Non-Cogen,22,WT,209010.0,2022
56303,Elk River Wind,Avangrid Renewables LLC,15399,KS,WNC,MRO,NAICS-22 Non-Cogen,22,WT,306487.0,2022
56304,San Juan Mesa Wind Project LLC,NRG Energy Gas & Wind Holdings Inc,59883,NM,MTN,MRO,NAICS-22 Non-Cogen,22,WT,242295.0,2022
56307,Adams Wind Farm,Consolidated Edison Development Inc.,56769,MN,WNC,MRO,NAICS-22 Non-Cogen,22,WT,41797.0,2022
56308,Fossil Gulch,Greenbacker Renewable Energy Corporation,60025,ID,MTN,WECC,NAICS-22 Non-Cogen,22,WT,30716.0,2022
56311,Sweetwater Wind 3 LLC,"Leeward Asset Management, LLC",50123,TX,WSC,TRE,NAICS-22 Non-Cogen,22,WT,506513.0,2022
56320,Spring Canyon,Invenergy Services LLC,49893,CO,MTN,WECC,NAICS-22 Non-Cogen,22,WT,19427.0,2022
56322,Wild Horse,Puget Sound Energy Inc,15500,WA,PACC,WECC,Electric Utility,22,WT,563602.0,2022
56335,Blue Canyon Windpower II,Blue Canyon Windpower II LLC,54707,OK,WSC,MRO,NAICS-22 Non-Cogen,22,WT,436259.0,2022
56336,Aragonne Wind LLC,"Leeward Asset Management, LLC",50123,NM,MTN,WECC,NAICS-22 Non-Cogen,22,WT,691693.0,2022
56337,Sweetwater Wind 4 LLC,"Leeward Asset Management, LLC",50123,TX,WSC,TRE,NAICS-22 Non-Cogen,22,WT,606303.0,2022
56338,High Trail Wind Farm LLC,High Trail Wind Farm LLC,54709,IL,ENC,RFC,NAICS-22 Non-Cogen,22,WT,604274.0,2022
56347,Cedar Ridge,Wisconsin Power & Light Co,20856,WI,ENC,MRO,Electric Utility,22,WT,191392.0,2022
56351,Spearville,Evergy Metro,10000,KS,WNC,MRO,Electric Utility,22,WT,228174.0,2022
56355,Whispering Willow Wind Farm - East,Interstate Power and Light Co,9417,IA,WNC,MRO,Electric Utility,22,WT,584245.0,2022
56357,FPL Energy Burleigh County Wind,FPL Energy Burleigh County Wind LLC,54717,ND,WNC,MRO,NAICS-22 Non-Cogen,22,WT,202504.0,2022
56359,Klondike Windpower II,Avangrid Renewables LLC,15399,OR,PACC,WECC,NAICS-22 Non-Cogen,22,WT,228664.0,2022
56360,Leaning Juniper,PacifiCorp,14354,OR,PACC,WECC,Electric Utility,22,WT,253408.0,2022
56361,Big Horn Wind Project,Avangrid Renewables LLC,15399,WA,PACC,WECC,NAICS-22 Non-Cogen,22,WT,465828.0,2022
56362,Shiloh I Wind Project,Avangrid Renewables LLC,15399,CA,PACC,WECC,NAICS-22 Non-Cogen,22,WT,416935.0,2022
56369,Casselman Wind Power Project,Avangrid Renewables LLC,15399,PA,MAT,RFC,NAICS-22 Non-Cogen,22,WT,87754.0,2022
56371,Cedar Creek Wind,"Leeward Asset Management, LLC",50123,CO,MTN,WECC,NAICS-22 Non-Cogen,22,WT,644565.0,2022
56372,Sweetwater Wind 5,"Leeward Asset Management, LLC",50123,TX,WSC,TRE,NAICS-22 Non-Cogen,22,WT,168098.0,2022
56376,Pike County Wind Power,Illinois Rural Electric Coop,9209,IL,ENC,SERC,Electric Utility,22,WT,3236.0,2022
56377,Judith Gap Wind Energy Center,Invenergy Services LLC,49893,MT,MTN,WECC,NAICS-22 Non-Cogen,22,WT,503318.0,2022
56378,Pakini Nui Wind Farm,Apollo Energy Corp,794,HI,PACN,,NAICS-22 Non-Cogen,22,WT,106436.0,2022
56379,Victory Wind Farm,MidAmerican Energy Co,12341,IA,WNC,MRO,Electric Utility,22,WT,420275.0,2022
56380,Centennial Wind Farm,Oklahoma Gas & Electric Co,14063,OK,WSC,MRO,Electric Utility,22,WT,173209.0,2022
56383,Northern Iowa Windpower II,Avangrid Renewables LLC,15399,IA,WNC,MRO,NAICS-22 Non-Cogen,22,WT,142567.0,2022
56386,Top of Iowa Windfarm III,Madison Gas & Electric Co,11479,IA,WNC,MRO,Electric Utility,22,WT,50640.0,2022
56391,Blue Sky Green Field Wind Project,Wisconsin Electric Power Co,20847,WI,ENC,RFC,Electric Utility,22,WT,319157.0,2022
56392,FPL Energy Oliver Wind I LLC,FPL Energy Oliver County Wind,55696,ND,WNC,MRO,NAICS-22 Non-Cogen,22,WT,194340.0,2022
56394,Forest Creek Wind Farm LLC,"RWE Renewables Americas, LLC",56215,TX,WSC,TRE,NAICS-22 Non-Cogen,22,WT,239438.0,2022
56395,Mesquite Wind Power LLC,Mesquite Wind LLC,54759,TX,WSC,TRE,NAICS-22 Non-Cogen,22,WT,467973.0,2022
56399,Lempster Wind LLC,Avangrid Renewables LLC,15399,NH,NEW,NPCC,NAICS-22 Non-Cogen,22,WT,62750.0,2022
56408,Agriwind,"Agriwind Holdings, LLC",65300,IL,ENC,RFC,NAICS-22 Non-Cogen,22,WT,13411.0,2022
56409,Stahl Wind Energy,Longroad Energy Services LLC,61219,MN,WNC,MRO,NAICS-22 Non-Cogen,22,WT,4716.0,2022
56410,Carstensen Wind,Longroad Energy Services LLC,61219,MN,WNC,MRO,NAICS-22 Non-Cogen,22,WT,4248.0,2022
56411,Northern Lights Wind LLC,Longroad Energy Services LLC,61219,MN,WNC,MRO,NAICS-22 Non-Cogen,22,WT,3016.0,2022
56412,Lucky Wind,Longroad Energy Services LLC,61219,MN,WNC,MRO,NAICS-22 Non-Cogen,22,WT,2398.0,2022
56413,Greenback Energy,Longroad Energy Services LLC,61219,MN,WNC,MRO,NAICS-22 Non-Cogen,22,WT,5271.0,2022
56414,Redwood Falls Wind,Southern Minnesota Mun P Agny,40580,MN,WNC,MRO,Electric Utility,22,WT,10949.0,2022
56415,Fairmont Wind,Southern Minnesota Mun P Agny,40580,MN,WNC,MRO,Electric Utility,22,WT,16360.0,2022
56416,Michigan Wind 1,"Michigan Wind 1, LLC",54800,MI,ENC,RFC,NAICS-22 Non-Cogen,22,WT,170813.0,2022
56424,Mower County Wind Energy Center,Northern States Power Co - Minnesota,13781,MN,WNC,MRO,Electric Utility,22,WT,353687.0,2022
56432,Wildorado Wind LLC,"Wildorado Wind, LLC",64668,TX,WSC,MRO,NAICS-22 Non-Cogen,22,WT,689694.0,2022
56433,Pine Tree Wind Power Project,Los Angeles Department of Water & Power,11208,CA,PACC,WECC,Electric Utility,22,WT,123185.0,2022
56434,Burley Butte Windpark,Idaho Wind Partners 1 LLC,56592,ID,MTN,WECC,NAICS-22 Non-Cogen,22,WT,56529.0,2022
56435,Golden Valley Wind Park LLC,Idaho Wind Partners 1 LLC,56592,ID,MTN,WECC,NAICS-22 Non-Cogen,22,WT,29985.0,2022
56437,Milner Dam Wind Park LLC,Idaho Wind Partners 1 LLC,56592,ID,MTN,WECC,NAICS-22 Non-Cogen,22,WT,51350.0,2022
56439,Oregon Trail Wind Park,Idaho Wind Partners 1 LLC,56592,ID,MTN,WECC,NAICS-22 Non-Cogen,22,WT,34657.0,2022
56440,Pilgrim Stage Wind Park,Idaho Wind Partners 1 LLC,56592,ID,MTN,WECC,NAICS-22 Non-Cogen,22,WT,31351.0,2022
56441,Salmon Falls Wind Park,Idaho Wind Partners 1 LLC,56592,ID,MTN,WECC,NAICS-22 Non-Cogen,22,WT,57373.0,2022
56442,Thousand Springs Wind Park,Idaho Wind Partners 1 LLC,56592,ID,MTN,WECC,NAICS-22 Non-Cogen,22,WT,30190.0,2022
56443,Tuana Gulch Wind Park,Idaho Wind Partners 1 LLC,56592,ID,MTN,WECC,NAICS-22 Non-Cogen,22,WT,28279.0,2022
56446,Buena Vista Energy LLC,"Leeward Asset Management, LLC",50123,CA,PACC,WECC,NAICS-22 Non-Cogen,22,WT,93206.0,2022
56448,Mars Hill Wind Farm Project,"Evergreen Wind, LLC",59155,ME,NEW,NPCC,NAICS-22 Non-Cogen,22,WT,130638.0,2022
56449,Kaheawa Pastures Wind Farm Hybrid,"Evergreen Wind, LLC",59155,HI,PACN,,NAICS-22 Non-Cogen,22,WT,84107.0,2022
56450,GSG LLC,"Leeward Asset Management, LLC",50123,IL,ENC,RFC,NAICS-22 Non-Cogen,22,WT,222546.0,2022
56451,Allegheny Ridge Wind Farm,"Leeward Asset Management, LLC",50123,PA,MAT,RFC,NAICS-22 Non-Cogen,22,WT,198840.0,2022
56457,Post Wind Farm LP,FPL Energy Red Canyon LLC,54870,TX,WSC,TRE,NAICS-22 Non-Cogen,22,WT,329388.0,2022
56459,MinnDakota Wind LLC,Avangrid Renewables LLC,15399,MN,WNC,MRO,NAICS-22 Non-Cogen,22,WT,282145.0,2022
56460,Twin Buttes Wind Project,Avangrid Renewables LLC,15399,CO,MTN,WECC,NAICS-22 Non-Cogen,22,WT,206780.0,2022
56466,Marengo Wind Plant,PacifiCorp,14354,WA,PACC,WECC,Electric Utility,22,WT,588133.0,2022
56468,Klondike Windpower III,Avangrid Renewables LLC,15399,OR,PACC,WECC,NAICS-22 Non-Cogen,22,WT,708208.0,2022
56470,Locust Ridge,Avangrid Renewables LLC,15399,PA,MAT,RFC,NAICS-22 Non-Cogen,22,WT,52596.0,2022
56479,Sand Bluff Wind Farm,"RWE Renewables Americas, LLC",56215,TX,WSC,TRE,NAICS-22 Non-Cogen,22,WT,17612.0,2022
56483,Post Oak Wind LLC,Mesquite Wind LLC,54759,TX,WSC,TRE,NAICS-22 Non-Cogen,22,WT,437080.0,2022
56484,Buffalo Gap 2 Wind Farm,AES Distributed Energy,61012,TX,WSC,TRE,NAICS-22 Non-Cogen,22,WT,404206.0,2022
56485,Biglow Canyon Wind Farm,Portland General Electric Co,15248,OR,PACC,WECC,Electric Utility,22,WT,765435.0,2022
56487,White Creek Wind Farm,White Creek Wind 1 LLC,55907,WA,PACC,WECC,NAICS-22 Non-Cogen,22,WT,517776.0,2022
56488,Smoky Hills Wind Project Phase I,Smoky Hills Wind Farm I LLC,55886,KS,WNC,MRO,NAICS-22 Non-Cogen,22,WT,319570.0,2022
56493,Buffalo Mountain Energy Center,Invenergy Services LLC,49893,TN,ESC,SERC,NAICS-22 Non-Cogen,22,WT,14865.0,2022
56494,Prairie Star Wind Farm,High Prairie Wind Farm II LLC,54904,MN,WNC,MRO,NAICS-22 Non-Cogen,22,WT,340000.0,2022
56495,NedPower Mount Storm,Clearway Energy Operating LLC,64536,WV,SAT,RFC,NAICS-22 Non-Cogen,22,WT,594010.0,2022
56501,Pomeroy Wind Farm,MidAmerican Energy Co,12341,IA,WNC,MRO,Electric Utility,22,WT,1139177.0,2022
56506,Scurry County Wind LP,Invenergy Services LLC,49893,TX,WSC,TRE,NAICS-22 Non-Cogen,22,WT,250742.0,2022
56536,Cow Branch,"Cow Branch Wind Power, LLC",55734,MO,WNC,SERC,NAICS-22 Non-Cogen,22,WT,111155.0,2022
56537,Conception,"CR Clearing, LLC",55735,MO,WNC,SERC,NAICS-22 Non-Cogen,22,WT,114043.0,2022
56538,Loess Hills,Loess Hills Wind Farm LLC,55736,MO,WNC,SERC,NAICS-22 Non-Cogen,22,WT,7985.0,2022
56543,Eastridge Wind Project,Eastridge Wind Project,62005,MN,WNC,MRO,NAICS-22 Non-Cogen,22,WT,24223.0,2022
56544,Windom Wind Project,Midwest Power Partners LLC,60661,MN,WNC,MRO,NAICS-22 Non-Cogen,22,WT,36473.0,2022
56555,Bluegrass Ridge,"Wind Capital Holdings, LLC",55737,MO,WNC,SERC,NAICS-22 Non-Cogen,22,WT,120817.0,2022
56560,Porterhouse Wind (4) LLC,Stockyard Wind,64408,TX,WSC,MRO,NAICS-22 Non-Cogen,22,WT,14934.0,2022
56561,Filet Wind (5) LLC,Stockyard Wind,64408,TX,WSC,MRO,NAICS-22 Non-Cogen,22,WT,1655.0,2022
56562,Tenderloin Wind (6) LLC,Stockyard Wind,64408,TX,WSC,MRO,NAICS-22 Non-Cogen,22,WT,3496.0,2022
56563,Peetz Table Wind Energy,FPL Peetz Table Wind Energy,55785,CO,MTN,WECC,NAICS-22 Non-Cogen,22,WT,753111.0,2022
56570,Terra-Gen VG Wind LLC,Terra-Gen Operating Co-Wind,2770,CA,PACC,WECC,NAICS-22 Non-Cogen,22,WT,11057.0,2022
56573,FPL Energy Oliver Wind II LLC,FPL Energy Oliver County Wind II LLC,54799,ND,WNC,MRO,NAICS-22 Non-Cogen,22,WT,212913.0,2022
56575,Steel Winds Wind Farm,"Evergreen Wind, LLC",59155,NY,MAT,NPCC,NAICS-22 Non-Cogen,22,WT,44473.0,2022
56577,Shane's Wind Machine,Shane's Wind Machine LLC,55832,MN,WNC,MRO,NAICS-22 Non-Cogen,22,WT,6385.0,2022
56580,Blue Breezes LLC,Moore 1,56807,MN,WNC,MRO,NAICS-22 Non-Cogen,22,WT,0.0,2022
56581,Blue Breezes II LLC,Moore 1,56807,MN,WNC,MRO,NAICS-22 Non-Cogen,22,WT,0.0,2022
56586,Sunset Breeze LLC,Midwest Power Partners LLC,60661,MN,WNC,MRO,NAICS-22 Non-Cogen,22,WT,2755.0,2022
56587,Minnesota Breeze LLC,Midwest Power Partners LLC,60661,MN,WNC,MRO,NAICS-22 Non-Cogen,22,WT,2755.0,2022
56588,G Flow Wind LLC,Midwest Power Partners LLC,60661,MN,WNC,MRO,NAICS-22 Non-Cogen,22,WT,2755.0,2022
56589,Wolf Wind Enterprises LLC,Midwest Power Partners LLC,60661,MN,WNC,MRO,NAICS-22 Non-Cogen,22,WT,2755.0,2022
56590,Green Acres Breeze LLC,Midwest Power Partners LLC,60661,MN,WNC,MRO,NAICS-22 Non-Cogen,22,WT,2755.0,2022
56591,Horseshoe Bend Wind Park,"Cycle Holdings, LLC",61185,MT,MTN,WECC,NAICS-22 Non-Cogen,22,WT,27924.0,2022
56592,Champion Wind Farm LLC,"RWE Renewables Americas, LLC",56215,TX,WSC,TRE,NAICS-22 Non-Cogen,22,WT,299304.0,2022
56593,Roscoe Wind Farm LLC,"RWE Renewables Americas, LLC",56215,TX,WSC,TRE,NAICS-22 Non-Cogen,22,WT,450597.0,2022
56594,Munnsville Wind Farm LLC,"RWE Renewables Americas, LLC",56215,NY,MAT,NPCC,NAICS-22 Non-Cogen,22,WT,91125.0,2022
56602,Snyder Wind Farm,Snyder Wind Farm LLC,55847,TX,WSC,TRE,NAICS-22 Non-Cogen,22,WT,0.0,2022
56605,"Langdon Renewables, LLC",FPL Energy Langdon Wind LLC,55799,ND,WNC,MRO,NAICS-22 Non-Cogen,22,WT,517989.0,2022
56607,Prairie Winds ND1,Basin Electric Power Coop,1307,ND,WNC,MRO,Electric Utility,22,WT,323088.0,2022
56608,Prairie Winds SD1,Basin Electric Power Coop,1307,SD,WNC,MRO,Electric Utility,22,WT,383677.0,2022
56613,Logan Wind Energy,Logan Wind Energy LLC,55862,CO,MTN,WECC,NAICS-22 Non-Cogen,22,WT,460607.0,2022
56614,Old Trail Wind Farm,Old Trail Wind Farm LLC,55866,IL,ENC,RFC,NAICS-22 Non-Cogen,22,WT,612235.0,2022
56617,Fenton Wind Farm,"EDF Renewable Asset Holdings, Inc.",57170,MN,WNC,MRO,NAICS-22 Non-Cogen,22,WT,396213.0,2022
56618,Clinton,"Valcour Operating Services, LLC",63858,NY,MAT,NPCC,NAICS-22 Non-Cogen,22,WT,107873.0,2022
56619,Ellenburg,"Valcour Operating Services, LLC",63858,NY,MAT,NPCC,NAICS-22 Non-Cogen,22,WT,121088.0,2022
56620,Bliss,"Valcour Operating Services, LLC",63858,NY,MAT,NPCC,NAICS-22 Non-Cogen,22,WT,130032.0,2022
56621,Sleeping Bear LLC,NRG Energy Gas & Wind Holdings Inc,59883,OK,WSC,MRO,NAICS-22 Non-Cogen,22,WT,96364.0,2022
56622,Providence Heights Wind LLC,Avangrid Renewables LLC,15399,IL,ENC,RFC,NAICS-22 Non-Cogen,22,WT,171520.0,2022
56623,Elkhorn Valley Wind Farm,Telocaset Wind Power Partners,55880,OR,PACC,WECC,NAICS-22 Non-Cogen,22,WT,294185.0,2022
56626,"Ewington Energy Systems, LLC","Ewington Energy Systems, LLC",57158,MN,WNC,MRO,NAICS-22 Non-Cogen,22,WT,58549.0,2022
56630,Taconite Ridge 1 Wind Energy Center,"ALLETE, Inc.",12647,MN,WNC,MRO,Electric Utility,22,WT,62168.0,2022
56633,Dutch Hill Wind Project,"Evergreen Wind, LLC",59155,NY,MAT,NPCC,NAICS-22 Non-Cogen,22,WT,91803.0,2022
56634,Cohocton Wind Project,"Evergreen Wind, LLC",59155,NY,MAT,NPCC,NAICS-22 Non-Cogen,22,WT,214207.0,2022
56635,Harvest,"Harvest Windfarm, LLC",55873,MI,ENC,RFC,NAICS-22 Non-Cogen,22,WT,123723.0,2022
56636,Mountain Home,"Hot Springs Windfarm, LLC",55891,ID,MTN,WECC,NAICS-22 Non-Cogen,22,WT,33187.0,2022
56637,Bennett Creek Windfarm LLC - Mountain Home,Bennett Creek Windfarm LLC,55890,ID,MTN,WECC,NAICS-22 Non-Cogen,22,WT,32875.0,2022
56638,Buffalo Gap 3 Wind Farm,AES Distributed Energy,61012,TX,WSC,TRE,NAICS-22 Non-Cogen,22,WT,284563.0,2022
56640,Camp Grove Wind Farm,Orion Energy Group LLC,55931,IL,ENC,RFC,NAICS-22 Non-Cogen,22,WT,452094.0,2022
56644,Stanton Wind Energy LLC,Invenergy Services LLC,49893,TX,WSC,TRE,NAICS-22 Non-Cogen,22,WT,259344.0,2022
56645,Osceola Windpower LLC,Osceola Windpower LLC,55901,IA,WNC,MRO,NAICS-22 Non-Cogen,22,WT,435754.0,2022
56647,Butler Ridge,Butler Ridge Wind Energy Center,56484,WI,ENC,MRO,NAICS-22 Non-Cogen,22,WT,153582.0,2022
56648,Majestic 1 Wind Farm,NextEra Energy Majestic Wind,58353,TX,WSC,MRO,NAICS-22 Non-Cogen,22,WT,359887.0,2022
56649,South Trent Wind Farm,NRG Energy Inc,55397,TX,WSC,TRE,NAICS-22 Non-Cogen,22,WT,260327.0,2022
56650,Wessington Springs,Wessington Wind,59102,SD,WNC,MRO,NAICS-22 Non-Cogen,22,WT,250935.0,2022
56651,North Allegheny Windpower Project,Duke Energy Renewables Services,65411,PA,MAT,RFC,NAICS-22 Non-Cogen,22,WT,128345.0,2022
56654,Hatchet Ridge Wind Project,Pattern Operators LP,56545,CA,PACC,WECC,NAICS-22 Non-Cogen,22,WT,276155.0,2022
56659,Michigan Wind 2,"Michigan Wind 2, LLC",56951,MI,ENC,RFC,NAICS-22 Non-Cogen,22,WT,350233.0,2022
56661,Pattern Gulf Wind,Pattern Operators LP,56545,TX,WSC,TRE,NAICS-22 Non-Cogen,22,WT,757314.0,2022
56665,Dempsey Ridge Wind Farm,Acciona Wind Energy USA LLC,55918,OK,WSC,MRO,NAICS-22 Non-Cogen,22,WT,210456.0,2022
56666,Goodnoe Hills,PacifiCorp,14354,WA,PACC,WECC,Electric Utility,22,WT,265804.0,2022
56669,Tatanka Wind Power LLC,Acciona Wind Energy USA LLC,55918,ND,WNC,MRO,NAICS-22 Non-Cogen,22,WT,176807.0,2022
56670,Velva Windfarm LLC,Acciona Wind Energy USA LLC,55918,ND,WNC,MRO,NAICS-22 Non-Cogen,22,WT,31575.0,2022
56673,Whirlwind Energy Center,Whirlwind Energy LLC,55922,TX,WSC,TRE,NAICS-22 Non-Cogen,22,WT,184566.0,2022
56677,Charles City Wind Farm,MidAmerican Energy Co,12341,IA,WNC,MRO,Electric Utility,22,WT,307421.0,2022
56679,Benton County Wind Farm,Orion Energy Group LLC,55931,IN,ENC,RFC,NAICS-22 Non-Cogen,22,WT,368679.0,2022
56699,Forward Windpower LLC,"Forward Windpower, LLC",64632,PA,MAT,RFC,NAICS-22 Non-Cogen,22,WT,54302.0,2022
56700,Lookout Windpower LLC,"Lookout Windpower, LLC",64650,PA,MAT,RFC,NAICS-22 Non-Cogen,22,WT,94630.0,2022
56702,Tuolumne Wind Project,Turlock Irrigation District,19281,WA,PACC,WECC,Electric Utility,22,WT,374110.0,2022
56750,Jeffers Wind 20 LLC,Northern States Power Co - Minnesota,13781,MN,WNC,MRO,Electric Utility,22,WT,209317.0,2022
56751,Spanish Fork Wind Park 2 LLC,"Spanish Fork Wind Park 2, LLC",64661,UT,MTN,WECC,NAICS-22 Non-Cogen,22,WT,42121.0,2022
56752,Mountain Wind Power LLC,Mountain Wind Power LLC,64651,WY,MTN,WECC,NAICS-22 Non-Cogen,22,WT,214466.0,2022
56753,Mountain Wind Power II LLC,Mountain Wind Power II LLC,64652,WY,MTN,WECC,NAICS-22 Non-Cogen,22,WT,144290.0,2022
56754,Goat Wind LP,Goat Wind LP,64644,TX,WSC,TRE,NAICS-22 Non-Cogen,22,WT,233914.0,2022
56755,Odin Wind Farm LLC,NRG Energy Gas & Wind Holdings Inc,59883,MN,WNC,MRO,NAICS-22 Non-Cogen,22,WT,40739.0,2022
56763,Capricorn Ridge Wind LLC,Capricorn Ridge Wind LLC,55958,TX,WSC,TRE,NAICS-22 Non-Cogen,22,WT,1944720.0,2022
56764,Winnebago Wind Power Project,Avangrid Renewables LLC,15399,IA,WNC,MRO,NAICS-22 Non-Cogen,22,WT,70703.0,2022
56765,Barton Windpower LLC,Avangrid Renewables LLC,15399,IA,WNC,MRO,NAICS-22 Non-Cogen,22,WT,384953.0,2022
56767,Farmers City Wind LLC,Avangrid Renewables LLC,15399,MO,WNC,SERC,NAICS-22 Non-Cogen,22,WT,281754.0,2022
56770,Locust Ridge II LLC,Avangrid Renewables LLC,15399,PA,MAT,RFC,NAICS-22 Non-Cogen,22,WT,206013.0,2022
56771,Silver Star I Wind Power Project,Silver Star I Power Partners LLC,62076,TX,WSC,TRE,NAICS-22 Non-Cogen,22,WT,191614.0,2022
56773,McAdoo Wind Energy LLC,Invenergy Services LLC,49893,TX,WSC,TRE,NAICS-22 Non-Cogen,22,WT,440959.0,2022
56774,Turkey Track Wind Energy LLC,Invenergy Services LLC,49893,TX,WSC,TRE,NAICS-22 Non-Cogen,22,WT,314803.0,2022
56775,Scurry County Wind II,Invenergy Services LLC,49893,TX,WSC,TRE,NAICS-22 Non-Cogen,22,WT,231923.0,2022
56776,Gunsight Mountain Wind Energy LLC,Invenergy Services LLC,49893,TX,WSC,TRE,NAICS-22 Non-Cogen,22,WT,432240.0,2022
56777,Fowler Ridge Wind Farm LLC,AE Power Services LLC,55963,IN,ENC,RFC,NAICS-22 Non-Cogen,22,WT,1274958.0,2022
56782,Diamond Willow Wind Facility,Montana-Dakota Utilities Co,12199,MT,MTN,MRO,Electric Utility,22,WT,90872.0,2022
56783,Elbow Creek Wind Project LLC,Elbow Creek Wind Project LLC,55981,TX,WSC,TRE,NAICS-22 Non-Cogen,22,WT,414883.0,2022
56784,Cloud County Wind Farm,"Cloud County Windfarm, LLC",55990,KS,WNC,MRO,NAICS-22 Non-Cogen,22,WT,386446.0,2022
56789,Pebble Springs Wind LLC,Avangrid Renewables LLC,15399,OR,PACC,WECC,NAICS-22 Non-Cogen,22,WT,195235.0,2022
56790,Hay Canyon Wind Power LLC,Avangrid Renewables LLC,15399,OR,PACC,WECC,NAICS-22 Non-Cogen,22,WT,172044.0,2022
56791,Dillon Wind LLC,Avangrid Renewables LLC,15399,CA,PACC,WECC,NAICS-22 Non-Cogen,22,WT,124994.0,2022
56792,Buffalo Ridge I LLC,Avangrid Renewables LLC,15399,SD,WNC,MRO,NAICS-22 Non-Cogen,22,WT,90881.0,2022
56793,Elm Creek Wind LLC,Avangrid Renewables LLC,15399,MN,WNC,MRO,NAICS-22 Non-Cogen,22,WT,227024.0,2022
56794,Moraine II Wind LLC,Avangrid Renewables LLC,15399,MN,WNC,MRO,NAICS-22 Non-Cogen,22,WT,96916.0,2022
56795,Penascal Wind Power LLC,Avangrid Renewables LLC,15399,TX,WSC,TRE,NAICS-22 Non-Cogen,22,WT,353128.0,2022
56796,South Chestnut LLC,Avangrid Renewables LLC,15399,PA,MAT,RFC,NAICS-22 Non-Cogen,22,WT,99996.0,2022
56797,Pioneer Prairie Wind Farm,"Pioneer Prairie Wind Farm I, LLC",55992,IA,WNC,MRO,NAICS-22 Non-Cogen,22,WT,1022417.0,2022
56800,Hull Wind II,Hull Municipal Light Plant,8797,MA,NEW,NPCC,Electric Utility,22,WT,2283.0,2022
56804,Red Hills Wind Project LLC,Acciona Wind Energy USA LLC,55918,OK,WSC,MRO,NAICS-22 Non-Cogen,22,WT,227764.0,2022
56805,EcoGrove Wind LLC,Acciona Wind Energy USA LLC,55918,IL,ENC,RFC,NAICS-22 Non-Cogen,22,WT,263196.0,2022
56809,Carroll Wind Farm,MidAmerican Energy Co,12341,IA,WNC,MRO,Electric Utility,22,WT,621325.0,2022
56810,Adair Wind Farm,MidAmerican Energy Co,12341,IA,WNC,MRO,Electric Utility,22,WT,593068.0,2022
56811,Walnut Wind Farm,MidAmerican Energy Co,12341,IA,WNC,MRO,Electric Utility,22,WT,634581.0,2022
56818,Central Plains Wind Farm,"Evergy Kansas Central, Inc",22500,KS,WNC,MRO,Electric Utility,22,WT,156235.0,2022
56819,Flat Ridge Wind Farm,"Evergy Kansas Central, Inc",22500,KS,WNC,MRO,Electric Utility,22,WT,45332.0,2022
56823,Hackberry Wind Farm,Hackberry Wind LLC,56033,TX,WSC,TRE,NAICS-22 Non-Cogen,22,WT,333551.0,2022
56824,Marshall Wind 2 LLC,"Marshall Wind Farm, LLC",63166,MN,WNC,MRO,NAICS-22 Non-Cogen,22,WT,6249.0,2022
56825,Marshall Wind 3 LLC,"Marshall Wind Farm, LLC",63166,MN,WNC,MRO,NAICS-22 Non-Cogen,22,WT,6249.0,2022
56826,Marshall Wind 4 LLC,"Marshall Wind Farm, LLC",63166,MN,WNC,MRO,NAICS-22 Non-Cogen,22,WT,6249.0,2022
56827,Marshall Wind 5 LLC,"Marshall Wind Farm, LLC",63166,MN,WNC,MRO,NAICS-22 Non-Cogen,22,WT,3125.0,2022
56828,Marshall Wind 6 LLC,"Marshall Wind Farm, LLC",63166,MN,WNC,MRO,NAICS-22 Non-Cogen,22,WT,3125.0,2022
56829,Kibby Wind Facility,"Helix Maine Wind Development, LLC",61191,ME,NEW,NPCC,NAICS-22 Non-Cogen,22,WT,318605.0,2022
56831,Crane Creek Wind Energy Center,Wisconsin Public Service Corp,20860,IA,WNC,MRO,Electric Utility,22,WT,271724.0,2022
56835,Ribeye Wind (11) LLC,Stockyard Wind,64408,TX,WSC,MRO,NAICS-22 Non-Cogen,22,WT,4958.0,2022
56836,T-Bone Wind (10) LLC,Stockyard Wind,64408,TX,WSC,MRO,NAICS-22 Non-Cogen,22,WT,6470.0,2022
56837,Tri-Tip Wind (9) LLC,Stockyard Wind,64408,TX,WSC,MRO,NAICS-22 Non-Cogen,22,WT,5202.0,2022
56838,Brisket Wind (8) LLC,Stockyard Wind,64408,TX,WSC,MRO,NAICS-22 Non-Cogen,22,WT,4841.0,2022
56839,Flat Iron Wind (7) LLC,Stockyard Wind,64408,TX,WSC,MRO,NAICS-22 Non-Cogen,22,WT,3686.0,2022
56840,Marshall Wind 1 LLC,"Marshall Wind Farm, LLC",63166,MN,WNC,MRO,NAICS-22 Non-Cogen,22,WT,3125.0,2022
56841,Glenrock,PacifiCorp,14354,WY,MTN,WECC,Electric Utility,22,WT,451658.0,2022
56842,Rolling Hills,PacifiCorp,14354,WY,MTN,WECC,Electric Utility,22,WT,286356.0,2022
56843,Seven Mile Hill,PacifiCorp,14354,WY,MTN,WECC,Electric Utility,22,WT,499924.0,2022
56854,Wheat Field Wind Power Project,Wheat Field Wind Power Project LLC,56073,OR,PACC,WECC,NAICS-22 Non-Cogen,22,WT,192025.0,2022
56855,Arlington Wind Power Project,Arlington Wind Power Project LLC,56074,OR,PACC,WECC,NAICS-22 Non-Cogen,22,WT,192638.0,2022
56856,Rail Splitter Wind Farm,Rail Splitter Wind Farm LLC,56075,IL,ENC,SERC,NAICS-22 Non-Cogen,22,WT,289524.0,2022
56857,Marble River Wind Farm,"Marble River, LLC",56072,NY,MAT,NPCC,NAICS-22 Non-Cogen,22,WT,441389.0,2022
56858,Sagebrush Power Partners,"Sagebrush Power Partners, LLC",56071,WA,PACC,WECC,NAICS-22 Non-Cogen,22,WT,252673.0,2022
56859,Crosswind Energy Project,Crosswind Energy Project,64637,IA,WNC,MRO,NAICS-22 Non-Cogen,22,WT,65920.0,2022
56860,Hardin Hilltop Wind LLC,"Hardin Hilltop Wind, LLC",64646,IA,WNC,MRO,NAICS-22 Non-Cogen,22,WT,38750.0,2022
56874,Shiloh Wind Project 2 LLC,"EDF Renewable Asset Holdings, Inc.",57170,CA,PACC,WECC,NAICS-22 Non-Cogen,22,WT,403140.0,2022
56876,Wapsipinicon Wind Project,"EDF Renewable Asset Holdings, Inc.",57170,MN,WNC,MRO,NAICS-22 Non-Cogen,22,WT,325396.0,2022
56878,Hoosier Wind Project LLC,"EDF Renewable Asset Holdings, Inc.",57170,IN,ENC,RFC,NAICS-22 Non-Cogen,22,WT,263732.0,2022
56879,Flat Ridge Wind Energy LLC,AE Power Services LLC,55963,KS,WNC,MRO,NAICS-22 Non-Cogen,22,WT,169990.0,2022
56901,Altona,"Valcour Operating Services, LLC",63858,NY,MAT,NPCC,NAICS-22 Non-Cogen,22,WT,138227.0,2022
56902,Wethersfield,"Valcour Operating Services, LLC",63858,NY,MAT,NPCC,NAICS-22 Non-Cogen,22,WT,193907.0,2022
56904,Chateaugay,"Valcour Operating Services, LLC",63858,NY,MAT,NPCC,NAICS-22 Non-Cogen,22,WT,147361.0,2022
56905,Great Plains Windpark LLC,Great Plains Windpark Legacy LLC,61671,TX,WSC,MRO,NAICS-22 Non-Cogen,22,WT,146407.0,2022
56912,Langdon Wind II LLC,FPL Energy Langdon Wind LLC,55799,ND,WNC,MRO,NAICS-22 Non-Cogen,22,WT,185534.0,2022
56913,Osceola Windpower II,Osceola Windpower II,56121,IA,WNC,MRO,NAICS-22 Non-Cogen,22,WT,220002.0,2022
56919,FPL Energy Ashtabula Wind LLC,FPL Energy Ashtabula Wind LLC,56122,ND,WNC,MRO,NAICS-22 Non-Cogen,22,WT,652652.0,2022
56920,Panther Creek Wind Farm I,"RWE Renewables Americas, LLC",56215,TX,WSC,TRE,NAICS-22 Non-Cogen,22,WT,532941.0,2022
56921,Panther Creek Wind Farm II,"RWE Renewables Americas, LLC",56215,TX,WSC,TRE,NAICS-22 Non-Cogen,22,WT,420736.0,2022
56923,FPL Energy Crystal Lake Wind LLC,FPL Energy Crystal Lake Wind LLC,56123,IA,WNC,MRO,NAICS-22 Non-Cogen,22,WT,638617.0,2022
56924,FPL Energy Story Wind LLC,FPL Energy Story Wind LLC,56119,IA,WNC,MRO,NAICS-22 Non-Cogen,22,WT,637359.0,2022
56925,FPL Energy Crystal Lake Wind II LLC,FPL Energy Crystal Lake Wind II LLC,56124,IA,WNC,MRO,NAICS-22 Non-Cogen,22,WT,803712.0,2022
56933,Threemile Canyon,"Threemile Canyon Wind I, LLC",56159,OR,PACC,WECC,NAICS-22 Non-Cogen,22,WT,19954.0,2022
56934,Cassia Wind,"Cassia Wind Farm, LLC",56158,ID,MTN,WECC,NAICS-22 Non-Cogen,22,WT,17563.0,2022
56935,Cassia Gulch,"Cassia Gulch Wind Park, LLC",56157,ID,MTN,WECC,NAICS-22 Non-Cogen,22,WT,37631.0,2022
56941,Grand Ridge Wind Energy Center,Invenergy Services LLC,49893,IL,ENC,RFC,NAICS-22 Non-Cogen,22,WT,501645.0,2022
56942,Forward Wind Energy Center,Wisconsin Public Service Corp,20860,WI,ENC,MRO,Electric Utility,22,WT,149653.0,2022
56945,High Lonesome Mesa LLC,"High Lonesome Mesa, LLC",64648,NM,MTN,WECC,NAICS-22 Non-Cogen,22,WT,318069.0,2022
56946,Buffalo Bear LLC,"Buffalo Bear, LLC",64633,OK,WSC,MRO,NAICS-22 Non-Cogen,22,WT,25952.0,2022
56947,Elkhorn Ridge Wind LLC,"Elkhorn Ridge Wind, LLC",64631,NE,WNC,MRO,NAICS-22 Non-Cogen,22,WT,195580.0,2022
56952,Willow Creek Energy Center,Invenergy Services LLC,49893,OR,PACC,WECC,NAICS-22 Non-Cogen,22,WT,153691.0,2022
56953,High Sheldon Wind Farm,Invenergy Services LLC,49893,NY,MAT,NPCC,NAICS-22 Non-Cogen,22,WT,230096.0,2022
56956,Bull Creek Wind,Bull Creek Wind LLC,56222,TX,WSC,TRE,NAICS-22 Non-Cogen,22,WT,260136.0,2022
56959,Ocotillo Windpower,Duke Energy Renewables Services,65411,TX,WSC,TRE,NAICS-22 Non-Cogen,22,WT,7304.0,2022
56960,Happy Jack Windpower Project,Duke Energy Renewables Services,65411,WY,MTN,WECC,NAICS-22 Non-Cogen,22,WT,71291.0,2022
56961,Notrees Windpower Hybrid,Duke Energy Renewables Services,65411,TX,WSC,TRE,NAICS-22 Non-Cogen,22,WT,308365.0,2022
56967,Butter Creek Power LLC,Odessa Energy Services LLC,65187,OR,PACC,WECC,NAICS-22 Non-Cogen,22,WT,10377.0,2022
56968,Big Top LLC,Odessa Energy Services LLC,65187,OR,PACC,WECC,NAICS-22 Non-Cogen,22,WT,3156.0,2022
56969,Four Corners Windfarm LLC,Echo 2,56803,OR,PACC,WECC,NAICS-22 Non-Cogen,22,WT,18053.0,2022
56970,Four Mile Canyon Windfarm LLC,Echo 2,56803,OR,PACC,WECC,NAICS-22 Non-Cogen,22,WT,19193.0,2022
56971,Oregon Trail Windfarm LLC,Echo 1,56802,OR,PACC,WECC,NAICS-22 Non-Cogen,22,WT,18704.0,2022
56972,Pacific Canyon Windfarm LLC,Echo 1,56802,OR,PACC,WECC,NAICS-22 Non-Cogen,22,WT,16121.0,2022
56973,Sand Ranch Windfarm LLC,Echo 1,56802,OR,PACC,WECC,NAICS-22 Non-Cogen,22,WT,19781.0,2022
56974,Wagon Trail LLC,Odessa Energy Services LLC,65187,OR,PACC,WECC,NAICS-22 Non-Cogen,22,WT,5926.0,2022
56975,Ward Butte Windfarm LLC,Echo 1,56802,OR,PACC,WECC,NAICS-22 Non-Cogen,22,WT,13717.0,2022
56979,Panther Creek Wind Farm Three,"RWE Renewables Americas, LLC",56215,TX,WSC,TRE,NAICS-22 Non-Cogen,22,WT,729093.0,2022
56980,Stony Creek Wind Farm LLC,"RWE Renewables Americas, LLC",56215,PA,MAT,RFC,NAICS-22 Non-Cogen,22,WT,136705.0,2022
56981,Pyron Wind Farm LLC Hybrid,"RWE Renewables Americas, LLC",56215,TX,WSC,TRE,NAICS-22 Non-Cogen,22,WT,623680.0,2022
56983,Papalote Creek I LLC,"RWE Renewables Americas, LLC",56215,TX,WSC,TRE,NAICS-22 Non-Cogen,22,WT,501839.0,2022
56984,Inadale Wind Farm LLC Hybrid,"RWE Renewables Americas, LLC",56215,TX,WSC,TRE,NAICS-22 Non-Cogen,22,WT,438743.0,2022
56985,Smoky Hills Wind Project Phase II,Smoky Hills Wind Project II LLC,56285,KS,WNC,MRO,NAICS-22 Non-Cogen,22,WT,490485.0,2022
56989,Stetson Wind I,"Evergreen Wind, LLC",59155,ME,NEW,NPCC,NAICS-22 Non-Cogen,22,WT,140687.0,2022
56990,Rollins Wind Project,"Evergreen Wind, LLC",59155,ME,NEW,NPCC,NAICS-22 Non-Cogen,22,WT,153767.0,2022
56991,Stetson Wind II,"Evergreen Wind, LLC",59155,ME,NEW,NPCC,NAICS-22 Non-Cogen,22,WT,59135.0,2022
56994,Grand Meadow,Northern States Power Co - Minnesota,13781,MN,WNC,MRO,Electric Utility,22,WT,285152.0,2022
57002,Oakfield Wind Project,Onward Energy,60453,ME,NEW,NPCC,NAICS-22 Non-Cogen,22,WT,370661.0,2022
57031,Luverne Wind Energy Center,Otter Tail Power Co,14232,ND,WNC,MRO,Electric Utility,22,WT,176493.0,2022
57032,Ashtabula Wind Energy Center,Otter Tail Power Co,14232,ND,WNC,MRO,Electric Utility,22,WT,145670.0,2022
57033,Langdon Wind Energy Center,Otter Tail Power Co,14232,ND,WNC,MRO,Electric Utility,22,WT,136370.0,2022
57038,Bison I Wind Energy Center,"ALLETE, Inc.",12647,ND,WNC,MRO,Electric Utility,22,WT,220666.0,2022
57039,McFadden Ridge,PacifiCorp,14354,WY,MTN,WECC,Electric Utility,22,WT,115716.0,2022
57040,High Plains,PacifiCorp,14354,WY,MTN,WECC,Electric Utility,22,WT,383965.0,2022
57044,Armenia Mountain Wind Farm,Allete Clean Energy,59496,PA,MAT,RFC,NAICS-22 Non-Cogen,22,WT,266624.0,2022
57045,Rolling Thunder Wind Farm Hybrid,AE Power Services LLC,55963,SD,WNC,MRO,NAICS-22 Non-Cogen,22,WT,91747.0,2022
57047,Nobles Wind Project,Northern States Power Co - Minnesota,13781,MN,WNC,MRO,Electric Utility,22,WT,415099.0,2022
57048,Merricourt Wind Energy Center,Otter Tail Power Co,14232,ND,WNC,MRO,Electric Utility,22,WT,575654.0,2022
57049,NaturEner Glacier Wind Energy 1,NaturEner Glacier Wind Energy 1 LLC,56365,MT,MTN,WECC,NAICS-22 Non-Cogen,22,WT,274905.0,2022
57050,NaturEner Glacier Wind Energy 2,NaturEner Glacier Wind Energy 2 LLC,56366,MT,MTN,WECC,NAICS-22 Non-Cogen,22,WT,297676.0,2022
57078,Steel Winds II,"Evergreen Wind, LLC",59155,NY,MAT,NPCC,NAICS-22 Non-Cogen,22,WT,66911.0,2022
57079,Milford Wind Corridor I LLC,Longroad Energy Services LLC,61219,UT,MTN,WECC,NAICS-22 Non-Cogen,22,WT,353503.0,2022
57080,Sheffield Wind,"Evergreen Wind, LLC",59155,VT,NEW,NPCC,NAICS-22 Non-Cogen,22,WT,76608.0,2022
57082,Kaheawa Wind Power II LLC,"Evergreen Wind, LLC",59155,HI,PACN,,NAICS-22 Non-Cogen,22,WT,60853.0,2022
57083,Bull Hill Wind Project,"Evergreen Wind, LLC",59155,ME,NEW,NPCC,NAICS-22 Non-Cogen,22,WT,95989.0,2022
57087,Kahuku Wind Power LLC,"Evergreen Wind, LLC",59155,HI,PACN,,NAICS-22 Non-Cogen,22,WT,55160.0,2022
57090,Campbell Hill Windpower,Duke Energy Renewables Services,65411,WY,MTN,WECC,NAICS-22 Non-Cogen,22,WT,317726.0,2022
57091,Silver Sage Windpower,Duke Energy Renewables Services,65411,WY,MTN,WECC,NAICS-22 Non-Cogen,22,WT,123554.0,2022
57093,Casper Wind Farm,Chevron USA,56394,WY,MTN,WECC,NAICS-22 Non-Cogen,22,WT,14017.0,2022
57094,Streator Cayuga Ridge South,Avangrid Renewables LLC,15399,IL,ENC,RFC,NAICS-22 Non-Cogen,22,WT,803734.0,2022
57095,Penascal II Wind Project LLC,Avangrid Renewables LLC,15399,TX,WSC,TRE,NAICS-22 Non-Cogen,22,WT,279038.0,2022
57096,Star Point Wind Project LLC,Avangrid Renewables LLC,15399,OR,PACC,WECC,NAICS-22 Non-Cogen,22,WT,195619.0,2022
57097,Rugby Wind Power Project,Avangrid Renewables LLC,15399,ND,WNC,MRO,NAICS-22 Non-Cogen,22,WT,429440.0,2022
57098,Dry Lake Wind LLC,Avangrid Renewables LLC,15399,AZ,MTN,WECC,NAICS-22 Non-Cogen,22,WT,111458.0,2022
57106,Mesalands Comm College Wind Turbine,Mesalands Community College,56410,NM,MTN,MRO,Commercial NAICS Non-Cogen,611,WT,1689.0,2022
57107,Milford Wind Corridor Stage II LLC,Milford Wind Corridor Stage II LLC,56409,UT,MTN,WECC,NAICS-22 Non-Cogen,22,WT,170164.0,2022
57108,Blue Canyon Windpower V LLC,Blue Canyon Windpower V LLC,56416,OK,WSC,MRO,NAICS-22 Non-Cogen,22,WT,291133.0,2022
57109,Meadow Lake Wind Farm LLC,Meadow Lake Wind Farm LLC,56417,IN,ENC,RFC,NAICS-22 Non-Cogen,22,WT,460692.0,2022
57110,Blackstone Wind Farm LLC,Blackstone Wind Farm LLC,56418,IL,ENC,RFC,NAICS-22 Non-Cogen,22,WT,283582.0,2022
57111,Lost Lakes Wind Farm LLC,Lost Lakes Wind Farm LLC,56419,IA,WNC,MRO,NAICS-22 Non-Cogen,22,WT,345120.0,2022
57112,Meadow Lake Wind Farm II LLC,Meadow Lake Wind Farm II LLC,56420,IN,ENC,RFC,NAICS-22 Non-Cogen,22,WT,245956.0,2022
57113,Blackstone Wind Farm II LLC,Blackstone Wind Farm II LLC,56421,IL,ENC,RFC,NAICS-22 Non-Cogen,22,WT,565825.0,2022
57115,Meadow Lake Wind Farm III LLC,Meadow Lake Wind Farm III LLC,56423,IN,ENC,RFC,NAICS-22 Non-Cogen,22,WT,278766.0,2022
57116,Quilt Block Wind Farm LLC,Quilt Block Wind Farm LLC,56424,WI,ENC,MRO,NAICS-22 Non-Cogen,22,WT,408242.0,2022
57118,Greensburg,"Greensburg Wind Farm, LLC",56246,KS,WNC,MRO,NAICS-22 Non-Cogen,22,WT,11383.0,2022
57120,Wilton Wind II LLC,Wilton Wind II LLC,56415,ND,WNC,MRO,NAICS-22 Non-Cogen,22,WT,215714.0,2022
57121,Ashtabula Wind II LLC,Ashtabula Wind II LLC,56414,ND,WNC,MRO,NAICS-22 Non-Cogen,22,WT,380103.0,2022
57124,Payne's Ferry,Idaho Wind Partners 1 LLC,56592,ID,MTN,WECC,NAICS-22 Non-Cogen,22,WT,61191.0,2022
57125,Camp Reed,Idaho Wind Partners 1 LLC,56592,ID,MTN,WECC,NAICS-22 Non-Cogen,22,WT,63865.0,2022
57126,Yahoo Creek,Idaho Wind Partners 1 LLC,56592,ID,MTN,WECC,NAICS-22 Non-Cogen,22,WT,59438.0,2022
57130,Beaver Ridge Wind,Beaver Ridge Wind LLC,56439,ME,NEW,NPCC,NAICS-22 Non-Cogen,22,WT,12161.0,2022
57131,Stoney Corners Wind Farm,DTE Sustainable Generation,64331,MI,ENC,RFC,NAICS-22 Non-Cogen,22,WT,134449.0,2022
57135,Big Sky Wind LLC,Big Sky Wind LLC,64499,IL,ENC,RFC,NAICS-22 Non-Cogen,22,WT,462296.0,2022
57136,Tuana Springs,"Tuana Springs Energy, LLC",56475,ID,MTN,WECC,NAICS-22 Non-Cogen,22,WT,30082.0,2022
57137,Eurus Combine Hills Turbine Ranch 2,Eurus Combine Hills II LLC,56483,OR,PACC,WECC,NAICS-22 Non-Cogen,22,WT,136403.0,2022
57139,Cambria Wind LLC,Exus North America Management Partners LLC,63081,PA,MAT,RFC,NAICS-22 Non-Cogen,22,WT,137715.0,2022
57151,Beech Ridge Energy LLC,Invenergy Services LLC,49893,WV,SAT,RFC,NAICS-22 Non-Cogen,22,WT,243742.0,2022
57152,Harvest Wind Project,Harvest Wind Project TIC,56499,WA,PACC,WECC,NAICS-22 Non-Cogen,22,WT,234678.0,2022
57153,Langford Wind Power,Langford Wind Power LLC,56506,TX,WSC,TRE,NAICS-22 Non-Cogen,22,WT,568070.0,2022
57156,Barton Chapel Wind Farm,Avangrid Renewables LLC,15399,TX,WSC,TRE,NAICS-22 Non-Cogen,22,WT,239954.0,2022
57159,Windy Flats Wind Project,Windy Flats Partners LLC,56514,WA,PACC,WECC,NAICS-22 Non-Cogen,22,WT,636722.0,2022
57171,Cedar Hills Wind Farm,Montana-Dakota Utilities Co,12199,ND,WNC,MRO,Electric Utility,22,WT,64422.0,2022
57174,Colorado Highlands Wind,Colorado Highlands Wind LLC,56523,CO,MTN,WECC,NAICS-22 Non-Cogen,22,WT,382465.0,2022
57176,University of Delaware Wind Turbine,First State Marine Wind,56518,DE,SAT,RFC,Commercial NAICS Non-Cogen,611,WT,4377.0,2022
57177,Meadow Lake Wind Farm IV,Meadow Lake Wind Farm IV LLC,56520,IN,ENC,RFC,NAICS-22 Non-Cogen,22,WT,202332.0,2022
57182,PPL Frey Farm Landfill Wind,EPP Renewable Energy,57249,PA,MAT,RFC,NAICS-22 Non-Cogen,22,WT,5868.0,2022
57187,Pillar Mountain Wind Project Microgrid,Kodiak Electric Assn Inc,10433,AK,PACN,,Electric Utility,22,WT,25002.0,2022
57188,Vantage Wind Energy LLC,Invenergy Services LLC,49893,WA,PACC,WECC,NAICS-22 Non-Cogen,22,WT,240942.0,2022
57189,Lost Creek Wind Energy Facility,Pattern Operators LP,56545,MO,WNC,SERC,NAICS-22 Non-Cogen,22,WT,461703.0,2022
57192,Spring Valley Wind Project,Pattern Operators LP,56545,NV,MTN,WECC,NAICS-22 Non-Cogen,22,WT,315551.0,2022
57194,Day County Wind LLC,Day County Wind LLC,56561,SD,WNC,MRO,NAICS-22 Non-Cogen,22,WT,444179.0,2022
57195,Lower Snake River Wind Energy Project,Puget Sound Energy Inc,15500,WA,PACC,WECC,Electric Utility,22,WT,760896.0,2022
57198,Bent Tree Wind Farm Phase 1,Wisconsin Power & Light Co,20856,MN,WNC,MRO,Electric Utility,22,WT,453040.0,2022
57199,Glacier Hills,Wisconsin Electric Power Co,20847,WI,ENC,RFC,Electric Utility,22,WT,408498.0,2022
57201,FPL Energy Montezuma Winds LLC,FPL Energy Montezuma Wind,56555,CA,PACC,WECC,NAICS-22 Non-Cogen,22,WT,94119.0,2022
57210,Cedar Creek II,AE Power Services LLC,55963,CO,MTN,WECC,NAICS-22 Non-Cogen,22,WT,420163.0,2022
57211,Goshen Phase II,AE Power Services LLC,55963,ID,MTN,WECC,NAICS-22 Non-Cogen,22,WT,353985.0,2022
57212,Papalote Creek II LLC,"RWE Renewables Americas, LLC",56215,TX,WSC,TRE,NAICS-22 Non-Cogen,22,WT,549874.0,2022
57214,Waverly Community Wind Project,Waverly Municipal Elec Utility,20214,IA,WNC,MRO,Electric Utility,22,WT,6611.0,2022
57239,Roth Rock Wind Farm LLC,Roth Rock Wind Farm LLC,56603,MD,SAT,RFC,NAICS-22 Non-Cogen,22,WT,93972.0,2022
57240,"Roth Rock North Wind Farm, LLC",Roth Rock Wind Farm LLC,56603,MD,SAT,RFC,NAICS-22 Non-Cogen,22,WT,23493.0,2022
57244,Kit Carson Windpower,Duke Energy Renewables Services,65411,CO,MTN,WECC,NAICS-22 Non-Cogen,22,WT,177806.0,2022
57248,Welcome Wind Turbine,Federated Rural Electric Assn,6258,MN,WNC,MRO,Electric Utility,22,WT,6585.0,2022
57251,Lakota Wind Wind Farm,Iowa Lakes Electric Coop,9425,IA,WNC,MRO,Electric Utility,22,WT,41058.0,2022
57252,Iowa Lakes Superior Wind Farm,Iowa Lakes Electric Coop,9425,IA,WNC,MRO,Electric Utility,22,WT,42352.0,2022
57253,MA Military Reservation Wind Project,Air Force Civil Engineer Center,56619,MA,NEW,NPCC,NAICS-22 Non-Cogen,22,WT,9538.0,2022
57257,Iowa Lakes Community College Wind Farm,Iowa Lakes Community College,56617,IA,WNC,MRO,Commercial NAICS Non-Cogen,611,WT,4595.0,2022
57258,Texico Wind Ranch LP,Texico Wind LP,56630,NM,MTN,WECC,NAICS-22 Non-Cogen,22,WT,34.0,2022
57260,Cedro Hill Wind LLC,"Cedro Hill Wind, LLC",64634,TX,WSC,TRE,NAICS-22 Non-Cogen,22,WT,476358.0,2022
57261,Taloga Wind LLC,Taloga Wind LLC,64663,OK,WSC,MRO,NAICS-22 Non-Cogen,22,WT,248960.0,2022
57262,Laredo Ridge Wind LLC,Laredo Ridge Wind LLC,64649,NE,WNC,MRO,NAICS-22 Non-Cogen,22,WT,257527.0,2022
57268,Chestnut Flats Wind Farm,"EDF Renewable Asset Holdings, Inc.",57170,PA,MAT,RFC,NAICS-22 Non-Cogen,22,WT,94077.0,2022
57274,Grant County Wind LLC,"Grant County Wind, LLC",56642,MN,WNC,MRO,NAICS-22 Non-Cogen,22,WT,63294.0,2022
57278,Crofton Bluffs Wind LLC,"Crofton Bluffs Wind, LLC",64636,NE,WNC,MRO,NAICS-22 Non-Cogen,22,WT,168520.0,2022
57282,Alta Wind Energy Center I,Alta Wind Energy Center I,64618,CA,PACC,WECC,NAICS-22 Non-Cogen,22,WT,377327.0,2022
57283,Flat Water Wind Farm LLC,Flat Water Wind Farm LLC,56625,NE,WNC,MRO,NAICS-22 Non-Cogen,22,WT,230780.0,2022
57284,Minonk Wind Farm,Algonquin Power Co,59050,IL,ENC,RFC,NAICS-22 Non-Cogen,22,WT,696972.0,2022
57285,Sandy Ridge Wind Farm,Algonquin Power Co,59050,PA,MAT,RFC,NAICS-22 Non-Cogen,22,WT,105462.0,2022
57286,OU Spirit Wind Farm,Oklahoma Gas & Electric Co,14063,OK,WSC,MRO,Electric Utility,22,WT,173066.0,2022
57287,Hardscrabble Wind Power LLC,Avangrid Renewables LLC,15399,NY,MAT,NPCC,NAICS-22 Non-Cogen,22,WT,174352.0,2022
57289,Big Blue,Big Blue Wind Farm LLC (MN),58150,MN,WNC,MRO,NAICS-22 Non-Cogen,22,WT,95563.0,2022
57290,Northern Colorado Wind LLC,Northern Colorado Wind LLC,56653,CO,MTN,WECC,NAICS-22 Non-Cogen,22,WT,573988.0,2022
57291,Alta Wind Energy Center II,Alta Wind Energy Center II,64620,CA,PACC,WECC,NAICS-22 Non-Cogen,22,WT,344813.0,2022
57292,Alta Wind Energy Center III,Alta Wind Energy Center III,64621,CA,PACC,WECC,NAICS-22 Non-Cogen,22,WT,345312.0,2022
57293,Alta Wind Energy Center IV,Alta Wind Energy Center IV,64622,CA,PACC,WECC,NAICS-22 Non-Cogen,22,WT,175557.0,2022
57294,Alta Wind Energy Center V,Alta Wind Energy Center V,64623,CA,PACC,WECC,NAICS-22 Non-Cogen,22,WT,273796.0,2022
57296,Carleton College,Carleton College,56654,MN,WNC,MRO,Commercial NAICS Non-Cogen,611,WT,4761.0,2022
57299,Dunlap,PacifiCorp,14354,WY,MTN,WECC,Electric Utility,22,WT,469881.0,2022
57300,Criterion,Criterion Power Partners LLC,56661,MD,SAT,RFC,NAICS-22 Non-Cogen,22,WT,169369.0,2022
57302,Garnet Wind Energy Center,Terra-Gen Operating Co-Wind,2770,CA,PACC,WECC,NAICS-22 Non-Cogen,22,WT,12217.0,2022
57303,Loraine Windpark Project LLC,Loraine Windpower Project,56667,TX,WSC,TRE,NAICS-22 Non-Cogen,22,WT,356990.0,2022
57315,Cedar Point Wind,Cedar Point LLC,56662,CO,MTN,WECC,NAICS-22 Non-Cogen,22,WT,494740.0,2022
57319,Big Horn Wind II,Avangrid Renewables LLC,15399,WA,PACC,WECC,NAICS-22 Non-Cogen,22,WT,110462.0,2022
57320,Juniper Canyon I Wind Project,Avangrid Renewables LLC,15399,WA,PACC,WECC,NAICS-22 Non-Cogen,22,WT,294516.0,2022
57325,FPL Energy Illinois Wind LLC Hybrid,FPL Energy Illinois Wind LLC,56678,IL,ENC,RFC,NAICS-22 Non-Cogen,22,WT,737170.0,2022
57326,Sunray Wind I,Diamond Shamrock Refining Company LP,56680,TX,WSC,TRE,NAICS-22 Non-Cogen,22,WT,159470.0,2022
57327,Top of the World Windpower Project,Duke Energy Renewables Services,65411,WY,MTN,WECC,NAICS-22 Non-Cogen,22,WT,404226.0,2022
57332,Crossroads Wind Farm,Oklahoma Gas & Electric Co,14063,OK,WSC,MRO,Electric Utility,22,WT,371759.0,2022
57333,Leaning Juniper Wind Power II,Avangrid Renewables LLC,15399,OR,PACC,WECC,NAICS-22 Non-Cogen,22,WT,329692.0,2022
57342,White Oak Energy LLC,White Oak Energy LLC,56684,IL,ENC,SERC,NAICS-22 Non-Cogen,22,WT,461767.0,2022
57346,Elk City LLC,Elk City LLC,56683,OK,WSC,MRO,NAICS-22 Non-Cogen,22,WT,636204.0,2022
57347,Baldwin Wind LLC,Baldwin Wind LLC,56688,ND,WNC,MRO,NAICS-22 Non-Cogen,22,WT,422302.0,2022
57351,Uilk Wind LLC,RENEW Energy Inc,56689,MN,WNC,MRO,Commercial NAICS Non-Cogen,561,WT,14378.0,2022
57354,Fox Island Wind LLC,Fox Island Wind LLC,56693,ME,NEW,NPCC,NAICS-22 Non-Cogen,22,WT,7767.0,2022
57357,Red Mesa Wind LLC,Red Mesa Wind LLC,56698,NM,MTN,WECC,NAICS-22 Non-Cogen,22,WT,191300.0,2022
57358,Keenan II Renewable Energy Co LLC,CPV Keenan II Renewable Energy Co LLC,56699,OK,WSC,MRO,NAICS-22 Non-Cogen,22,WT,286441.0,2022
57374,Lakefield Wind Project LLC,"EDF Renewable Asset Holdings, Inc.",57170,MN,WNC,MRO,NAICS-22 Non-Cogen,22,WT,425337.0,2022
57375,Adams Wind Generations LLC,"BEAM US, LLC",63024,MN,WNC,MRO,NAICS-22 Non-Cogen,22,WT,57887.0,2022
57379,"Poseidon Wind, LLC","Axium Arizona Renewables, LLC",63287,AZ,MTN,WECC,NAICS-22 Non-Cogen,22,WT,111973.0,2022
57380,New England Wind LLC,Avangrid Renewables LLC,15399,MA,NEW,NPCC,NAICS-22 Non-Cogen,22,WT,82712.0,2022
57385,Community Wind North LLC,Northern States Power Co - Minnesota,13781,MN,WNC,MRO,Electric Utility,22,WT,121144.0,2022
57386,Ridgewind,Ridgewind Power Partners LLC,56715,MN,WNC,MRO,NAICS-22 Non-Cogen,22,WT,90189.0,2022
57387,Ashtabula Wind III LLC,Ashtabula Wind III LLC,56727,ND,WNC,MRO,NAICS-22 Non-Cogen,22,WT,212555.0,2022
57396,Danielson Wind Farms LLC,"BEAM US, LLC",63024,MN,WNC,MRO,NAICS-22 Non-Cogen,22,WT,53994.0,2022
57414,Notus Wind 1,Notus Clean Energy LLC,56742,MA,NEW,NPCC,NAICS-22 Non-Cogen,22,WT,4720.0,2022
57415,Sherbino II,Sherbino II Wind Farm LLC,62077,TX,WSC,TRE,NAICS-22 Non-Cogen,22,WT,561282.0,2022
57417,Elk Wind Farm,Greenbacker Renewable Energy Corporation,60025,IA,WNC,MRO,NAICS-22 Non-Cogen,22,WT,155848.0,2022
57421,Gratiot Wind Park,DTE Electric Company,5109,MI,ENC,RFC,Electric Utility,22,WT,251167.0,2022
57424,Buffalo Ridge II LLC,Avangrid Renewables LLC,15399,SD,WNC,WECC,NAICS-22 Non-Cogen,22,WT,353592.0,2022
57427,Ryegrass Windfarm,"Mountain Air Projects, LLC",64742,ID,MTN,WECC,NAICS-22 Non-Cogen,22,WT,51222.0,2022
57428,Hammett Hill Windfarm,"Mountain Air Projects, LLC",64742,ID,MTN,WECC,NAICS-22 Non-Cogen,22,WT,55288.0,2022
57429,Mainline Windfarm,"Mountain Air Projects, LLC",64742,ID,MTN,WECC,NAICS-22 Non-Cogen,22,WT,53971.0,2022
57430,Desert Meadow Windfarm,"Mountain Air Projects, LLC",64742,ID,MTN,WECC,NAICS-22 Non-Cogen,22,WT,54380.0,2022
57431,Cold Springs Windfarm,"Mountain Air Projects, LLC",64742,ID,MTN,WECC,NAICS-22 Non-Cogen,22,WT,49343.0,2022
57432,Oak Glen Wind Farm,Minnesota Municipal Power Agny,12667,MN,WNC,MRO,Electric Utility,22,WT,112675.0,2022
57434,Valley View Transmission LLC,Consolidated Edison Development Inc.,56769,MN,WNC,MRO,NAICS-22 Non-Cogen,22,WT,25112.0,2022
57444,Two Ponds Windfarm,"Mountain Air Projects, LLC",64742,ID,MTN,WECC,NAICS-22 Non-Cogen,22,WT,55928.0,2022
57447,Laurel Mountain Hybrid,AES Distributed Energy,61012,WV,SAT,RFC,NAICS-22 Non-Cogen,22,WT,201488.0,2022
57449,Blue Creek Wind Project,Avangrid Renewables LLC,15399,OH,ENC,RFC,NAICS-22 Non-Cogen,22,WT,859532.0,2022
57459,Mountain View IV,AES Distributed Energy,61012,CA,PACC,WECC,NAICS-22 Non-Cogen,22,WT,139845.0,2022
57463,Bishop Hill Energy LLC,SunEdison LLC,59139,IL,ENC,RFC,NAICS-22 Non-Cogen,22,WT,669727.0,2022
57468,Crystal Lake 3 LLC,Crystal Lake 3 LLC,56786,IA,WNC,MRO,NAICS-22 Non-Cogen,22,WT,262684.0,2022
57469,Garden Wind LLC,Garden Wind LLC,56787,IA,WNC,MRO,NAICS-22 Non-Cogen,22,WT,465273.0,2022
57474,Ralls Wind Farm,Ralls Wind Farm LLC,56790,TX,WSC,MRO,NAICS-22 Non-Cogen,22,WT,12263.0,2022
57484,Manzana Wind LLC,Avangrid Renewables LLC,15399,CA,PACC,WECC,NAICS-22 Non-Cogen,22,WT,523892.0,2022
57493,Settlers Trail Wind Farm LLC,"RWE Renewables Americas, LLC",56215,IL,ENC,SERC,NAICS-22 Non-Cogen,22,WT,358860.0,2022
57500,Laurel Wind Farm,MidAmerican Energy Co,12341,IA,WNC,MRO,Electric Utility,22,WT,360748.0,2022
57501,Rolling Hills Wind Farm,MidAmerican Energy Co,12341,IA,WNC,MRO,Electric Utility,22,WT,1169351.0,2022
57514,Ocotillo Express LLC,Pattern Operators LP,56545,CA,PACC,WECC,NAICS-22 Non-Cogen,22,WT,362881.0,2022
57516,KODE Novus I,DeWind Co.,56627,OK,WSC,MRO,NAICS-22 Non-Cogen,22,WT,0.0,2022
57520,Trinity Hills,Trinity Hills Wind Farm LLC,62075,TX,WSC,TRE,NAICS-22 Non-Cogen,22,WT,820092.0,2022
57526,North Hurlburt Wind LLC,Caithness Shepherds Flat LLC,56865,OR,PACC,WECC,NAICS-22 Non-Cogen,22,WT,518106.0,2022
57529,Kawailoa Wind,Kawailoa Wind LLC,56868,HI,PACN,,NAICS-22 Non-Cogen,22,WT,106460.0,2022
57530,Palouse,Onward Energy,60453,WA,PACC,WECC,NAICS-22 Non-Cogen,22,WT,315410.0,2022
57531,Bingham Wind,Onward Energy,60453,ME,NEW,NPCC,NAICS-22 Non-Cogen,22,WT,515546.0,2022
57549,South Hurlburt Wind LLC,Caithness Shepherds Flat LLC,56865,OR,PACC,WECC,NAICS-22 Non-Cogen,22,WT,514500.0,2022
57550,Horseshoe Bend Wind LLC,Caithness Shepherds Flat LLC,56865,OR,PACC,WECC,NAICS-22 Non-Cogen,22,WT,497211.0,2022
57553,Shirley Wind,Duke Energy Renewables Services,65411,WI,ENC,MRO,NAICS-22 Non-Cogen,22,WT,59553.0,2022
57568,Record Hill Wind,Record Hill Wind LLC,56909,ME,NEW,NPCC,NAICS-22 Non-Cogen,22,WT,124938.0,2022
57570,Cooper Farms VW Project,Cooper Hatchery Inc.,56912,OH,ENC,RFC,Industrial NAICS Non-Cogen,311,WT,14053.0,2022
57578,PaTu Wind Farm LLC,PaTu Wind Farm LLC,56916,OR,PACC,WECC,NAICS-22 Non-Cogen,22,WT,25692.0,2022
57586,Shiloh III Wind Project LLC,"EDF Renewable Asset Holdings, Inc.",57170,CA,PACC,WECC,NAICS-22 Non-Cogen,22,WT,276358.0,2022
57590,"Minco Wind I, LLC","FPLE Wind, LLC",56925,OK,WSC,MRO,NAICS-22 Non-Cogen,22,WT,356569.0,2022
57593,Broken Bow Wind LLC,Broken Bow Wind LLC,64616,NE,WNC,MRO,NAICS-22 Non-Cogen,22,WT,335739.0,2022
57594,Teichert Materials-Teichert Vernalis,"Foundation HA Energy Generation, LLC",56930,CA,PACC,WECC,NAICS-22 Non-Cogen,22,WT,1832.0,2022
57595,Pinnacle Wind Force LLC,"Pinnacle Wind, LLC",64537,WV,SAT,RFC,NAICS-22 Non-Cogen,22,WT,176480.0,2022
57609,New Harvest Wind Project LLC,Avangrid Renewables LLC,15399,IA,WNC,MRO,NAICS-22 Non-Cogen,22,WT,226365.0,2022
57613,LE Wind Turbine 1,Lincoln Electric Company,56952,OH,ENC,RFC,Industrial NAICS Non-Cogen,333,WT,5040.0,2022
57614,Waverly Wind Farm LLC,Waverly Wind Farm LLC,56948,KS,WNC,MRO,NAICS-22 Non-Cogen,22,WT,750769.0,2022
57616,Blue Canyon Windpower VI LLC,Blue Canyon Windpower VI LLC,56945,OK,WSC,MRO,NAICS-22 Non-Cogen,22,WT,355296.0,2022
57617,Hidalgo Wind Farm LLC,Hidalgo Wind Farm LLC,56946,TX,WSC,TRE,NAICS-22 Non-Cogen,22,WT,710994.0,2022
57620,Paulding Wind Farm II,Paulding Wind Farm II LLC,56936,OH,ENC,RFC,NAICS-22 Non-Cogen,22,WT,334790.0,2022
57621,Rising Tree Wind Farm,Rising Tree Wind Farm LLC,56937,CA,PACC,WECC,NAICS-22 Non-Cogen,22,WT,229092.0,2022
57623,Bright Stalk Wind Farm I,Lexington Chenoa Wind Farm LLC,56940,IL,ENC,SERC,NAICS-22 Non-Cogen,22,WT,794989.0,2022
57626,Foundation ST,"Foundation HA Energy Generation, LLC",56930,CA,PACC,WECC,NAICS-22 Non-Cogen,22,WT,2208.0,2022
57628,Meadow Lake Wind Farm V LLC,Meadow Lake Wind Farm V LLC,56941,IN,ENC,RFC,NAICS-22 Non-Cogen,22,WT,349662.0,2022
57631,Wolverine,"Wolverine Wind Energy, LLC",56962,IA,WNC,MRO,NAICS-22 Non-Cogen,22,WT,4817.0,2022
57632,Bulldog,"Bulldog Wind Energy, LLC",56961,IA,WNC,MRO,NAICS-22 Non-Cogen,22,WT,5269.0,2022
57635,Linden Wind Energy Project,Los Angeles Department of Water & Power,11208,WA,PACC,WECC,Electric Utility,22,WT,119226.0,2022
57637,Union City Wind Turbine,Performance Services,56855,IN,ENC,RFC,NAICS-22 Non-Cogen,22,WT,0.0,2022
57639,Ironwood Wind,Duke Energy Renewables Services,65411,KS,WNC,MRO,NAICS-22 Non-Cogen,22,WT,512866.0,2022
57643,"Vestas Towers America, Inc.","CS Wind America, Inc.",64489,CO,MTN,WECC,Industrial NAICS Non-Cogen,311,WT,1803.0,2022
57644,Prairie Rose Wind Farm,"Enel Green Power NA, Inc.",59380,MN,WNC,MRO,NAICS-22 Non-Cogen,22,WT,741739.0,2022
57648,Henkel U.S. Operations Corporation,Henkel U.S. Operations Corporation,56977,NY,MAT,NPCC,Industrial NAICS Non-Cogen,339,WT,1622.0,2022
57649,Elm Creek Wind II LLC,Avangrid Renewables LLC,15399,MN,WNC,MRO,NAICS-22 Non-Cogen,22,WT,291937.0,2022
57663,Cimarron Windpower II,Duke Energy Renewables Services,65411,KS,WNC,MRO,NAICS-22 Non-Cogen,22,WT,457610.0,2022
57675,"Pioneer Trail Wind Farm, LLC","RWE Renewables Americas, LLC",56215,IL,ENC,SERC,NAICS-22 Non-Cogen,22,WT,504336.0,2022
57678,"Post Rock Wind Power Project, LLC",Pattern Operators LP,56545,KS,WNC,MRO,NAICS-22 Non-Cogen,22,WT,742087.0,2022
57700,Vasco Winds,"Vasco Winds, LLC",57024,CA,PACC,WECC,NAICS-22 Non-Cogen,22,WT,222437.0,2022
57701,Montezuma Wind II,"NextEra Energy Montezuma Wind II, LLC",57026,CA,PACC,WECC,NAICS-22 Non-Cogen,22,WT,211274.0,2022
57721,Berkshire Wind Power Project,Massachusetts Mun Wholes Electric Co,11806,MA,NEW,NPCC,Electric Utility,22,WT,42259.0,2022
57725,Shiloh IV Wind Project LLC,"EDF Renewable Asset Holdings, Inc.",57170,CA,PACC,WECC,NAICS-22 Non-Cogen,22,WT,287426.0,2022
57732,UMM Wind Turbine,University of Minnesota Morris Campus,57046,MN,WNC,MRO,Commercial NAICS Non-Cogen,611,WT,4456.0,2022
57744,Laurel Hill Wind,Duke Energy Renewables Services,65411,PA,MAT,RFC,NAICS-22 Non-Cogen,22,WT,226844.0,2022
57748,Gordon Butte Wind LLC,Gordon Butte Wind LLC,57042,MT,MTN,WECC,NAICS-22 Non-Cogen,22,WT,74906.0,2022
57749,Sawtooth Wind Project,Idaho Winds LLC,57041,ID,MTN,WECC,NAICS-22 Non-Cogen,22,WT,52486.0,2022
57751,Los Vientos Wind 1A,Duke Energy Renewables Services,65411,TX,WSC,TRE,NAICS-22 Non-Cogen,22,WT,392529.0,2022
57752,Los Vientos Wind 1B,Duke Energy Renewables Services,65411,TX,WSC,TRE,NAICS-22 Non-Cogen,22,WT,464016.0,2022
57755,TPW Petersburg,TPW Petersburg LLC,57050,NE,WNC,MRO,NAICS-22 Non-Cogen,22,WT,180326.0,2022
57756,Coastal Energy Project,Coastal Community Action Program,57066,WA,PACC,WECC,NAICS-22 Non-Cogen,22,WT,9836.0,2022
57757,Pacific Wind LLC,"EDF Renewable Asset Holdings, Inc.",57170,CA,PACC,WECC,NAICS-22 Non-Cogen,22,WT,683633.0,2022
57760,Power County Wind Park South,Power County Wind Park South LLC,57068,ID,MTN,WECC,NAICS-22 Non-Cogen,22,WT,54713.0,2022
57761,Power County Wind Park North,Power County Wind Park North LLC,57069,ID,MTN,WECC,NAICS-22 Non-Cogen,22,WT,60666.0,2022
57762,Cimarron Wind Energy LLC,Cimarron Wind Energy LLC,58143,KS,WNC,MRO,NAICS-22 Non-Cogen,22,WT,603138.0,2022
57766,Rockland Wind Farm,Ridgeline Energy LLC,57075,ID,MTN,WECC,NAICS-22 Non-Cogen,22,WT,234455.0,2022
57767,Brown County Wind Turbine,Adams Electric Cooperative,57077,IL,ENC,SERC,Electric Utility,22,WT,2944.0,2022
57769,Mehoopany Wind Energy LLC,AE Power Services LLC,55963,PA,MAT,RFC,NAICS-22 Non-Cogen,22,WT,389911.0,2022
57774,Windstar 1,Nextera Energy Resources,64260,CA,PACC,WECC,NAICS-22 Non-Cogen,22,WT,206409.0,2022
57775,Kingman 1,Brookfield Renewable Trading and Marketing LP,63235,AZ,MTN,WECC,NAICS-22 Non-Cogen,22,WT,26107.0,2022
57787,Flat Ridge 2 Wind Energy LLC,AE Power Services LLC,55963,KS,WNC,MRO,NAICS-22 Non-Cogen,22,WT,1704077.0,2022
57791,Foundation AB,"Foundation HA Energy Generation, LLC",56930,CA,PACC,WECC,NAICS-22 Non-Cogen,22,WT,1796.0,2022
57792,Foundation IE,"Foundation HA Energy Generation, LLC",56930,CA,PACC,WECC,NAICS-22 Non-Cogen,22,WT,678.0,2022
57800,Bison 2 Wind Energy Center,"ALLETE, Inc.",12647,ND,WNC,MRO,Electric Utility,22,WT,323837.0,2022
57801,Bison 3 Wind Energy Center,"ALLETE, Inc.",12647,ND,WNC,MRO,Electric Utility,22,WT,320315.0,2022
57802,Magic Valley Wind Farm I LLC,"RWE Renewables Americas, LLC",56215,TX,WSC,TRE,NAICS-22 Non-Cogen,22,WT,541430.0,2022
57803,Lime Wind,Lime Wind LLC,57122,OR,PACC,WECC,NAICS-22 Non-Cogen,22,WT,5489.0,2022
57813,GL Wind,GL Wind LLC,57127,MN,WNC,MRO,NAICS-22 Non-Cogen,22,WT,11479.0,2022
57823,WCROC Wind Farm,University of Minnesota WCROC,57138,MN,WNC,MRO,NAICS-22 Non-Cogen,22,WT,5558.0,2022
57830,Rippey Wind Farm,Greenbacker Renewable Energy Corporation,60025,IA,WNC,MRO,NAICS-22 Non-Cogen,22,WT,159934.0,2022
57832,Hawkeye Wind Farm,Greenbacker Renewable Energy Corporation,60025,IA,WNC,MRO,NAICS-22 Non-Cogen,22,WT,148307.0,2022
57833,Mustang Hills LLC,Longroad Energy Services 2,63800,CA,PACC,WECC,NAICS-22 Non-Cogen,22,WT,283047.0,2022
57834,Pinyon Pine I,"Pinyon Pines Wind I, LLC",59868,CA,PACC,WECC,NAICS-22 Non-Cogen,22,WT,295295.0,2022
57835,Alta Wind VIII,Nextera Energy Resources,64260,CA,PACC,WECC,NAICS-22 Non-Cogen,22,WT,195054.0,2022
57837,Pinyon Pine II,"Pinyon Pines Wind II, LLC",59869,CA,PACC,WECC,NAICS-22 Non-Cogen,22,WT,218205.0,2022
57844,Franklin County Wind Farm,Interstate Power and Light Co,9417,IA,WNC,MRO,Electric Utility,22,WT,300973.0,2022
57851,Sigel Wind Park,DTE Electric Company,5109,MI,ENC,RFC,Electric Utility,22,WT,256751.0,2022
57852,Minden Wind Park,DTE Electric Company,5109,MI,ENC,RFC,Electric Utility,22,WT,118631.0,2022
57853,McKinley Wind Park,DTE Electric Company,5109,MI,ENC,RFC,Electric Utility,22,WT,53128.0,2022
57855,Ipswich Wind Turbine,Town of Ipswich - (MA),9442,MA,NEW,NPCC,Electric Utility,22,WT,3747.0,2022
57858,Caney River Wind Project,Caney River Wind Project,57191,KS,WNC,MRO,NAICS-22 Non-Cogen,22,WT,754083.0,2022
57862,"Wildcat Wind Farm I, LLC","RWE Renewables Americas, LLC",56215,IN,ENC,RFC,NAICS-22 Non-Cogen,22,WT,718706.0,2022
57866,Golden Spread Panhandle Wnd Rch,"Golden Spread Electric Cooperative, Inc",7349,TX,WSC,MRO,Electric Utility,22,WT,195639.0,2022
57867,Howard Wind Farm,Longroad Energy Services 2,63800,NY,MAT,NPCC,NAICS-22 Non-Cogen,22,WT,121581.0,2022
57873,Eclipse Wind Farm,MidAmerican Energy Co,12341,IA,WNC,MRO,Electric Utility,22,WT,694378.0,2022
57874,Vienna Wind Farm,MidAmerican Energy Co,12341,IA,WNC,MRO,Electric Utility,22,WT,563346.0,2022
57875,Morning Light Wind Farm,MidAmerican Energy Co,12341,IA,WNC,MRO,Electric Utility,22,WT,321936.0,2022
57880,Eolos Wind Energy Research Field Station,Regents of the University of Minnesota,57215,MN,WNC,MRO,NAICS-22 Non-Cogen,22,WT,2828.0,2022
57887,Wildcat Wind,"Wildcat Wind, LLC",57257,NM,MTN,MRO,NAICS-22 Non-Cogen,22,WT,78950.0,2022
57888,Harvest 2,"Harvest II Windfarm, LLC",57256,MI,ENC,RFC,NAICS-22 Non-Cogen,22,WT,207155.0,2022
57889,KODE Novus II,DeWind Co.,56627,OK,WSC,MRO,NAICS-22 Non-Cogen,22,WT,0.0,2022
57890,"Horse Butte Wind I, LLC",Utah Associated Mun Power Sys,40575,ID,MTN,WECC,Electric Utility,22,WT,162751.0,2022
57913,Tule Wind LLC,Avangrid Renewables LLC,15399,CA,PACC,WECC,NAICS-22 Non-Cogen,22,WT,357972.0,2022
57927,Baffin Wind,Avangrid Renewables LLC,15399,TX,WSC,TRE,NAICS-22 Non-Cogen,22,WT,422388.0,2022
57935,Eva Creek Wind,Golden Valley Elec Assn Inc,7353,AK,PACN,,Electric Utility,22,WT,48121.0,2022
57947,Macho Springs Power I,Capital Power Corporation,59365,NM,MTN,WECC,NAICS-22 Non-Cogen,22,WT,129631.0,2022
57956,"Minco Wind II, LLC","FPLE Wind, LLC",56925,OK,WSC,MRO,NAICS-22 Non-Cogen,22,WT,378987.0,2022
57962,Brookfield Tehachapi 1,"Coram California Development, L.P.",60081,CA,PACC,WECC,NAICS-22 Non-Cogen,22,WT,261139.0,2022
57963,Musselshell Wind Project,Musselshell Wind Project LLC,57333,MT,MTN,WECC,NAICS-22 Non-Cogen,22,WT,28790.0,2022
57964,Shady Oaks Wind Farm,Algonquin Power Co,59050,IL,ENC,MRO,NAICS-22 Non-Cogen,22,WT,362201.0,2022
57965,Musselshell Wind Project Two LLC,Musselshell Wind Project Two LLC,57338,MT,MTN,WECC,NAICS-22 Non-Cogen,22,WT,33670.0,2022
57968,Cashton Greens Wind Farm,Cashton Greens Wind Farm LLC,57340,WI,ENC,MRO,NAICS-22 Non-Cogen,22,WT,12000.0,2022
57973,Spinning Spur Wind LLC,"EDF Renewable Asset Holdings, Inc.",57170,TX,WSC,MRO,NAICS-22 Non-Cogen,22,WT,603925.0,2022
57974,Bobcat Bluff Wind Project LLC,"EDF Renewable Asset Holdings, Inc.",57170,TX,WSC,TRE,NAICS-22 Non-Cogen,22,WT,550627.0,2022
57975,Spearville 3 LLC,"EDF Renewable Asset Holdings, Inc.",57170,KS,WNC,MRO,NAICS-22 Non-Cogen,22,WT,380172.0,2022
57976,Pocahontas Prairie Wind Farm,MidAmerican Energy Co,12341,IA,WNC,MRO,Electric Utility,22,WT,407221.0,2022
57979,Kingdom Community Wind,Green Mountain Power Corp,7601,VT,NEW,NPCC,Electric Utility,22,WT,187957.0,2022
57980,Busch Ranch Wind Energy Farm,"Black Hills Colorado Electric, LLC",56146,CO,MTN,WECC,Electric Utility,22,WT,87210.0,2022
57981,Senate Wind LLC,Algonquin Power Co,59050,TX,WSC,TRE,NAICS-22 Non-Cogen,22,WT,489954.0,2022
57983,Stephens Ranch Wind Energy LLC,Stephens Ranch Wind Energy LLC,57355,TX,WSC,TRE,NAICS-22 Non-Cogen,22,WT,1309562.0,2022
57984,Lake Winds Energy Park,Consumers Energy Co,4254,MI,ENC,RFC,Electric Utility,22,WT,268450.0,2022
57987,Canadian Hills Wind,Canadian Hills Wind LLC,57363,OK,WSC,MRO,NAICS-22 Non-Cogen,22,WT,659276.0,2022
57991,Highland North Wind Farm,Vitol PA Wind LLC,65287,PA,MAT,RFC,NAICS-22 Non-Cogen,22,WT,173073.0,2022
57995,NaturEner Rim Rock Energy,NaturEner Rim Rock Energy LLC,57370,MT,MTN,WECC,NAICS-22 Non-Cogen,22,WT,675505.0,2022
57996,Auwahi Wind Energy Hybrid,Auwahi Wind Energy LLC,57372,HI,PACN,,NAICS-22 Non-Cogen,22,WT,90880.0,2022
57998,Twin Ridges Wind Farm,Vitol PA Wind LLC,65287,PA,MAT,RFC,NAICS-22 Non-Cogen,22,WT,396686.0,2022
57999,Patton Wind Farm,Vitol PA Wind LLC,65287,PA,MAT,RFC,NAICS-22 Non-Cogen,22,WT,81601.0,2022
58000,"Anacacho Wind Farm, LLC","RWE Renewables Americas, LLC",56215,TX,WSC,TRE,NAICS-22 Non-Cogen,22,WT,333216.0,2022
58004,Granite Reliable Power,NexteraEnergy,64421,NH,NEW,NPCC,NAICS-22 Non-Cogen,22,WT,206382.0,2022
58008,California Ridge Wind Energy LLC,SunEdison LLC,59139,IL,ENC,SERC,NAICS-22 Non-Cogen,22,WT,810677.0,2022
58018,Shooting Star,"Shooting Star Power Partners, LLC",57395,KS,WNC,MRO,NAICS-22 Non-Cogen,22,WT,387800.0,2022
58019,High Mesa,"High Mesa Energy, LLC",57396,ID,MTN,WECC,NAICS-22 Non-Cogen,22,WT,82003.0,2022
58020,Beebe 1A,"Beebe Renewable Energy, LLC",57397,MI,ENC,RFC,NAICS-22 Non-Cogen,22,WT,208133.0,2022
58021,Whitetail,"Whitetail Wind Energy, LLC",57398,TX,WSC,TRE,NAICS-22 Non-Cogen,22,WT,223746.0,2022
58025,Mt Wachusett Community College,Mt Wachusett Community College,57401,MA,NEW,NPCC,Commercial NAICS Non-Cogen,611,WT,5155.92,2022
58026,Spruce Mountain WInd,Spruce Mountain Wind LLC,57402,ME,NEW,NPCC,NAICS-22 Non-Cogen,22,WT,60020.0,2022
58038,Buffalo Center Wind LLC,Buffalo Center Wind LLC,57409,IA,WNC,MRO,NAICS-22 Non-Cogen,22,WT,5822.0,2022
58041,Chisholm View Wind Project,Chisholm View Wind Project,57412,OK,WSC,MRO,NAICS-22 Non-Cogen,22,WT,1082469.0,2022
58044,"Anchor Wind, LLC","Acciona Energy USA Global, LLC",57416,IA,WNC,MRO,NAICS-22 Non-Cogen,22,WT,8909.0,2022
58045,Community Wind South,Greenbacker Renewable Energy Corporation,60025,MN,WNC,MRO,NAICS-22 Non-Cogen,22,WT,76972.0,2022
58048,BayWa r.e Mozart LLC,"Chopin Wind, LLC",57421,TX,WSC,TRE,NAICS-22 Non-Cogen,22,WT,64846.0,2022
58065,Charlestown Wind Turbine,MWRA Charlestown,57443,MA,NEW,NPCC,NAICS-22 Non-Cogen,22,WT,1537.0,2022
58071,Windwalkers LLC,Consolidated Edison Development Inc.,56769,IA,WNC,MRO,NAICS-22 Non-Cogen,22,WT,5290.0,2022
58078,Rocky Ridge Wind Project,Rocky Ridge Wind Project LLC,57451,OK,WSC,MRO,NAICS-22 Non-Cogen,22,WT,574783.0,2022
58080,Wolf Ridge Wind,NextEra Wolf Ridge LLC,57460,TX,WSC,TRE,NAICS-22 Non-Cogen,22,WT,406274.0,2022
58088,Stony Creek Wind Farm NY,Invenergy Services LLC,49893,NY,MAT,NPCC,NAICS-22 Non-Cogen,22,WT,234745.0,2022
58089,Roeder Family Wind Farm LLC,Consolidated Edison Development Inc.,56769,IA,WNC,MRO,NAICS-22 Non-Cogen,22,WT,5972.0,2022
58098,El Cabo Wind,Avangrid Renewables LLC,15399,NM,MTN,WECC,NAICS-22 Non-Cogen,22,WT,1063330.0,2022
58099,Montague Wind Power Facility LLC,Avangrid Renewables LLC,15399,OR,PACC,WECC,NAICS-22 Non-Cogen,22,WT,491582.0,2022
58101,Foundation Cemex River Plant,Foundation CA Fund VI Manager LLC,57476,CA,PACC,WECC,NAICS-22 Non-Cogen,22,WT,2842.0,2022
58102,Foundation Cemex BMQ,Foundation CA Fund VI Manager LLC,57476,CA,PACC,WECC,NAICS-22 Non-Cogen,22,WT,3299.0,2022
58103,Heritage Garden Wind Farm I LLC,DTE Sustainable Generation,64331,MI,ENC,RFC,NAICS-22 Non-Cogen,22,WT,67554.0,2022
58104,Foundation Superior Farms,Foundation CA Fund VI Manager LLC,57476,CA,PACC,WECC,Industrial NAICS Non-Cogen,311,WT,1221.0,2022
58105,Foundation Wal-Mart Red Bluff,Foundation CA Fund VI Manager LLC,57476,CA,PACC,WECC,Commercial NAICS Non-Cogen,421,WT,1814.0,2022
58106,Meadow Creek Project Company,Ridgeline Energy LLC,57075,ID,MTN,WECC,NAICS-22 Non-Cogen,22,WT,288298.0,2022
58111,Bishop Hill II Wind Farm,"Bishop Hill Energy II, LLC",59870,IL,ENC,SERC,NAICS-22 Non-Cogen,22,WT,317995.0,2022
58112,Foundation Cemex Madison,"Foundation CA Fund V Manager, LLC",57484,CA,PACC,WECC,NAICS-22 Non-Cogen,22,WT,1608.0,2022
58113,Foundation RRM,"Foundation CA Fund V Manager, LLC",57484,CA,PACC,WECC,NAICS-22 Non-Cogen,22,WT,7912.0,2022
58114,Foundation NWNA,"Foundation CA Fund V Manager, LLC",57484,CA,PACC,WECC,NAICS-22 Non-Cogen,22,WT,21935.0,2022
58121,Echo Wind Park,DTE Electric Company,5109,MI,ENC,RFC,Electric Utility,22,WT,409220.0,2022
58126,Limon Wind I,Limon,57503,CO,MTN,WECC,NAICS-22 Non-Cogen,22,WT,690268.0,2022
58127,Limon Wind II,Limon,57503,CO,MTN,WECC,NAICS-22 Non-Cogen,22,WT,600713.0,2022
58137,Ensign Wind LLC,NextEra Energy Resources Ensign Wind,58090,KS,WNC,MRO,NAICS-22 Non-Cogen,22,WT,490285.0,2022
58141,Groton Wind LLC,Avangrid Renewables LLC,15399,NH,NEW,NPCC,NAICS-22 Non-Cogen,22,WT,111247.0,2022
58154,North Sky River Energy LLC,North Sky River Energy LLC,58121,CA,PACC,WECC,NAICS-22 Non-Cogen,22,WT,402093.0,2022
58155,Perrin Ranch Wind LLC,Perrin Ranch Wind LLC,58132,AZ,MTN,WECC,NAICS-22 Non-Cogen,22,WT,209743.0,2022
58203,"Minco Wind III, LLC","FPLE Wind, LLC",56925,OK,WSC,MRO,NAICS-22 Non-Cogen,22,WT,503059.0,2022
58209,"NextEra-Blackwell Wind, LLC","Blackwell Wind, LLC",58180,OK,WSC,MRO,NAICS-22 Non-Cogen,22,WT,184388.0,2022
58218,Spion Kop Wind Farm,NorthWestern Energy (MT wind/thermal),56815,MT,MTN,WECC,Electric Utility,22,WT,120949.0,2022
58220,Haviland Plastic Products,Haviland Plastic Products Co,58187,OH,ENC,RFC,Industrial NAICS Non-Cogen,326,WT,13482.0,2022
58233,Wagner Wind LLC,Greenbacker Renewable Energy Corporation,60025,CA,PACC,WECC,NAICS-22 Non-Cogen,22,WT,14312.0,2022
58238,Georgia Mountain Community Wind Farm,Greenbacker Renewable Energy Corporation,60025,VT,NEW,NPCC,NAICS-22 Non-Cogen,22,WT,30714.0,2022
58242,Pattern Panhandle Wind LLC,Pattern Operators LP,56545,TX,WSC,TRE,NAICS-22 Non-Cogen,22,WT,702340.0,2022
58321,Goldthwaite Wind Energy Facility,Invenergy Services LLC,49893,TX,WSC,TRE,NAICS-22 Non-Cogen,22,WT,496120.0,2022
58322,Prairie Breeze,SunEdison LLC,59139,NE,WNC,MRO,NAICS-22 Non-Cogen,22,WT,922924.0,2022
58324,Vansycle II Wind Energy Center,FPL Energy Stateline II Inc,58298,OR,PACC,WECC,NAICS-22 Non-Cogen,22,WT,182065.0,2022
58351,Tuscola Bay Wind,Tuscola Bay Wind LLC,58340,MI,ENC,RFC,NAICS-22 Non-Cogen,22,WT,384795.0,2022
58363,Majestic II Wind,NextEra Energy Majestic Wind,58353,TX,WSC,TRE,NAICS-22 Non-Cogen,22,WT,282132.0,2022
58372,Blue Summit Wind LLC,Blue Summit Wind LLC,58360,TX,WSC,TRE,NAICS-22 Non-Cogen,22,WT,421434.0,2022
58394,Alta Wind X,"Alta Wind X, LLC",58379,CA,PACC,WECC,NAICS-22 Non-Cogen,22,WT,372952.0,2022
58395,Alta Wind XI,"Alta Wind XI, LLC",58380,CA,PACC,WECC,NAICS-22 Non-Cogen,22,WT,258787.0,2022
58404,Pantex,Pantex (NNSA),58388,TX,WSC,MRO,Commercial NAICS Non-Cogen,928,WT,38926.0,2022
58407,Luther College Wind Project,Luther College Wind Energy Project LLC,58389,IA,WNC,MRO,NAICS-22 Non-Cogen,22,WT,2467.0,2022
58414,NLMU Wind,New London Municipal Utilities,13468,IA,WNC,MRO,Electric Utility,22,WT,5922.0,2022
58416,Headwaters Wind Farm LLC,Headwaters Wind Farm LLC,58412,IN,ENC,RFC,NAICS-22 Non-Cogen,22,WT,683030.0,2022
58425,Fire Island Wind,Fire Island Wind LLC,58422,AK,PACN,,NAICS-22 Non-Cogen,22,WT,54443.0,2022
58441,Swauk Wind LLC,Gamesa Wind US LLC,58430,WA,PACC,WECC,NAICS-22 Non-Cogen,22,WT,7939.0,2022
58444,Junction Hilltop Wind Farm,Junction Hilltop Management LLC,58439,IA,WNC,MRO,NAICS-22 Non-Cogen,22,WT,28418.0,2022
58456,Cumberland Rose,"Cumberland Rose Wind Energy, LLC",58444,IA,WNC,MRO,NAICS-22 Non-Cogen,22,WT,5481.0,2022
58457,Fontanelle,"Forward Fontanelle Power, LLC",58445,IA,WNC,MRO,NAICS-22 Non-Cogen,22,WT,6487.0,2022
58458,Greenfield Wind,"Greenfield Wind Power, LLC",58446,IA,WNC,MRO,NAICS-22 Non-Cogen,22,WT,5840.0,2022
58459,Meadow Ridge,"Meadow Ridge Wind Energy, LLC",58447,IA,WNC,MRO,NAICS-22 Non-Cogen,22,WT,5649.0,2022
58460,Sky Volt,"Sky Volt, LLC",58448,IA,WNC,MRO,NAICS-22 Non-Cogen,22,WT,6058.0,2022
58461,Wiota,"Wiota Wind Energy, LLC #1",58449,IA,WNC,MRO,NAICS-22 Non-Cogen,22,WT,5597.0,2022
58464,Broadview Energy Prime LLC,"Chopin Wind, LLC",57421,NM,MTN,MRO,NAICS-22 Non-Cogen,22,WT,35728.0,2022
58465,Broadview Energy Prime 2 LLC,"Chopin Wind, LLC",57421,NM,MTN,MRO,NAICS-22 Non-Cogen,22,WT,34842.0,2022
58474,Buffalo Dunes Wind Project,Buffalo Dunes Wind Project LLC,58461,KS,WNC,MRO,NAICS-22 Non-Cogen,22,WT,968001.0,2022
58511,Delta Wind Farm,Alaska Environmental Power,58488,AK,PACN,,NAICS-22 Non-Cogen,22,WT,3955.0,2022
58548,Huerfano River Wind,"Huerfano River Wind, LLC",58520,CO,MTN,WECC,NAICS-22 Non-Cogen,22,WT,12263.0,2022
58571,Tucannon River Wind Farm,Portland General Electric Co,15248,WA,PACC,WECC,Electric Utility,22,WT,738139.0,2022
58580,Pheasant Run Wind LLC,Pheasant Run Wind LLC,58539,MI,ENC,RFC,NAICS-22 Non-Cogen,22,WT,261977.0,2022
58587,Tuscola Wind II LLC,Tuscola Wind II LLC,58545,MI,ENC,RFC,NAICS-22 Non-Cogen,22,WT,307413.0,2022
58594,Steele Flats Wind Project LLC,Steele Flats Wind Project LLC,58551,NE,WNC,MRO,NAICS-22 Non-Cogen,22,WT,338428.0,2022
58596,"Grandview Wind Farm, LLC","RWE Renewables Americas, LLC",56215,TX,WSC,TRE,NAICS-22 Non-Cogen,22,WT,908228.0,2022
58608,Saddleback Ridge Wind Farm,"Saddleback Ridge Wind, LLC",58565,ME,NEW,NPCC,NAICS-22 Non-Cogen,22,WT,84881.0,2022
58614,Patriot Wind Farm,Avangrid Renewables LLC,15399,TX,WSC,TRE,NAICS-22 Non-Cogen,22,WT,693624.0,2022
58620,Canton Mountain Wind,Canton Mountain Wind LLC,58574,ME,NEW,NPCC,NAICS-22 Non-Cogen,22,WT,60355.0,2022
58630,RP Wind,Consolidated Edison Solutions Inc.,57365,OH,ENC,RFC,NAICS-22 Non-Cogen,22,WT,5987.0,2022
58657,Odell Wind Farm,Algonquin Power Co,59050,MN,WNC,MRO,NAICS-22 Non-Cogen,22,WT,869721.0,2022
58658,Courtenay Wind Farm,Northern States Power Co - Minnesota,13781,ND,WNC,MRO,Electric Utility,22,WT,815987.0,2022
58661,Cape Cod Air Force Station - 6 SWS,US Air Force,58604,MA,NEW,NPCC,Commercial NAICS Non-Cogen,928,WT,8246.0,2022
58666,Alexander Wind Farm LLC,SRIV Partnership LLC,62042,KS,WNC,MRO,NAICS-22 Non-Cogen,22,WT,215438.0,2022
58677,Gratiot County Wind LLC,Invenergy Services LLC,49893,MI,ENC,RFC,NAICS-22 Non-Cogen,22,WT,284976.0,2022
58681,Route 66 Wind Plant,Onward Energy,60453,TX,WSC,TRE,NAICS-22 Non-Cogen,22,WT,533600.0,2022
58683,"Osage Wind, LLC","Enel Green Power NA, Inc.",59380,OK,WSC,MRO,NAICS-22 Non-Cogen,22,WT,584546.0,2022
58686,Hancock Wind Plant,Onward Energy,60453,ME,NEW,NPCC,NAICS-22 Non-Cogen,22,WT,125525.0,2022
58690,Apple Blossom Wind Farm,"Apple Blossom Wind, LLC",60456,MI,ENC,RFC,NAICS-22 Non-Cogen,22,WT,276978.0,2022
58691,South Fork Wind Farm,"South Fork Wind, LLC",60458,MN,WNC,MRO,NAICS-22 Non-Cogen,22,WT,53928.0,2022
58692,Black Oak Wind Farm,"Black Oak Wind, LLC",58625,MN,WNC,MRO,NAICS-22 Non-Cogen,22,WT,333060.0,2022
58694,Walnut Ridge Wind Farm,"BHE Renewables, LLC",59359,IL,ENC,RFC,NAICS-22 Non-Cogen,22,WT,886935.0,2022
58695,Grande Prairie Wind Farm,"BHE Renewables, LLC",59359,NE,WNC,MRO,NAICS-22 Non-Cogen,22,WT,1515545.0,2022
58719,Brookfield,DTE Electric Company,5109,MI,ENC,RFC,Electric Utility,22,WT,263346.0,2022
58720,Pattern Panhandle Wind 2 LLC,Pattern Operators LP,56545,TX,WSC,TRE,NAICS-22 Non-Cogen,22,WT,743147.0,2022
58765,Miami Wind Energy Center,Invenergy Services LLC,49893,TX,WSC,TRE,NAICS-22 Non-Cogen,22,WT,1062447.0,2022
58766,Wake Wind Energy Center,Southern Power Co,17650,TX,WSC,TRE,NAICS-22 Non-Cogen,22,WT,996729.0,2022
58767,Buckeye Wind Energy Center,Invenergy Services LLC,49893,KS,WNC,MRO,NAICS-22 Non-Cogen,22,WT,789592.0,2022
58768,Marsh Hill Wind Farm,Invenergy Services LLC,49893,NY,MAT,NPCC,NAICS-22 Non-Cogen,22,WT,50012.0,2022
58769,Spring Canyon Expansion Wind Energy Ctr,Spring Canyon Expansion Wind Energy Ctr,64662,CO,MTN,WECC,NAICS-22 Non-Cogen,22,WT,231955.0,2022
58771,Roosevelt County,"EDF Renewable Asset Holdings, Inc.",57170,NM,MTN,MRO,NAICS-22 Non-Cogen,22,WT,1024361.0,2022
58772,Longhorn Wind,"EDF Renewable Asset Holdings, Inc.",57170,TX,WSC,TRE,NAICS-22 Non-Cogen,22,WT,797770.0,2022
58773,TX Hereford Wind,"EDF Renewable Asset Holdings, Inc.",57170,TX,WSC,TRE,NAICS-22 Non-Cogen,22,WT,759694.0,2022
58774,Spinning Spur Wind II,"EDF Renewable Asset Holdings, Inc.",57170,TX,WSC,TRE,NAICS-22 Non-Cogen,22,WT,593674.0,2022
58775,Spinning Spur Wind III,"EDF Renewable Asset Holdings, Inc.",57170,TX,WSC,TRE,NAICS-22 Non-Cogen,22,WT,794263.0,2022
58777,Cassadaga Wind Farm,"RWE Renewables Americas, LLC",56215,NY,MAT,NPCC,NAICS-22 Non-Cogen,22,WT,267686.0,2022
58780,Scioto Ridge Wind Farm,"RWE Renewables Americas, LLC",56215,OH,ENC,RFC,NAICS-22 Non-Cogen,22,WT,554326.0,2022
58830,Cross Winds Energy Park,Consumers Energy Co,4254,MI,ENC,RFC,Electric Utility,22,WT,746986.0,2022
58833,Red Horse 2,Red Horse 2,59146,AZ,MTN,WECC,NAICS-22 Non-Cogen,22,WT,66117.0,2022
58836,Lakeswind Power Partners,Lakeswind Power Partners,58710,MN,WNC,MRO,NAICS-22 Non-Cogen,22,WT,183425.0,2022
58837,Na Pua Makani Wind Project,Na Pua Makani Power Partners LLC,58718,HI,PACN,,NAICS-22 Non-Cogen,22,WT,88284.0,2022
58838,Keechi Wind,"Keechi Wind, LLC",62969,TX,WSC,TRE,NAICS-22 Non-Cogen,22,WT,421604.0,2022
58872,Bison 4 Wind Energy Center,"ALLETE, Inc.",12647,ND,WNC,MRO,Electric Utility,22,WT,702134.0,2022
58883,Highland Wind Project (IA),MidAmerican Energy Co,12341,IA,WNC,MRO,Electric Utility,22,WT,1872717.0,2022
58884,Lundgren Wind Project,MidAmerican Energy Co,12341,IA,WNC,MRO,Electric Utility,22,WT,960754.0,2022
58885,Macksburg Wind Project,MidAmerican Energy Co,12341,IA,WNC,MRO,Electric Utility,22,WT,376311.0,2022
58886,Wellsburg Wind Project,MidAmerican Energy Co,12341,IA,WNC,MRO,Electric Utility,22,WT,525728.0,2022
58887,Com Adam 1WF-1,FPC Services Inc.,58760,IL,ENC,RFC,NAICS-22 Non-Cogen,22,WT,8658.54,2022
58891,"Big Turtle Wind Farm, LLC",DTE Sustainable Generation,64331,MI,ENC,RFC,NAICS-22 Non-Cogen,22,WT,61687.0,2022
58898,Pilot Hill Wind Farm,"EDF Renewable Asset Holdings, Inc.",57170,IL,ENC,RFC,NAICS-22 Non-Cogen,22,WT,683633.0,2022
58900,Balko Wind LLC,Balko Wind LLC,58770,OK,WSC,MRO,NAICS-22 Non-Cogen,22,WT,1064195.0,2022
58902,Kingfisher Wind LLC,Kingfisher Wind LLC,58773,OK,WSC,MRO,NAICS-22 Non-Cogen,22,WT,925264.0,2022
58904,Fourmile Ridge,"Fourmile Wind Energy, LLC",58784,MD,SAT,RFC,NAICS-22 Non-Cogen,22,WT,122930.0,2022
58908,Beebe 1B,"Beebe 1B Renewable Energy, LLC",58785,MI,ENC,RFC,NAICS-22 Non-Cogen,22,WT,136691.0,2022
58924,Sugar Creek Wind One LLC,Sugar Creek Wind One LLC,60568,IL,ENC,SERC,NAICS-22 Non-Cogen,22,WT,661343.0,2022
58925,Lincoln Land Wind,"Lincoln Land Wind, LLC",60569,IL,ENC,SERC,NAICS-22 Non-Cogen,22,WT,1002489.0,2022
58927,Story City Wind Project,Hamilton Wind Energy LLC,58795,IA,WNC,MRO,NAICS-22 Non-Cogen,22,WT,5667.0,2022
58932,Traer Wind Project,City of Traer - (IA),19062,IA,WNC,MRO,Electric Utility,22,WT,6778.0,2022
58938,Origin Wind,"Enel Green Power NA, Inc.",59380,OK,WSC,MRO,NAICS-22 Non-Cogen,22,WT,564762.0,2022
58939,Anderson Wind I,"Chopin Wind, LLC",57421,NM,MTN,MRO,NAICS-22 Non-Cogen,22,WT,15366.0,2022
58940,Anderson Wind II,"Chopin Wind, LLC",57421,NM,MTN,MRO,NAICS-22 Non-Cogen,22,WT,41355.0,2022
58958,Camelot Wind LLC,Camelot Wind LLC,58821,MA,NEW,NPCC,NAICS-22 Non-Cogen,22,WT,2501.0,2022
58965,"Thunder Spirit Wind, LLC",Montana-Dakota Utilities Co,12199,ND,WNC,MRO,Electric Utility,22,WT,577015.0,2022
58966,Fairfield Wind,Greenbacker Renewable Energy Corporation,60025,MT,MTN,WECC,NAICS-22 Non-Cogen,22,WT,29513.0,2022
58979,Copenhagen Wind Farm,"EDF Renewable Asset Holdings, Inc.",57170,NY,MAT,NPCC,NAICS-22 Non-Cogen,22,WT,262292.0,2022
58981,"Broken Bow Wind II, LLC",Consolidated Edison Development Inc.,56769,NE,WNC,MRO,NAICS-22 Non-Cogen,22,WT,312464.0,2022
58992,Dept of Corrections NCCI Wind,Dept of Corrections NCCI Wind,58844,MA,NEW,NPCC,Commercial NAICS Non-Cogen,92214,WT,6754.0,2022
58994,Breckinridge Wind Project LLC,NextEra Energy Resources Breckinridge,59394,OK,WSC,MRO,NAICS-22 Non-Cogen,22,WT,398805.0,2022
58995,St. Olaf Wind Turbine,St. Olaf College,58828,MN,WNC,MRO,Commercial NAICS Non-Cogen,611,WT,2804.0,2022
58998,Goodwell Wind Project LLC,"Enel Green Power NA, Inc.",59380,OK,WSC,MRO,NAICS-22 Non-Cogen,22,WT,820873.0,2022
58999,Little Elk Wind Project LLC,"Enel Green Power NA, Inc.",59380,OK,WSC,MRO,NAICS-22 Non-Cogen,22,WT,307953.0,2022
59003,Two Dot Wind Farm,NorthWestern Energy (MT wind/thermal),56815,MT,MTN,WECC,Electric Utility,22,WT,39347.0,2022
59005,Mariah del Norte,"BHE Renewables, LLC",59359,TX,WSC,TRE,NAICS-22 Non-Cogen,22,WT,921210.0,2022
59021,Hoopeston Wind LLC,Hoopeston Wind LLC,58865,IL,ENC,SERC,NAICS-22 Non-Cogen,22,WT,388880.0,2022
59024,"Euclid Farm, Stamco N-54",Case Western Reserve University,58869,OH,ENC,RFC,NAICS-22 Non-Cogen,22,WT,510.0,2022
59034,Shannon Wind,Shannon Wind LLC,58872,TX,WSC,TRE,NAICS-22 Non-Cogen,22,WT,538346.0,2022
59053,Michelangelo Wind 3 LLC,Michelangelo Wind 3 LLC,58887,IA,WNC,MRO,NAICS-22 Non-Cogen,22,WT,12193.0,2022
59061,Radfords Run Wind Farm,"RWE Renewables Americas, LLC",56215,IL,ENC,RFC,NAICS-22 Non-Cogen,22,WT,1182122.0,2022
59063,Stella Wind Farm,"RWE Renewables Americas, LLC",56215,TX,WSC,TRE,NAICS-22 Non-Cogen,22,WT,633196.0,2022
59065,Drift Sand Wind Project LLC,"Enel Green Power NA, Inc.",59380,OK,WSC,MRO,NAICS-22 Non-Cogen,22,WT,449005.0,2022
59066,Bruennings Breeze Wind Farm,"RWE Renewables Americas, LLC",56215,TX,WSC,TRE,NAICS-22 Non-Cogen,22,WT,587469.0,2022
59068,"Colbeck's Corner, LLC","RWE Renewables Americas, LLC",56215,TX,WSC,TRE,NAICS-22 Non-Cogen,22,WT,866893.0,2022
59070,Jericho Power,Jericho Power LLC,58891,NH,NEW,NPCC,NAICS-22 Non-Cogen,22,WT,19156.0,2022
59071,Carroll Area Wind Farm,SRIV Partnership LLC,62042,IA,WNC,MRO,NAICS-22 Non-Cogen,22,WT,77959.0,2022
59076,Chopin Wind LLC,"Chopin Wind, LLC",57421,OR,PACC,WECC,NAICS-22 Non-Cogen,22,WT,27651.0,2022
59083,Limon III Wind LLC,Limon,57503,CO,MTN,WECC,NAICS-22 Non-Cogen,22,WT,803003.0,2022
59084,Marshall Wind Farm,"BHE Renewables, LLC",59359,KS,WNC,MRO,NAICS-22 Non-Cogen,22,WT,319129.0,2022
59118,Cameron Wind 1 LLC,Cameron Wind 1 LLC,58939,TX,WSC,TRE,NAICS-22 Non-Cogen,22,WT,374399.0,2022
59147,Fair Wind,"Fair Wind Power Partners, LLC",58962,MD,SAT,RFC,NAICS-22 Non-Cogen,22,WT,87844.0,2022
59187,Beethoven Wind,NorthWestern Energy - (SD),13809,SD,WNC,MRO,Electric Utility,22,WT,333061.0,2022
59193,Chapman Ranch Wind I,Chapman Ranch Wind LLC,58998,TX,WSC,TRE,NAICS-22 Non-Cogen,22,WT,658225.0,2022
59200,Border Winds Wind Farm,Northern States Power Co - Minnesota,13781,ND,WNC,MRO,Electric Utility,22,WT,665448.0,2022
59201,Pleasant Valley Wind Farm,Northern States Power Co - Minnesota,13781,MN,WNC,MRO,Electric Utility,22,WT,866891.0,2022
59222,Passadumkeag Windpark LLC,Southern Power Co,17650,ME,NEW,NPCC,NAICS-22 Non-Cogen,22,WT,145241.0,2022
59223,Optimum Wind 5 LLC,Optimum Wind 5 LLC,59017,IA,WNC,MRO,NAICS-22 Non-Cogen,22,WT,10712.0,2022
59224,Optimum Wind 6 LLC,Optimum Wind 6 LLC,59018,IA,WNC,MRO,NAICS-22 Non-Cogen,22,WT,10886.0,2022
59225,Optimum Wind 7 LLC,Optimum Wind 7 LLC,59019,IA,WNC,MRO,NAICS-22 Non-Cogen,22,WT,12102.0,2022
59226,Optimum Wind 4 LLC,Optimum Wind 4 LLC,59024,IA,WNC,MRO,NAICS-22 Non-Cogen,22,WT,10304.0,2022
59227,Optimum Wind 3 LLC,Optimum Wind 3 LLC,59025,IA,WNC,MRO,NAICS-22 Non-Cogen,22,WT,10470.0,2022
59228,Leonardo Wind 1 LLC,Leonardo Wind 1 LLC,59022,IA,WNC,MRO,NAICS-22 Non-Cogen,22,WT,12713.0,2022
59230,Venus Wind 3 LLC,Venus Wind 3 LLC,59021,IA,WNC,MRO,NAICS-22 Non-Cogen,22,WT,11573.0,2022
59231,Michelangelo Wind 1 LLC,Michelangelo Wind 1 LLC,59026,IA,WNC,MRO,NAICS-22 Non-Cogen,22,WT,12100.0,2022
59232,Michelangelo Wind 4 LLC,Michelangelo Wind 4 LLC,59027,IA,WNC,MRO,NAICS-22 Non-Cogen,22,WT,12178.0,2022
59234,Arbuckle Mountain Wind Farm LLC,Arbuckle Mountain Wind Farm LLC,59039,OK,WSC,MRO,NAICS-22 Non-Cogen,22,WT,387986.0,2022
59235,Rising Tree Wind Farm II,Rising Tree Wind Farm II LLC,59040,CA,PACC,WECC,NAICS-22 Non-Cogen,22,WT,52644.0,2022
59236,Rising Tree Wind Farm III,Rising Tree Wind Farm III LLC,59042,CA,PACC,WECC,NAICS-22 Non-Cogen,22,WT,261731.0,2022
59238,Windthorst-2,"EDF Renewable Asset Holdings, Inc.",57170,TX,WSC,TRE,NAICS-22 Non-Cogen,22,WT,229480.0,2022
59244,Lorenzo Wind,"Lorenzo Wind, LLC",61133,TX,WSC,MRO,NAICS-22 Non-Cogen,22,WT,350504.0,2022
59245,Fluvanna,Fluvanna Wind Energy LLC,60042,TX,WSC,TRE,NAICS-22 Non-Cogen,22,WT,595289.0,2022
59247,Hale Community Wind Farm,Southwestern Public Service Co,17718,TX,WSC,MRO,NAICS-22 Non-Cogen,22,WT,2036783.0,2022
59284,Mammoth Plains,Mammoth Plains Wind Project,60768,OK,WSC,MRO,NAICS-22 Non-Cogen,22,WT,802607.0,2022
59292,Rattlesnake Creek Wind Project,"Rattlesnake Creek Wind Project, LLC",61414,NE,WNC,MRO,NAICS-22 Non-Cogen,22,WT,1169663.0,2022
59295,WED NK Green,WED NK Green LLC,59097,RI,NEW,NPCC,NAICS-22 Non-Cogen,22,WT,2751.0,2022
59296,Northwest Ohio Wind,"Northwest Ohio Wind, LLC",59098,OH,ENC,RFC,NAICS-22 Non-Cogen,22,WT,314614.0,2022
59301,WED Coventry 1,"WED Coventry One, LLC",59105,RI,NEW,NPCC,NAICS-22 Non-Cogen,22,WT,2719.0,2022
59302,WED Coventry 2,"WED Coventry Two, LLC",59106,RI,NEW,NPCC,NAICS-22 Non-Cogen,22,WT,10267.0,2022
59305,WED Coventry 3,"WED Coventry Three, LLC",59107,RI,NEW,NPCC,NAICS-22 Non-Cogen,22,WT,1851.0,2022
59306,WED Coventry 4,"WED Coventry Four, LLC",59108,RI,NEW,NPCC,NAICS-22 Non-Cogen,22,WT,2474.0,2022
59311,Seiling Wind I,NextEra Energy Seiling Wind,59115,OK,WSC,MRO,NAICS-22 Non-Cogen,22,WT,822915.0,2022
59312,Seiling Wind II,NextEra Energy Seiling Wind,59115,OK,WSC,MRO,NAICS-22 Non-Cogen,22,WT,399786.0,2022
59313,WED Coventry 5,"WED Coventry Five, LLC",59116,RI,NEW,NPCC,NAICS-22 Non-Cogen,22,WT,3239.0,2022
59314,WED Coventry 6,"WED Coventry Six, LLC",59117,RI,NEW,NPCC,NAICS-22 Non-Cogen,22,WT,8646.0,2022
59320,Los Vientos Windpower III,Duke Energy Renewables Services,65411,TX,WSC,TRE,NAICS-22 Non-Cogen,22,WT,697271.0,2022
59321,Los Vientos Windpower IV,Duke Energy Renewables Services,65411,TX,WSC,TRE,NAICS-22 Non-Cogen,22,WT,702490.0,2022
59328,Golden Acorn Casino,"Foundation HA Energy Generation, LLC",56930,CA,PACC,WECC,Commercial NAICS Non-Cogen,713,WT,4454.0,2022
59329,City of Soledad Water Reclamation,"Foundation HA Energy Generation, LLC",56930,CA,PACC,WECC,NAICS-22 Non-Cogen,22,WT,4157.0,2022
59330,Taylor Farms,"Foundation HA Energy Generation, LLC",56930,CA,PACC,WECC,NAICS-22 Non-Cogen,22,WT,4028.0,2022
59331,Anheuser-Busch #2,"Foundation HA Energy Generation, LLC",56930,CA,PACC,WECC,Industrial NAICS Non-Cogen,312,WT,3191.0,2022
59332,Mesquite Creek Wind,Duke Energy Renewables Services,65411,TX,WSC,TRE,NAICS-22 Non-Cogen,22,WT,584881.0,2022
59384,South Plains Wind Phase I,"Evergreen Wind, LLC",59155,TX,WSC,TRE,NAICS-22 Non-Cogen,22,WT,676087.0,2022
59417,Pleasant Hill Wind Energy Project,Pleasant Hill Wind Energy LLC,59188,TX,WSC,MRO,NAICS-22 Non-Cogen,22,WT,25773.0,2022
59435,Oak Tree Energy,Consolidated Edison Development Inc.,56769,SD,WNC,MRO,NAICS-22 Non-Cogen,22,WT,77891.0,2022
59442,Logans Gap Wind LLC,Pattern Operators LP,56545,TX,WSC,TRE,NAICS-22 Non-Cogen,22,WT,638867.0,2022
59448,Waxdale,"S.C. Johnson & Son, Inc.",59216,WI,ENC,RFC,Industrial NAICS Cogen,325,WT,7735.0,2022
59460,"Kay Wind, LLC",Southern Power Co,17650,OK,WSC,MRO,NAICS-22 Non-Cogen,22,WT,976525.0,2022
59475,Palo Duro Wind,Palo Duro Wind,59238,TX,WSC,MRO,NAICS-22 Non-Cogen,22,WT,1025612.0,2022
59490,Jett Creek Windfarm (Burnt River),Jett Creek,59860,OR,PACC,WECC,NAICS-22 Non-Cogen,22,WT,26370.0,2022
59491,Benson Creek Windfarm (Burnt River),Benson Creek,59861,OR,PACC,WECC,NAICS-22 Non-Cogen,22,WT,28582.0,2022
59492,Durbin Creek Windfarm (Burnt River),Durbin Creek,59862,OR,PACC,WECC,NAICS-22 Non-Cogen,22,WT,24646.0,2022
59493,Prospector Windfarm (Burnt River),Prospector,59863,OR,PACC,WECC,NAICS-22 Non-Cogen,22,WT,26674.0,2022
59494,Willow Spring Windfarm (Burnt River),Willow Spring,59864,OR,PACC,WECC,NAICS-22 Non-Cogen,22,WT,28880.0,2022
59547,Fowler Ridge IV Wind Farm LLC,Pattern Operators LP,56545,IN,ENC,RFC,NAICS-22 Non-Cogen,22,WT,461700.0,2022
59621,TX Jumbo Road Wind,"TX Jumbo Road Wind, LLC",59871,TX,WSC,TRE,NAICS-22 Non-Cogen,22,WT,1001229.0,2022
59622,Future Generation Wind,Consolidated Edison Solutions Inc.,57365,MA,NEW,NPCC,NAICS-22 Non-Cogen,22,WT,14378.0,2022
59629,Jericho Rise Wind Farm LLC,Jericho Rise Wind Farm LLC,59362,NY,MAT,NPCC,NAICS-22 Non-Cogen,22,WT,214843.0,2022
59637,Adams Wind,MidAmerican Energy Co,12341,IA,WNC,MRO,Electric Utility,22,WT,509445.0,2022
59639,"631-56 Airport Owner, LLC","631-56 Airport Owner, LLC",59395,MA,NEW,NPCC,Industrial NAICS Non-Cogen,335,WT,0.0,2022
59654,Sendero,"Sendero Wind Energy, LLC",59428,TX,WSC,TRE,NAICS-22 Non-Cogen,22,WT,262383.0,2022
59655,Campbell County Wind Farm,Consolidated Edison Development Inc.,56769,SD,WNC,MRO,NAICS-22 Non-Cogen,22,WT,379732.0,2022
59684,"Lindahl Wind Project, LLC","Enel Green Power NA, Inc.",59380,ND,WNC,MRO,NAICS-22 Non-Cogen,22,WT,609134.0,2022
59692,NBC Field's Point Wind Farm,Narragansett Bay Commission,59463,RI,NEW,NPCC,Commercial NAICS Non-Cogen,22132,WT,7329.0,2022
59712,"San Roman Wind I, LLC","Acciona Energy USA Global, LLC",57416,TX,WSC,TRE,NAICS-22 Non-Cogen,22,WT,168356.0,2022
59724,Scituate Wind,Scituate Wind LLC,59493,MA,NEW,NPCC,NAICS-22 Non-Cogen,22,WT,2862.0,2022
59725,Fairhaven Wind,Fairhaven Wind LLC,59494,MA,NEW,NPCC,NAICS-22 Non-Cogen,22,WT,3764.0,2022
59732,Green Pastures Wind I,"Green Pastures Wind I, LLC",59501,TX,WSC,TRE,NAICS-22 Non-Cogen,22,WT,195778.0,2022
59733,Green Pastures Wind II,"Green Pastures Wind II, LLC",59502,TX,WSC,TRE,NAICS-22 Non-Cogen,22,WT,241776.0,2022
59734,Briscoe Wind Farm,"Briscoe Wind Farm, LLC",65757,TX,WSC,TRE,NAICS-22 Non-Cogen,22,WT,443595.0,2022
59735,Kirkwood Wind Turbine,Kirkwood Community College,59504,IA,WNC,MRO,NAICS-22 Non-Cogen,22,WT,353.43,2022
59736,"Valentine Wind, LLC","Valentine Wind, LLC",59506,NE,WNC,MRO,NAICS-22 Non-Cogen,22,WT,4458.0,2022
59757,Pryor Mountain Wind,PacifiCorp,14354,MT,MTN,WECC,Electric Utility,22,WT,814117.0,2022
59776,Heartland Community College,Heartland Community College,59543,IL,ENC,SERC,Commercial NAICS Non-Cogen,611,WT,4740.0,2022
59797,Bayonne MUA- Leitner-Poma Wind Turbine,"SUEZ North America, Inc.",59568,NJ,MAT,RFC,NAICS-22 Non-Cogen,22,WT,0.0,2022
59817,Tooele Army Depot(CSG),Tooele Army Depot,59598,UT,MTN,WECC,NAICS-22 Non-Cogen,22,WT,1700.0,2022
59825,South Louisburg Solar,Cypress Creek Renewables,61060,NC,SAT,SERC,NAICS-22 Non-Cogen,22,WT,9972.0,2022
59837,Slate Creek Wind Project LLC,"EDF Renewable Asset Holdings, Inc.",57170,KS,WNC,MRO,NAICS-22 Non-Cogen,22,WT,562979.0,2022
59838,Milo Wind Project LLC,"EDF Renewable Asset Holdings, Inc.",57170,NM,MTN,MRO,NAICS-22 Non-Cogen,22,WT,196791.0,2022
59888,Bloom Wind,CP Bloom Wind LLC,64781,KS,WNC,MRO,NAICS-22 Non-Cogen,22,WT,685446.0,2022
59902,Cardinal Point Wind,Cardinal Point LLC,64782,IL,ENC,MRO,NAICS-22 Non-Cogen,22,WT,619673.0,2022
59903,New Frontier Wind,Meadowlark Wind I LLC,64799,ND,WNC,MRO,NAICS-22 Non-Cogen,22,WT,437634.0,2022
59943,Rattlesnake Den,SunEdison LLC,59139,TX,WSC,TRE,NAICS-22 Non-Cogen,22,WT,641889.0,2022
59953,Antrim Wind,Antrim Wind Energy LLC,59714,NH,NEW,NPCC,NAICS-22 Non-Cogen,22,WT,82787.0,2022
59965,Latigo Wind Park,AES Distributed Energy,61012,UT,MTN,WECC,NAICS-22 Non-Cogen,22,WT,155951.0,2022
59968,"Desert Wind Farm, LLC",Avangrid Renewables LLC,15399,NC,SAT,SERC,NAICS-22 Non-Cogen,22,WT,536783.0,2022
59972,Bearkat,"Bearkat Wind Energy 1, LLC",63428,TX,WSC,TRE,NAICS-22 Non-Cogen,22,WT,612967.0,2022
59974,Golden West Power Partners LLC,"Golden West Power Partners, LLC",59729,CO,MTN,WECC,NAICS-22 Non-Cogen,22,WT,844516.0,2022
59975,Carousel Wind Farm LLC,"Carousel Wind Farm, LLC",59730,CO,MTN,WECC,NAICS-22 Non-Cogen,22,WT,626068.0,2022
60013,"Grant Wind, LLC",Southern Power Co,17650,OK,WSC,MRO,NAICS-22 Non-Cogen,22,WT,607534.0,2022
60015,Findlay Wind Farm,Findlay Wind Farm,59760,OH,ENC,RFC,Industrial NAICS Non-Cogen,326,WT,8321.0,2022
60049,Golden Hills Wind,"Golden Hills Wind, LLC",59780,CA,PACC,WECC,NAICS-22 Non-Cogen,22,WT,255472.0,2022
60059,Los Vientos V Wind Power,Duke Energy Renewables Services,65411,TX,WSC,TRE,NAICS-22 Non-Cogen,22,WT,339960.0,2022
60069,"Cedar Bluff Wind, LLC","Cedar Bluff Wind, LLC",59817,KS,WNC,MRO,NAICS-22 Non-Cogen,22,WT,881085.0,2022
60087,South Plains II,Onward Energy,60453,TX,WSC,TRE,NAICS-22 Non-Cogen,22,WT,1062673.0,2022
60088,Sunflower Wind Project,Onward Energy,60453,ND,WNC,MRO,NAICS-22 Non-Cogen,22,WT,458838.0,2022
60104,"Javelina Wind Energy, LLC","Javelina Wind Energy, LLC",59882,TX,WSC,TRE,NAICS-22 Non-Cogen,22,WT,906789.0,2022
60126,Harpster Wind,"OEE XVII, LLC",59899,OH,ENC,RFC,Commercial NAICS Non-Cogen,486,WT,3641.0,2022
60128,Zephyr Wind,"OEE XIX, LLC",59905,OH,ENC,RFC,Industrial NAICS Non-Cogen,332,WT,12083.0,2022
60132,New Creek Wind,"New Creek Wind, LLC",62967,WV,SAT,SERC,NAICS-22 Non-Cogen,22,WT,305586.0,2022
60143,Peak View Wind Farm,"Black Hills Colorado Electric, LLC",56146,CO,MTN,WECC,Electric Utility,22,WT,194686.0,2022
60145,"Broadview Energy JN, LLC",Pattern Operators LP,56545,NM,MTN,WECC,NAICS-22 Non-Cogen,22,WT,695892.0,2022
60152,"Broadview Energy KW, LLC",Pattern Operators LP,56545,NM,MTN,WECC,NAICS-22 Non-Cogen,22,WT,552363.0,2022
60210,Cotton Plains Wind Farm,"Cotton Plains Wind I, LLC",59979,TX,WSC,TRE,NAICS-22 Non-Cogen,22,WT,187373.0,2022
60217,Rocksprings,"Rocksprings Val Verde Wind, LLC",59999,TX,WSC,TRE,NAICS-22 Non-Cogen,22,WT,449818.0,2022
60218,Frontier Windpower,Duke Energy Renewables Services,65411,OK,WSC,MRO,NAICS-22 Non-Cogen,22,WT,574628.0,2022
60256,Bluestem,"Bluestem Wind Energy, LLC",60044,OK,WSC,MRO,NAICS-22 Non-Cogen,22,WT,812186.0,2022
60259,"Pioneer Wind Park, LLC",AES Distributed Energy,61012,WY,MTN,WECC,NAICS-22 Non-Cogen,22,WT,218442.0,2022
60262,Prairie Breeze II,Invenergy Services LLC,49893,NE,WNC,MRO,NAICS-22 Non-Cogen,22,WT,302750.0,2022
60270,Blue Cloud Wind Energy LLC,"RWE Renewables Americas, LLC",56215,TX,WSC,MRO,NAICS-22 Non-Cogen,22,WT,556236.0,2022
60314,Prairie Breeze III,Invenergy Services LLC,49893,NE,WNC,MRO,NAICS-22 Non-Cogen,22,WT,146060.0,2022
60317,"Grady Wind Energy Center, LLC",Pattern Operators LP,56545,NM,MTN,WECC,NAICS-22 Non-Cogen,22,WT,806775.0,2022
60326,O'Brien Wind,MidAmerican Energy Co,12341,IA,WNC,MRO,Electric Utility,22,WT,987121.0,2022
60329,"Ringer Hill Wind Farm, LLC",Ringer Hill Wind LLC,62892,PA,MAT,RFC,NAICS-22 Non-Cogen,22,WT,105216.0,2022
60338,Electra Wind Farm,"Electra Wind, LLC",60128,TX,WSC,TRE,NAICS-22 Non-Cogen,22,WT,909281.0,2022
60339,Horse Creek Wind Farm,"Horse Creek Wind, LLC",60129,TX,WSC,TRE,NAICS-22 Non-Cogen,22,WT,876361.0,2022
60342,Ida Grove Wind,MidAmerican Energy Co,12341,IA,WNC,MRO,Electric Utility,22,WT,1183585.0,2022
60354,Brady II Wind Energy Center,"Brady Wind II, LLC",60149,ND,WNC,MRO,NAICS-22 Non-Cogen,22,WT,681369.0,2022
60355,Brady Wind Energy Center,"Brady Wind, LLC",60148,ND,WNC,MRO,NAICS-22 Non-Cogen,22,WT,675789.0,2022
60366,Old Settler Wind,"Old Settler Wind, LLC",60155,TX,WSC,TRE,NAICS-22 Non-Cogen,22,WT,561106.0,2022
60404,Pisgah Mountain Wind,"Pisgah Mountain, LLC",60207,ME,NEW,NPCC,NAICS-22 Non-Cogen,22,WT,29102.0,2022
60414,Bethel Wind Farm LLC,Southern Power Co,17650,TX,WSC,MRO,NAICS-22 Non-Cogen,22,WT,1161702.0,2022
60470,Paulding Wind Farm III,Paulding Wind Farm III LLC,60258,OH,ENC,RFC,NAICS-22 Non-Cogen,22,WT,326445.0,2022
60471,Green River Wind Farm,"Green River Wind Farm Phase 1, LLC",60259,IL,ENC,RFC,NAICS-22 Non-Cogen,22,WT,613932.0,2022
60486,Greenfield Wind - MT,Greenbacker Renewable Energy Corporation,60025,MT,MTN,WECC,NAICS-22 Non-Cogen,22,WT,92243.0,2022
60502,"Tyler Bluff Wind Project, LLC",Southern Power Co,17650,TX,WSC,TRE,NAICS-22 Non-Cogen,22,WT,389641.0,2022
60503,Crowned Ridge Wind Energy Center,"Crowned Ridge Wind, LLC",61416,SD,WNC,MRO,NAICS-22 Non-Cogen,22,WT,764656.0,2022
60504,Blazing Star Wind Farm 1,Northern States Power Co - Minnesota,13781,MN,WNC,MRO,NAICS-22 Non-Cogen,22,WT,913721.0,2022
60505,Crocker Wind Farm,"Crocker Wind Farm, LLC",60290,SD,WNC,MRO,NAICS-22 Non-Cogen,22,WT,856561.0,2022
60541,Wind GEM,"Wind GEM, LLC",60302,IA,WNC,MRO,NAICS-22 Non-Cogen,22,WT,5736.0,2022
60545,"Grant Plains Wind, LLC",Southern Power Co,17650,OK,WSC,MRO,NAICS-22 Non-Cogen,22,WT,564473.0,2022
60551,Big Level Wind,Big Level Wind LLC,60328,PA,MAT,RFC,NAICS-22 Non-Cogen,22,WT,302236.0,2022
60574,"Great Western Wind Energy, LLC","EDF Renewable Asset Holdings, Inc.",57170,OK,WSC,MRO,NAICS-22 Non-Cogen,22,WT,955696.0,2022
60587,Kelly Creek Wind Project,"EDF Renewable Asset Holdings, Inc.",57170,IL,ENC,RFC,NAICS-22 Non-Cogen,22,WT,676529.0,2022
60592,Rush Springs Wind,Rush Springs Wind Project,60819,OK,WSC,MRO,NAICS-22 Non-Cogen,22,WT,1013083.0,2022
60594,Voyager Wind I,Terra-Gen Operating Co-Wind,2770,CA,PACC,WECC,NAICS-22 Non-Cogen,22,WT,367072.0,2022
60619,Rush Creek Wind,Public Service Co of Colorado,15466,CO,MTN,WECC,Electric Utility,22,WT,2251448.0,2022
60620,"Ninnescah Wind Energy, LLC",Ninnescah Wind Energy LLC,60364,KS,WNC,MRO,NAICS-22 Non-Cogen,22,WT,840857.0,2022
60639,Kingman Wind,"Kingman Wind Energy, LLC",60371,KS,WNC,MRO,NAICS-22 Non-Cogen,22,WT,829678.0,2022
60645,"Javelina Wind Energy II, LLC","Javelina Wind Energy II, LLC",60384,TX,WSC,TRE,NAICS-22 Non-Cogen,22,WT,769426.0,2022
60655,Rock Creek Wind Project,"Enel Green Power NA, Inc.",59380,MO,WNC,MRO,NAICS-22 Non-Cogen,22,WT,1107685.0,2022
60657,"Salt Fork Wind Project, LLC",Southern Power Co,17650,TX,WSC,TRE,NAICS-22 Non-Cogen,22,WT,727546.0,2022
60672,Osborn Wind Energy,Osborn Wind Energy LLC,60397,MO,WNC,MRO,NAICS-22 Non-Cogen,22,WT,778279.0,2022
60687,"Cimarron Bend Wind Project I, LLC","Cimarron Bend Wind Project I, LLC",60406,KS,WNC,MRO,NAICS-22 Non-Cogen,22,WT,896379.0,2022
60688,"Cimarron Bend Wind Project II, LLC","Cimarron Bend Wind Project II, LLC",60407,KS,WNC,MRO,NAICS-22 Non-Cogen,22,WT,869723.0,2022
60689,Western Plains Wind Farm,"Evergy Kansas Central, Inc",22500,KS,WNC,MRO,Electric Utility,22,WT,1173450.0,2022
60700,Wind Colebrook South,Wind Colebrook South,60430,CT,NEW,NPCC,NAICS-22 Non-Cogen,22,WT,11351.0,2022
60743,"Rattlesnake Power, LLC","Rattlesnake Power, LLC",60443,TX,WSC,TRE,NAICS-22 Non-Cogen,22,WT,564982.0,2022
60856,Astra Wind Farm,Astra Wind LLC,60515,TX,WSC,TRE,NAICS-22 Non-Cogen,22,WT,547729.0,2022
60865,Equity Industrial Turbines,Equity Industrial Turbines,60521,MA,NEW,NPCC,NAICS-22 Non-Cogen,22,WT,6572.0,2022
60873,Prairie Wind Farm,MidAmerican Energy Co,12341,IA,WNC,MRO,Electric Utility,22,WT,639290.0,2022
60883,"Deerfield Wind Energy, LLC","Deerfield Wind Energy, LLC",60537,MI,ENC,RFC,NAICS-22 Non-Cogen,22,WT,556070.0,2022
60901,Willow Springs Wind Farm,"Willow Springs Windfarm, LLC",60542,TX,WSC,TRE,NAICS-22 Non-Cogen,22,WT,883146.0,2022
60902,Dermott Wind,"Dermott Wind, LLC",60543,TX,WSC,TRE,NAICS-22 Non-Cogen,22,WT,946187.0,2022
60905,"Oliver Wind III, LLC","Oliver Wind III, LLC",60562,ND,WNC,MRO,NAICS-22 Non-Cogen,22,WT,459699.0,2022
60911,Green Energy Machine,"Green Energy Machine, LLC",60567,IA,WNC,MRO,NAICS-22 Non-Cogen,22,WT,7259.0,2022
60931,CCC Hastings Wind Turbine,"CCC Hastings Renewable Energy, LLC",60578,NE,WNC,MRO,NAICS-22 Non-Cogen,22,WT,8068.0,2022
60932,Creston Ridge Wind Farm,"Creston Ridge, LLC",60577,NE,WNC,MRO,NAICS-22 Non-Cogen,22,WT,30595.0,2022
60983,Buckthorn Wind,"Buckthorn Wind Project, LLC",60617,TX,WSC,TRE,NAICS-22 Non-Cogen,22,WT,355716.0,2022
60987,Santa Rita Wind Energy,"BHE Renewables, LLC",59359,TX,WSC,TRE,NAICS-22 Non-Cogen,22,WT,1220449.0,2022
60991,Sterling I Wind Farm,AEM Wind LLC,60634,NM,MTN,MRO,NAICS-22 Non-Cogen,22,WT,129505.0,2022
60999,Reading Wind Project,Southern Power Co,17650,KS,WNC,MRO,NAICS-22 Non-Cogen,22,WT,707818.0,2022
61001,Cactus Flats Wind Energy Project,Southern Power Co,17650,TX,WSC,TRE,NAICS-22 Non-Cogen,22,WT,433553.0,2022
61002,"WED Portsmouth One, LLC","WED Portsmouth One, LLC",60621,RI,NEW,NPCC,NAICS-22 Non-Cogen,22,WT,4603.0,2022
61004,Whirlpool Corporation - Ottawa Wind Farm,OEE XXIV LLC,60644,OH,ENC,RFC,Industrial NAICS Non-Cogen,335,WT,4473.0,2022
61005,Whirlpool Corporation - Marion Wind Farm,OEE XXIII LLC,60645,OH,ENC,RFC,Industrial NAICS Non-Cogen,335,WT,10287.0,2022
61032,Heart of Texas Wind Project,Scout Clean Energy LLC,63074,TX,WSC,TRE,NAICS-22 Non-Cogen,22,WT,643615.0,2022
61039,Deerfield Wind LLC,Avangrid Renewables LLC,15399,VT,NEW,NPCC,NAICS-22 Non-Cogen,22,WT,104462.0,2022
61040,Twin Buttes II Wind,Avangrid Renewables LLC,15399,CO,MTN,WECC,NAICS-22 Non-Cogen,22,WT,295172.0,2022
61041,"Roaring Brook, LLC",Avangrid Renewables LLC,15399,NY,MAT,NPCC,NAICS-22 Non-Cogen,22,WT,179236.0,2022
61044,La Joya NM,Avangrid Renewables LLC,15399,NM,MTN,WECC,NAICS-22 Non-Cogen,22,WT,1001288.0,2022
61046,Tatanka Ridge,Tatanka Ridge LLC,63897,SD,WNC,MRO,NAICS-22 Non-Cogen,22,WT,681371.0,2022
61047,Coyote Ridge,Coyote Ridge LLC,63083,SD,WNC,MRO,NAICS-22 Non-Cogen,22,WT,398316.0,2022
61056,Seward Wind Farm,Seward Wind LLC,61275,NE,WNC,MRO,NAICS-22 Non-Cogen,22,WT,8030.0,2022
61066,Foundation CDCR LAC,"Foundation CA Fund VIII Manager, LLC",60690,CA,PACC,WECC,NAICS-22 Non-Cogen,22,WT,4648.0,2022
61067,Foundation Scheid Vineyards,"Foundation CA Fund VIII Manager, LLC",60690,CA,PACC,WECC,NAICS-22 Non-Cogen,22,WT,4134.0,2022
61070,Saratoga Wind Farm,Madison Gas & Electric Co,11479,IA,WNC,MRO,Electric Utility,22,WT,282781.0,2022
61077,Orient Wind Farm,MidAmerican Energy Co,12341,IA,WNC,MRO,Electric Utility,22,WT,2140496.0,2022
61079,Beaver Creek Wind,MidAmerican Energy Co,12341,IA,WNC,MRO,Electric Utility,22,WT,1483768.0,2022
61100,"Burke Wind, LLC",Burke Wind LLC,60714,ND,WNC,MRO,NAICS-22 Non-Cogen,22,WT,871594.0,2022
61106,Pine River Wind Park,DTE Electric Company,5109,MI,ENC,RFC,Electric Utility,22,WT,419671.0,2022
61155,Big Timber Wind Farm,Consolidated Edison Development Inc.,56769,MT,MTN,WECC,NAICS-22 Non-Cogen,22,WT,89477.0,2022
61161,Harvest Ridge Wind Farm,Harvest Ridge Wind Farm,60719,IL,ENC,SERC,NAICS-22 Non-Cogen,22,WT,765455.0,2022
61212,Flat Top Wind I,"BHE Renewables, LLC",59359,TX,WSC,TRE,NAICS-22 Non-Cogen,22,WT,792301.0,2022
61221,Redbed Plains Wind Farm,Redbed Plains Wind Farm LLC,60859,OK,WSC,MRO,NAICS-22 Non-Cogen,22,WT,380202.0,2022
61222,Golden Hills North Wind Energy Center,"Golden Hills Interconnection Wind, LLC",60811,CA,PACC,WECC,NAICS-22 Non-Cogen,22,WT,147013.0,2022
61261,Rock Falls Wind Farm LLC,"EDF Renewable Asset Holdings, Inc.",57170,OK,WSC,MRO,NAICS-22 Non-Cogen,22,WT,378537.0,2022
61269,Thunder Ranch Wind Project,"Thunder Ranch Wind Project, LLC",60881,OK,WSC,MRO,NAICS-22 Non-Cogen,22,WT,852065.0,2022
61270,Red Dirt Wind Project,"Red Dirt Wind Project, LLC",60882,OK,WSC,MRO,NAICS-22 Non-Cogen,22,WT,1013127.0,2022
61303,Bluff Point Wind Facility,"Bluff Point Wind, LLC",60944,IN,ENC,RFC,NAICS-22 Non-Cogen,22,WT,421655.0,2022
61330,Hog Creek Wind Project,Hog Creek Wind Project LLC,60969,OH,ENC,RFC,NAICS-22 Non-Cogen,22,WT,215169.0,2022
61343,Karankawa Wind LLC,Avangrid Renewables LLC,15399,TX,WSC,TRE,NAICS-22 Non-Cogen,22,WT,908826.0,2022
61344,Otter Creek Wind Farm LLC,Avangrid Renewables LLC,15399,IL,ENC,RFC,NAICS-22 Non-Cogen,22,WT,516449.0,2022
61356,Valfilm Wind Project,OEE XXV LLC,60996,OH,ENC,RFC,Industrial NAICS Non-Cogen,325211,WT,8037.0,2022
61357,Red Pine Wind Project,"EDF Renewable Asset Holdings, Inc.",57170,MN,WNC,MRO,NAICS-22 Non-Cogen,22,WT,724877.0,2022
61402,Foard City Wind,"Foard City Wind, LLC",61037,TX,WSC,TRE,NAICS-22 Non-Cogen,22,WT,1099930.0,2022
61407,Cottonwood Wind Energy Center,Cottonwood Wind Project,61042,NE,WNC,MRO,NAICS-22 Non-Cogen,22,WT,437925.0,2022
61417,Gopher Creek Wind Farm,Fluvanna Wind Energy 2 LLC,61054,TX,WSC,TRE,NAICS-22 Non-Cogen,22,WT,600369.0,2022
61442,Foundation California Training Facility,"Foundation CA Fund IX Manager, LLC",61070,CA,PACC,WECC,NAICS-22 Non-Cogen,22,WT,5785.0,2022
61443,Foundation Mann Packing,"Foundation CA Fund IX Manager, LLC",61070,CA,PACC,WECC,NAICS-22 Non-Cogen,22,WT,5621.0,2022
61444,Foundation SaIinas Valley State Prison,"Foundation CA Fund IX Manager, LLC",61070,CA,PACC,WECC,NAICS-22 Non-Cogen,22,WT,5286.0,2022
61540,Fort Hays State University Wind Farm,Fort Hays State University,61149,KS,WNC,MRO,Commercial NAICS Non-Cogen,611,WT,15860.0,2022
61564,Upland Prairie,Interstate Power and Light Co,9417,IA,WNC,MRO,Electric Utility,22,WT,1190864.0,2022
61565,English Farms,Interstate Power and Light Co,9417,IA,WNC,MRO,Electric Utility,22,WT,611687.0,2022
61582,Voyager Wind II,Terra-Gen Operating Co-Wind,2770,CA,PACC,WECC,NAICS-22 Non-Cogen,22,WT,449491.0,2022
61583,Voyager Wind III,Terra-Gen Operating Co-Wind,2770,CA,PACC,WECC,NAICS-22 Non-Cogen,22,WT,123534.0,2022
61584,Voyager Wind IV,Terra-Gen Operating Co-Wind,2770,CA,PACC,WECC,NAICS-22 Non-Cogen,22,WT,73783.0,2022
61589,UL Advanced Wind Turbine Test Facility,West Texas A&M University,61188,TX,WSC,MRO,Commercial NAICS Non-Cogen,611,WT,7826.0,2022
61609,"Heartland Divide Wind Project, LLC","Heartland Divide Wind Project, LLC",61214,IA,WNC,MRO,NAICS-22 Non-Cogen,22,WT,464670.0,2022
61638,Turtle Creek Wind Farm LLC,Turtle Creek Wind Farm LLC,61330,IA,WNC,MRO,NAICS-22 Non-Cogen,22,WT,799999.0,2022
61644,August Wind Farm,"August Wind Energy, LLC",61254,IA,WNC,MRO,NAICS-22 Non-Cogen,22,WT,8175.0,2022
61650,Blazing Star 2 Wind Farm,Northern States Power Co - Minnesota,13781,MN,WNC,MRO,Electric Utility,22,WT,894526.0,2022
61660,Whirlpool Corp-Greenville Wind Farm,OEE XXVI LLC,61278,OH,ENC,RFC,NAICS-22 Non-Cogen,22,WT,11899.0,2022
61668,"Creston Ridge II, LLC","Creston Ridge II, LLC",61280,NE,WNC,MRO,NAICS-22 Non-Cogen,22,WT,35102.0,2022
61673,Arkwright Summit Wind Farm LLC,Arkwright Summit Wind Farm LLC,58261,NY,MAT,NPCC,NAICS-22 Non-Cogen,22,WT,260569.0,2022
61674,Wildcat Ranch Wind Project,"Wildcat Ranch Wind Project, LLC",61291,TX,WSC,MRO,NAICS-22 Non-Cogen,22,WT,651691.0,2022
61677,Perennial Windfarm,"Perennial Wind, LLC",61288,NE,WNC,MRO,NAICS-22 Non-Cogen,22,WT,36013.0,2022
61734,Seneca Nation Cattaraugus Wind Turbine,Seneca Nation,61363,NY,MAT,NPCC,Commercial NAICS Non-Cogen,441,WT,2615.0,2022
61735,Hilltopper Wind Project,"Hilltopper Wind Project, LLC",61365,IL,ENC,SERC,NAICS-22 Non-Cogen,22,WT,621359.0,2022
61745,Aurora County Wind,Consolidated Edison Development Inc.,56769,SD,WNC,MRO,NAICS-22 Non-Cogen,22,WT,89787.0,2022
61746,Brule County Wind,Consolidated Edison Development Inc.,56769,SD,WNC,MRO,NAICS-22 Non-Cogen,22,WT,86474.0,2022
61747,"Foxtail Wind, LLC","Foxtail Wind, LLC",61374,ND,WNC,MRO,Electric Utility,22,WT,556669.0,2022
61756,Meadow Lake Wind Farm VI LLC,Meadow Lake Wind Farm VI LLC,61381,IN,ENC,RFC,NAICS-22 Non-Cogen,22,WT,671626.0,2022
61773,"Palmas Wind, LLC","Acciona Energy USA Global, LLC",57416,TX,WSC,TRE,NAICS-22 Non-Cogen,22,WT,363327.0,2022
61775,Town of Otis Wind Energy Project,Town of Otis,61397,MA,NEW,NPCC,Commercial NAICS Non-Cogen,92,WT,3361.0,2022
61776,"Midway Wind, LLC","Midway Wind, LLC",61396,TX,WSC,TRE,NAICS-22 Non-Cogen,22,WT,425453.0,2022
61782,Live Oak Wind Project,Engie North America,56201,TX,WSC,TRE,NAICS-22 Non-Cogen,22,WT,774938.0,2022
61784,Upstream Wind Energy LLC,Invenergy Services LLC,49893,NE,WNC,MRO,NAICS-22 Non-Cogen,22,WT,911867.0,2022
61787,Bishop Hill III,Invenergy Services LLC,49893,IL,ENC,SERC,NAICS-22 Non-Cogen,22,WT,470871.0,2022
61788,Hilltop Power,"Hilltop Power, LLC",61415,MN,WNC,MRO,NAICS-22 Non-Cogen,22,WT,3974.0,2022
61789,"Diamond Vista Wind Project, LLC","Enel Green Power Diamond Vista Wind Project, LLC",61413,KS,WNC,MRO,NAICS-22 Non-Cogen,22,WT,1224092.0,2022
61836,"Minco Wind IV, LLC","Minco Wind IV, LLC",61458,OK,WSC,MRO,NAICS-22 Non-Cogen,22,WT,539778.0,2022
61848,"PYCO Industries, Inc. Wind Farm","PYCO Industries, Inc.",61470,TX,WSC,TRE,Industrial NAICS Non-Cogen,311,WT,196.0,2022
61858,"Stillwater Wind, LLC",Pattern Operators LP,56545,MT,MTN,WECC,NAICS-22 Non-Cogen,22,WT,302563.0,2022
61865,"Rio Bravo Windpower, LLC","Rio Bravo Windpower, LLC",61485,TX,WSC,TRE,NAICS-22 Non-Cogen,22,WT,623261.0,2022
61866,Wildhorse Mountain Wind Facility,Southern Power Co,17650,OK,WSC,MRO,NAICS-22 Non-Cogen,22,WT,308143.0,2022
61876,"Persimmon Creek Wind Farm 1, LLC","Persimmon Creek Wind Farm 1, LLC",61495,OK,WSC,MRO,NAICS-22 Non-Cogen,22,WT,832909.0,2022
61889,Sholes Wind Energy Center,"Sholes Wind Energy Center, LLC",61502,NE,WNC,MRO,NAICS-22 Non-Cogen,22,WT,772381.0,2022
61911,Ivester Wind Farm,MidAmerican Energy Co,12341,IA,WNC,MRO,Electric Utility,22,WT,364869.0,2022
61916,Pegasus Wind,"Pegasus Wind, LLC",61521,MI,ENC,RFC,NAICS-22 Non-Cogen,22,WT,410530.0,2022
61921,Tahoka Wind,"Tahoka Wind, LLC",61527,TX,WSC,TRE,NAICS-22 Non-Cogen,22,WT,1185689.0,2022
61925,Casa Mesa Wind Energy Center Hybrid,"Casa Mesa Wind, LLC",61531,NM,MTN,WECC,NAICS-22 Non-Cogen,22,WT,165048.0,2022
61926,"Armadillo Flats Wind Project, LLC","Armadillo Flats Wind Project, LLC",61530,OK,WSC,MRO,NAICS-22 Non-Cogen,22,WT,922828.0,2022
61957,"Pratt Wind, LLC","Pratt Wind, LLC",61537,KS,WNC,MRO,NAICS-22 Non-Cogen,22,WT,1065175.0,2022
61969,"Torrecillas Wind Energy, LLC","Torrecillas Wind Energy, LLC",61562,TX,WSC,TRE,NAICS-22 Non-Cogen,22,WT,1069719.0,2022
61970,"Blue Summit II Wind, LLC","Blue Summit II Wind, LLC",61563,TX,WSC,TRE,NAICS-22 Non-Cogen,22,WT,394762.0,2022
61984,"Solomon Forks Wind Project, LLC",Engie North America,56201,KS,WNC,MRO,NAICS-22 Non-Cogen,22,WT,976979.0,2022
61990,TAC-Distributed Energy Resource Hybrid,Ameren Illinois,61576,IL,ENC,SERC,Electric Utility,22,WT,147.0,2022
62035,Glaciers Edge Wind Project,"EDF Renewable Asset Holdings, Inc.",57170,IA,WNC,MRO,NAICS-22 Non-Cogen,22,WT,984075.0,2022
62038,Santa Rita East,Invenergy Services LLC,49893,TX,WSC,TRE,NAICS-22 Non-Cogen,22,WT,1093527.0,2022
62079,Whispering Willow North,Interstate Power and Light Co,9417,IA,WNC,MRO,Electric Utility,22,WT,884336.0,2022
62080,Richland,Interstate Power and Light Co,9417,IA,WNC,MRO,Electric Utility,22,WT,530919.0,2022
62081,Golden Plains,Interstate Power and Light Co,9417,IA,WNC,MRO,Electric Utility,22,WT,885500.0,2022
62103,Kossuth,Wisconsin Power & Light Co,20856,IA,WNC,MRO,Electric Utility,22,WT,645298.0,2022
62106,"WED Green Hill, LLC","WED Green Hill, LLC",61648,RI,NEW,NPCC,NAICS-22 Non-Cogen,22,WT,7031.0,2022
62107,"WED Plainfield II, LLC","WED Plainfield II, LLC",61649,RI,NEW,NPCC,NAICS-22 Non-Cogen,22,WT,7258.0,2022
62108,"WED Plainfield III, LLC","WED Plainfield III, LLC",61650,RI,NEW,NPCC,NAICS-22 Non-Cogen,22,WT,6352.0,2022
62109,"WED Plainfield, LLC","WED Plainfield, LLC",61651,RI,NEW,NPCC,NAICS-22 Non-Cogen,22,WT,6600.0,2022
62110,"WED Shun I, LLC","WED Shun I, LLC",61652,RI,NEW,NPCC,NAICS-22 Non-Cogen,22,WT,7870.0,2022
62111,"WED Shun II, LLC","WED Shun II, LLC",61653,RI,NEW,NPCC,NAICS-22 Non-Cogen,22,WT,7305.0,2022
62112,"WED Shun III, LLC","WED Shun III, LLC",61654,RI,NEW,NPCC,NAICS-22 Non-Cogen,22,WT,7651.0,2022
62130,Roseman,"Roseman Energy, LLC",61676,IA,WNC,MRO,NAICS-22 Non-Cogen,22,WT,8223.0,2022
62132,Arbor Hill Wind Farm,MidAmerican Energy Co,12341,IA,WNC,MRO,Electric Utility,22,WT,1344693.0,2022
62133,North English,MidAmerican Energy Co,12341,IA,WNC,MRO,Electric Utility,22,WT,1468253.0,2022
62142,Amadeus Wind Farm,Amadeus Wind LLC,61683,TX,WSC,TRE,NAICS-22 Non-Cogen,22,WT,755831.0,2022
62161,Galactic Wind,Galactic Wind,61667,WI,ENC,MRO,Commercial NAICS Non-Cogen,519,WT,23854.0,2022
62172,Birch,Birch Power LLC,61706,IA,WNC,MRO,NAICS-22 Non-Cogen,22,WT,7503.0,2022
62207,Reloj del Sol Wind Farm,Reloj del Sol Wind Farm LLC,61727,TX,WSC,TRE,NAICS-22 Non-Cogen,22,WT,319868.0,2022
62220,"East Fork Wind Project, LLC",Engie North America,56201,KS,WNC,MRO,NAICS-22 Non-Cogen,22,WT,815802.0,2022
62227,"Seymour Hills Wind Project, LLC",Engie North America,56201,TX,WSC,TRE,NAICS-22 Non-Cogen,22,WT,136436.0,2022
62247,Prevailing Wind Park,AES Distributed Energy,61012,SD,WNC,MRO,NAICS-22 Non-Cogen,22,WT,916067.0,2022
62258,Mesteno,Duke Energy Renewables Services,65411,TX,WSC,TRE,NAICS-22 Non-Cogen,22,WT,431086.0,2022
62259,Ranchero Wind Farm LLC,Ranchero Wind Farm LLC,61771,TX,WSC,TRE,NAICS-22 Non-Cogen,22,WT,1075428.0,2022
62269,"Stoneray Power Partners, LLC","EDF Renewable Asset Holdings, Inc.",57170,MN,WNC,MRO,NAICS-22 Non-Cogen,22,WT,411692.0,2022
62290,Polaris Wind Park,DTE Electric Company,5109,MI,ENC,RFC,Electric Utility,22,WT,498939.0,2022
62291,"Palmer's Creek Wind Farm, LLC","Palmer's Creek Wind Farm, LLC",61815,MN,WNC,MRO,NAICS-22 Non-Cogen,22,WT,152510.0,2022
62333,"Polk County Renewables, LLC","Polk County Renewables, LLC",61845,NE,WNC,MRO,NAICS-22 Non-Cogen,22,WT,12938.0,2022
62356,Lockett Windfarm,"Lockett Windfarm, LLC",61886,TX,WSC,TRE,NAICS-22 Non-Cogen,22,WT,770939.0,2022
62364,Nobles 2 Wind Project,"Nobles 2 Power Partners, LLC",61890,MN,WNC,MRO,NAICS-22 Non-Cogen,22,WT,1091660.0,2022
62380,"Emmons-Logan Wind, LLC","Emmons-Logan Wind, LLC",61915,ND,WNC,MRO,NAICS-22 Non-Cogen,22,WT,815200.0,2022
62411,Griffin Trail Wind,"Griffin Trail Wind, LLC",61942,TX,WSC,TRE,NAICS-22 Non-Cogen,22,WT,863154.0,2022
62416,Cranell Wind Farm LLC,"RWE Renewables Americas, LLC",56215,TX,WSC,TRE,NAICS-22 Non-Cogen,22,WT,591973.0,2022
62417,Peyton Creek Wind Farm LLC,"RWE Renewables Americas, LLC",56215,TX,WSC,TRE,NAICS-22 Non-Cogen,22,WT,408107.0,2022
62431,Willow Creek Wind Power LLC,Willow Creek Wind Power LLC,61981,SD,WNC,MRO,NAICS-22 Non-Cogen,22,WT,431917.0,2022
62442,"Lake Region Community Hybrid, LLC","Lake Region Community Hybrid, LLC",61893,MN,WNC,MRO,NAICS-22 Non-Cogen,22,WT,9036.0,2022
62445,Busch Ranch II Wind Farm,Black Hills Electric Generation LLC,61973,CO,MTN,WECC,NAICS-22 Non-Cogen,22,WT,190821.0,2022
62475,Kings Point Wind Energy Center,Empire District Electric Co,5860,MO,WNC,MRO,Electric Utility,22,WT,509032.0,2022
62478,North Fork Ridge Wind Energy Center,Empire District Electric Co,5860,MO,WNC,MRO,Electric Utility,22,WT,528204.0,2022
62481,Neosho Ridge Wind Energy Center,Empire District Electric Co,5860,KS,WNC,MRO,Electric Utility,22,WT,504331.0,2022
62482,Beech Ridge II Wind Energy Center,Southern Power Co,17650,WV,SAT,RFC,NAICS-22 Non-Cogen,22,WT,133628.0,2022
62488,Prairie Queen Wind Farm,Prairie Queen Wind Farm LLC,62010,KS,WNC,MRO,NAICS-22 Non-Cogen,22,WT,622333.0,2022
62489,Crossing Trails Wind Power Project LLC.,EDP Renewables North America LLC,61785,CO,MTN,WECC,NAICS-22 Non-Cogen,22,WT,419124.0,2022
62494,Skeleton Creek Energy Center Hybrid,Skeleton Creek Energy Center,62023,OK,WSC,MRO,NAICS-22 Non-Cogen,22,WT,1024533.0,2022
62516,TB Flats,PacifiCorp,14354,WY,MTN,WECC,Electric Utility,22,WT,1488986.0,2022
62562,"High Lonesome Wind Power, LLC Hybrid","High Lonesome Wind Power, LLC",62046,TX,WSC,TRE,NAICS-22 Non-Cogen,22,WT,1206481.0,2022
62563,High Prairie Wind Farm,Union Electric Co - (MO),19436,MO,WNC,SERC,Electric Utility,22,WT,937051.0,2022
62566,Blue Summit III Wind,"Blue Summit III Wind, LLC",62063,TX,WSC,TRE,NAICS-22 Non-Cogen,22,WT,833311.0,2022
62570,Jiminy Peak Wind QF,"Jiminy Peak Mountain Resort, LLC",62069,MA,NEW,NPCC,Commercial NAICS Non-Cogen,721,WT,1.0,2022
62587,Mesquite Star,Mesquite Star LLC,62085,TX,WSC,TRE,NAICS-22 Non-Cogen,22,WT,1205876.0,2022
62591,Ekola Flats,PacifiCorp,14354,WY,MTN,WECC,Electric Utility,22,WT,805728.0,2022
62592,Headwaters Wind Farm II LLC,EDP Renewables North America LLC,61785,IN,ENC,RFC,NAICS-22 Non-Cogen,22,WT,615065.0,2022
62606,Whitney Hill Wind Power LLC,Whitney Hill Wind Power LLC,62103,IL,ENC,SERC,NAICS-22 Non-Cogen,22,WT,207602.0,2022
62618,Hidalgo Wind Farm II,Hidalgo Wind Farm II LLC,62106,TX,WSC,TRE,NAICS-22 Non-Cogen,22,WT,135102.0,2022
62620,Sage Draw Wind,"Sage Draw Wind, LLC",62113,TX,WSC,TRE,NAICS-22 Non-Cogen,22,WT,1265892.0,2022
62624,"White Cloud Wind Project, LLC","White Cloud Wind Project, LLC",62079,MO,WNC,MRO,NAICS-22 Non-Cogen,22,WT,916185.0,2022
62630,Jumbo Hill Wind Project,Engie North America,56201,TX,WSC,TRE,NAICS-22 Non-Cogen,22,WT,615073.0,2022
62642,GE-Lubbock,GE Wind Energy LLC,58270,TX,WSC,MRO,NAICS-22 Non-Cogen,22,WT,27877.0,2022
62653,Zephyr Wind Project - 2.0,OEE XXX LLC,62128,OH,ENC,RFC,Industrial NAICS Non-Cogen,332,WT,12107.0,2022
62654,Foundation Dole Fresh Vegetables,Foundation CA Fund X Manager LLC,62130,CA,PACC,WECC,NAICS-22 Non-Cogen,22,WT,5266.0,2022
62711,Plum Creek Wind Project (NE),"Plum Creek Wind, LLC",62633,NE,WNC,MRO,NAICS-22 Non-Cogen,22,WT,1008868.0,2022
62715,Wildcat Creek Wind Farm LLC,Wildcat Creek Wind Farm LLC,62635,TX,WSC,TRE,NAICS-22 Non-Cogen,22,WT,575051.0,2022
62736,Harbec Energy,Harbec Energy,62657,NY,MAT,NPCC,Industrial NAICS Cogen,326,WT,344.0,2022
62745,Wheatridge Hybrid,"Wheatridge Wind Holdings, LLC",62668,OR,PACC,WECC,NAICS-22 Non-Cogen,22,WT,518664.0,2022
62752,LafargeHolcim - Paulding Wind Project,OEE XXVIII LLC,62644,OH,ENC,RFC,Industrial NAICS Non-Cogen,32731,WT,13003.0,2022
62765,El Campo Wind,Longroad Energy Services LLC,61219,TX,WSC,TRE,NAICS-22 Non-Cogen,22,WT,862078.0,2022
62782,Pembina Land Port of Entry Wind Turbine,General Services Administration - Region 8,62645,ND,WNC,MRO,Commercial NAICS Non-Cogen,921,WT,0.0,2022
62795,Ida Grove II,MidAmerican Energy Co,12341,IA,WNC,MRO,Electric Utility,22,WT,858784.0,2022
62809,BMP Wind (TX),BMP Wind LLC,62659,TX,WSC,TRE,NAICS-22 Non-Cogen,22,WT,719597.0,2022
62815,Fairbanks Wind Park,DTE Electric Company,5109,MI,ENC,MRO,Electric Utility,22,WT,214542.0,2022
62836,Maryneal Windpower,Duke Energy Renewables Services,65411,TX,WSC,TRE,NAICS-22 Non-Cogen,22,WT,535032.0,2022
62837,Frontier Windpower II,Duke Energy Renewables Services,65411,OK,WSC,MRO,NAICS-22 Non-Cogen,22,WT,774731.0,2022
62840,"Mountain Breeze Wind, LLC","Leeward Asset Management, LLC",50123,CO,MTN,WECC,NAICS-22 Non-Cogen,22,WT,649757.0,2022
62853,Maverick Creek Wind,Algonquin Power Co,59050,TX,WSC,TRE,NAICS-22 Non-Cogen,22,WT,1183108.0,2022
62855,West Raymond Wind Farm LLC,"RWE Renewables Americas, LLC",56215,TX,WSC,TRE,NAICS-22 Non-Cogen,22,WT,799603.0,2022
62857,RoxWind,RoxWind LLC,62743,ME,NEW,NPCC,NAICS-22 Non-Cogen,22,WT,43665.0,2022
62871,Boiling Springs Wind Farm,"RWE Renewables Americas, LLC",56215,OK,WSC,MRO,NAICS-22 Non-Cogen,22,WT,650469.0,2022
62891,Rosewater Wind Farm,Rosewater Wind Farm LLC,62761,IN,ENC,RFC,NAICS-22 Non-Cogen,22,WT,334621.0,2022
62897,Holiday Hill Community Wind,Greenbacker Renewable Energy Corporation,60025,MA,NEW,NPCC,NAICS-22 Non-Cogen,22,WT,11611.0,2022
62909,"Raymond Wind Farm, LLC","RWE Renewables Americas, LLC",56215,TX,WSC,TRE,NAICS-22 Non-Cogen,22,WT,698852.0,2022
62935,"Orchard Windfarm 1, LLC","Orchard Windfarm, LLC",62758,OR,PACC,WECC,NAICS-22 Non-Cogen,22,WT,15926.0,2022
62936,Rattlesnake Flat,"Rattlesnake Flat, LLC",62778,WA,PACC,WECC,NAICS-22 Non-Cogen,22,WT,366185.0,2022
62938,Glen Ullin Energy Center,Allete Clean Energy,59496,ND,WNC,MRO,NAICS-22 Non-Cogen,22,WT,451429.0,2022
62939,South Peak Wind,Allete Clean Energy,59496,MT,MTN,WECC,NAICS-22 Non-Cogen,22,WT,308860.0,2022
62943,Deuel Harvest Wind Energy LLC,Southern Power Co,17650,SD,WNC,MRO,NAICS-22 Non-Cogen,22,WT,1148393.0,2022
62944,Timber Road IV,Paulding Wind Farm IV LLC,62796,OH,ENC,RFC,NAICS-22 Non-Cogen,22,WT,421100.0,2022
62952,Cheyenne Ridge Wind Farm,Public Service Co of Colorado,15466,CO,MTN,WECC,Electric Utility,22,WT,1954636.0,2022
62956,Thunderhead Wind Energy LLC,Invenergy Services LLC,49893,NE,WNC,MRO,NAICS-22 Non-Cogen,22,WT,200375.0,2022
63025,Clear Creek Wind,"Clear Creek Wind, LLC",62855,MO,WNC,MRO,NAICS-22 Non-Cogen,22,WT,653643.0,2022
63030,"Canadian Breaks, LLC",Canadian Breaks LLC,64495,TX,WSC,TRE,NAICS-22 Non-Cogen,22,WT,872533.0,2022
63053,Palo Alto Wind Farm,MidAmerican Energy Co,12341,IA,WNC,MRO,Electric Utility,22,WT,1631492.0,2022
63100,Prairie Hill Wind Project,Engie North America,56201,TX,WSC,TRE,NAICS-22 Non-Cogen,22,WT,692261.0,2022
63101,Las Lomas Wind Project,Engie North America,56201,TX,WSC,TRE,NAICS-22 Non-Cogen,22,WT,624088.0,2022
63102,Dakota Range III Wind Project,Engie North America,56201,SD,WNC,MRO,NAICS-22 Non-Cogen,22,WT,522883.0,2022
63103,Triple H Wind Project,Engie North America,56201,SD,WNC,MRO,NAICS-22 Non-Cogen,22,WT,1018742.0,2022
63104,King Plains Wind Project,Engie North America,56201,OK,WSC,MRO,NAICS-22 Non-Cogen,22,WT,697530.0,2022
63114,Mohave County Wind Farm,Mohave County Wind Farm,62916,AZ,MTN,WECC,NAICS-22 Non-Cogen,22,WT,1038950.0,2022
63132,Weaver Wind,Longroad Energy Services LLC,61219,ME,NEW,NPCC,NAICS-22 Non-Cogen,22,WT,223229.0,2022
63133,Roundhouse Wind Energy Project,"Roundhouse Renewable Energy, LLC",62913,WY,MTN,WECC,NAICS-22 Non-Cogen,22,WT,969526.0,2022
63205,Skookumchuck Wind Facility,Southern Power Co,17650,WA,PACC,WECC,NAICS-22 Non-Cogen,22,WT,312352.0,2022
63209,Aviator Wind,"Aviator Wind, LLC",62993,TX,WSC,TRE,NAICS-22 Non-Cogen,22,WT,1894869.0,2022
63251,"Lone Tree Wind, LLC","Leeward Asset Management, LLC",50123,IL,ENC,RFC,NAICS-22 Non-Cogen,22,WT,318431.0,2022
63258,Aurora Wind Project,"Aurora Wind Project, LLC",63021,ND,WNC,MRO,NAICS-22 Non-Cogen,22,WT,1185247.0,2022
63269,Crowned Ridge Wind II Energy Center,Northern States Power Co - Minnesota,13781,SD,WNC,MRO,Electric Utility,22,WT,883145.0,2022
63287,Cerro Gordo Wind Farm,Cerro Gordo Wind Farm,63072,IA,WNC,MRO,NAICS-22 Non-Cogen,22,WT,200300.0,2022
63327,"Diamond Spring, LLC",Allete Clean Energy,59496,OK,WSC,MRO,NAICS-22 Non-Cogen,22,WT,1031805.0,2022
63384,Bennington Wind,Minonk Stewardship Wind LLC,63139,IL,ENC,SERC,NAICS-22 Non-Cogen,22,WT,341067.0,2022
63389,"Jordan Creek Wind Farm, LLC","Jordan Creek Wind Farm, LLC",63128,IN,ENC,RFC,NAICS-22 Non-Cogen,22,WT,1362147.0,2022
63393,"Cuming County Renewables, LLC",Cuming County Renewables. LLC,63124,NE,WNC,MRO,NAICS-22 Non-Cogen,22,WT,9383.0,2022
63431,Cisco,Allete Clean Energy,59496,MN,WNC,MRO,NAICS-22 Non-Cogen,22,WT,17545.0,2022
63432,Lincoln Heights I,Allete Clean Energy,59496,MN,WNC,MRO,NAICS-22 Non-Cogen,22,WT,13037.0,2022
63433,Lincoln Heights II,Allete Clean Energy,59496,MN,WNC,MRO,NAICS-22 Non-Cogen,22,WT,9128.0,2022
63436,Corriedale Wind Energy,Black Hills Service Company LLC,56771,WY,MTN,WECC,Electric Utility,22,WT,241680.0,2022
63460,"Rock County Wind Fuel, LLC","Rock County Wind Fuel, LLC",63189,MN,WNC,MRO,NAICS-22 Non-Cogen,22,WT,22195.0,2022
63479,"Traverse Wind Project, LLC",Invenergy Services LLC,49893,OK,WSC,MRO,NAICS-22 Non-Cogen,22,WT,2283846.0,2022
63482,Point Wind,Terra-Gen Operating Co-Wind,2770,CA,PACC,WECC,NAICS-22 Non-Cogen,22,WT,206091.0,2022
63489,"Sundance Wind Project, LLC",Public Service Co of Oklahoma,15474,OK,WSC,MRO,Electric Utility,22,WT,717082.0,2022
63494,"Maverick Wind Project, LLC",Public Service Co of Oklahoma,15474,OK,WSC,TRE,Electric Utility,22,WT,939045.0,2022
63502,Oso Grande Wind Farm,Tucson Electric Power Co,24211,NM,MTN,WECC,Electric Utility,22,WT,715847.0,2022
63521,CED Mason City Wind,Consolidated Edison Development Inc.,56769,IA,WNC,MRO,NAICS-22 Non-Cogen,22,WT,35524.0,2022
63574,Atchison County Wind,Union Electric Co - (MO),19436,MO,WNC,MRO,Electric Utility,22,WT,997069.0,2022
63578,Sagamore Wind,Southwestern Public Service Co,17718,NM,MTN,MRO,Electric Utility,22,WT,2046642.0,2022
63590,Ponderosa Wind Energy Center,"Ponderosa Wind, LLC",63299,OK,WSC,MRO,NAICS-22 Non-Cogen,22,WT,948149.0,2022
63601,Isabella Wind Park,DTE Electric Company,5109,MI,ENC,RFC,Electric Utility,22,WT,779865.0,2022
63624,"La Chalupa, LLC","Acciona Energy USA Global, LLC",57416,TX,WSC,TRE,NAICS-22 Non-Cogen,22,WT,502621.0,2022
63639,Contrail Wind Farm,MidAmerican Energy Co,12341,IA,WNC,MRO,Electric Utility,22,WT,363540.0,2022
63640,Southern Hills Wind Farm,MidAmerican Energy Co,12341,IA,WNC,MRO,Electric Utility,22,WT,901730.0,2022
63641,Diamond Trail Wind Farm,MidAmerican Energy Co,12341,IA,WNC,MRO,Electric Utility,22,WT,957953.0,2022
63655,Coyote Wind LLC,"EDF Renewable Asset Holdings, Inc.",57170,TX,WSC,TRE,NAICS-22 Non-Cogen,22,WT,640017.0,2022
63666,"Bitter Ridge Wind Farm, LLC","Bitter Ridge Wind Farm, LLC",63373,IN,ENC,RFC,NAICS-22 Non-Cogen,22,WT,430644.0,2022
63686,Crescent Wind Park,Consumers Energy Co,4254,MI,ENC,RFC,Electric Utility,22,WT,392020.0,2022
63687,Gratiot Farms Wind Project,Consumers Energy Co,4254,MI,ENC,RFC,Electric Utility,22,WT,421366.0,2022
63689,Red Lake Falls Community Hybrid,Consolidated Edison Development Inc.,56769,MN,WNC,MRO,NAICS-22 Non-Cogen,22,WT,0.0,2022
63710,Golden Hill Wind,Avangrid Renewables LLC,15399,OR,PACC,WECC,NAICS-22 Non-Cogen,22,WT,409586.0,2022
63738,Helena Wind,"Helena Wind, LLC",63437,TX,WSC,TRE,NAICS-22 Non-Cogen,22,WT,385948.0,2022
63739,Las Majadas Wind Farm,"Las Majadas Wind Farm, LLC",63431,TX,WSC,TRE,NAICS-22 Non-Cogen,22,WT,923180.0,2022
63803,"Bronco Plains Wind, LLC","Bronco Plains Wind, LLC",63487,CO,MTN,WECC,NAICS-22 Non-Cogen,22,WT,1135136.0,2022
63914,Cedar Springs I,"Cedar Springs Wind, LLC",63580,WY,MTN,WECC,NAICS-22 Non-Cogen,22,WT,821141.0,2022
63915,Cedar Springs II,PacifiCorp,14354,WY,MTN,WECC,Electric Utility,22,WT,603521.0,2022
63916,Cedar Springs III,"Cedar Springs Wind III, LLC",63582,WY,MTN,WECC,NAICS-22 Non-Cogen,22,WT,568235.0,2022
63941,Oasis Alta,Terra-Gen Operating Co-Wind,2770,CA,PACC,WECC,NAICS-22 Non-Cogen,22,WT,50748.0,2022
63981,Red Cloud Wind LLC,Pattern Operators LP,56545,NM,MTN,WECC,NAICS-22 Non-Cogen,22,WT,1007153.0,2022
63988,Blooming Grove Wind Energy Center,Invenergy Services LLC,49893,IL,ENC,SERC,NAICS-22 Non-Cogen,22,WT,1001258.0,2022
64003,Iron Star Wind Project,Engie North America,56201,KS,WNC,MRO,NAICS-22 Non-Cogen,22,WT,1050280.0,2022
64047,Caddo Wind,Allete Clean Energy,59496,OK,WSC,MRO,NAICS-22 Non-Cogen,22,WT,1010872.0,2022
64051,"Orchard Windfarm 2, LLC","Orchard Windfarm, LLC",62758,OR,PACC,WECC,NAICS-22 Non-Cogen,22,WT,16796.0,2022
64052,"Orchard Windfarm 3, LLC","Orchard Windfarm, LLC",62758,OR,PACC,WECC,NAICS-22 Non-Cogen,22,WT,17019.0,2022
64053,"Orchard Windfarm 4, LLC","Orchard Windfarm, LLC",62758,OR,PACC,WECC,NAICS-22 Non-Cogen,22,WT,18047.0,2022
64054,Clines Corners Wind Farm LLC,Pattern Operators LP,56545,NM,MTN,WECC,NAICS-22 Non-Cogen,22,WT,1011778.0,2022
64057,Wheatridge 1,Portland General Electric Co,15248,OR,PACC,WECC,Electric Utility,22,WT,265061.0,2022
64065,Duran Mesa LLC,Pattern Operators LP,56545,NM,MTN,WECC,NAICS-22 Non-Cogen,22,WT,310598.0,2022
64066,Tecolote Wind LLC,Pattern Operators LP,56545,NM,MTN,WECC,NAICS-22 Non-Cogen,22,WT,770018.0,2022
64074,Cimarron Bend III,"Enel Kansas, LLC",61372,KS,WNC,MRO,NAICS-22 Non-Cogen,22,WT,818623.0,2022
64130,"REG Juhl Glenville Wind, LLC","REG Juhl Glenville Wind, LLC",63761,MN,WNC,MRO,NAICS-22 Non-Cogen,22,WT,10267.0,2022
64138,Irish Creek Wind,"Irish Creek Wind, LLC",63765,KS,WNC,MRO,NAICS-22 Non-Cogen,22,WT,1164817.0,2022
64139,"Haystack Wind Project, LLC","Haystack Wind Project, LLC",63764,NE,WNC,MRO,NAICS-22 Non-Cogen,22,WT,752911.0,2022
64149,"Western Trail Wind, LLC",Orsted Onshore North America,63773,TX,WSC,TRE,NAICS-22 Non-Cogen,22,WT,1333058.0,2022
64165,Priddy Wind Project,Engie North America,56201,TX,WSC,TRE,NAICS-22 Non-Cogen,22,WT,850921.0,2022
64172,"Rockhaven Wind Project, LLC","Rockhaven Wind Project, LLC",63783,OK,WSC,MRO,NAICS-22 Non-Cogen,22,WT,577741.0,2022
64177,CED Manchester Wind,Consolidated Edison Development Inc.,56769,IA,WNC,MRO,NAICS-22 Non-Cogen,22,WT,13188.0,2022
64178,CED Centerville Wind,Consolidated Edison Development Inc.,56769,IA,WNC,MRO,NAICS-22 Non-Cogen,22,WT,13385.0,2022
64183,Independence Wind Farm,Independence Wind Energy LLC,63802,IA,WNC,MRO,NAICS-22 Non-Cogen,22,WT,247152.0,2022
64230,Indiana Crossroads Wind Farm LLC,Indiana Crossroads Wind Farms LLC,63835,IN,ENC,RFC,NAICS-22 Non-Cogen,22,WT,841234.0,2022
64309,Soldier Creek Wind,Soldier Creek Wind LLC,63887,KS,WNC,MRO,NAICS-22 Non-Cogen,22,WT,1231201.0,2022
64323,Coachella Hills Wind,Terra-Gen Operating Co-Wind,2770,CA,PACC,WECC,NAICS-22 Non-Cogen,22,WT,173182.0,2022
64326,Summit Winds,Greenbacker Renewable Energy Corporation,60025,CA,PACC,WECC,NAICS-22 Non-Cogen,22,WT,199808.0,2022
64332,Two Dot Wind Broadview East LLC,Two Dot Wind Broadview East LLC,63903,MT,MTN,WECC,NAICS-22 Non-Cogen,22,WT,5055.0,2022
64336,"Little Blue Wind Project, LLC","Little Blue Wind Project, LLC",63956,NE,WNC,MRO,NAICS-22 Non-Cogen,22,WT,939305.0,2022
64377,Milligan 1 Wind Farm,"Milligan 1 Wind, LLC",63993,NE,WNC,MRO,NAICS-22 Non-Cogen,22,WT,1130498.0,2022
64381,"Glacier Sands Wind Power, LLC","Glacier Sands Wind Power, LLC",63995,IL,ENC,MRO,NAICS-22 Non-Cogen,22,WT,663571.0,2022
64407,Flat Ridge 3,"Flat Ridge 3 Wind Energy, LLC",64000,KS,WNC,MRO,NAICS-22 Non-Cogen,22,WT,525421.0,2022
64433,Black Rock Wind,"Black Rock Wind Force, LLC",64068,WV,SAT,RFC,NAICS-22 Non-Cogen,22,WT,267036.0,2022
64544,Ranchland Wind Project II,"Ranchland Wind Project II, LLC",64178,TX,WSC,TRE,NAICS-22 Non-Cogen,22,WT,281675.0,2022
64551,Ranchland Wind Project I,"Ranchland Wind Project I, LLC",64177,TX,WSC,TRE,NAICS-22 Non-Cogen,22,WT,236621.0,2022
64591,"El Algodon Alto Wind Farm, LLC","El Algodon Alto Wind Farm, LLC",64209,TX,WSC,TRE,NAICS-22 Non-Cogen,22,WT,404407.0,2022
64623,Freeborn Wind Farm,Northern States Power Co - Minnesota,13781,MN,WNC,MRO,Electric Utility,22,WT,789295.0,2022
64638,"Borderlands Wind, LLC","Borderlands Wind, LLC",64250,NM,MTN,WECC,NAICS-22 Non-Cogen,22,WT,237568.0,2022
64639,TG East,TG East Wind Project LLC,64251,TX,WSC,TRE,NAICS-22 Non-Cogen,22,WT,886505.0,2022
64661,Heartland Divide II,Heartland Divide II,64259,IA,WNC,MRO,NAICS-22 Non-Cogen,22,WT,579909.0,2022
64662,"Sac County Wind, LLC",Sac County Wind,64261,IA,WNC,MRO,NAICS-22 Non-Cogen,22,WT,373028.0,2022
64665,Great Prairie Wind,Great Prairie Wind LLC,64976,TX,WSC,MRO,NAICS-22 Non-Cogen,22,WT,967988.0,2022
64688,Plymouth Wind,MidAmerican Energy Co,12341,IA,WNC,MRO,Electric Utility,22,WT,827679.0,2022
64710,White Mesa Wind,"White Mesa Wind, LLC",64288,TX,WSC,TRE,NAICS-22 Non-Cogen,22,WT,1835536.0,2022
64750,Glass Sands Wind Facility,Southern Power Co,17650,OK,WSC,MRO,NAICS-22 Non-Cogen,22,WT,472270.0,2022
64872,"Panorama Wind, LLC","Leeward Asset Management, LLC",50123,CO,MTN,WECC,NAICS-22 Non-Cogen,22,WT,294058.0,2022
65048,Hubbard Wind,Hubbard Wind LLC,64468,TX,WSC,TRE,NAICS-22 Non-Cogen,22,WT,1127468.0,2022
65059,"Niyol Wind, LLC","Niyol Wind, LLC",64461,CO,MTN,WECC,NAICS-22 Non-Cogen,22,WT,874699.0,2022
65129,Jayhawk Wind Energy Center,Invenergy Services LLC,49893,KS,WNC,MRO,NAICS-22 Non-Cogen,22,WT,675827.0,2022
65143,Big Turtle Wind Farm 2,Heritage Sustainable Energy. LLC,62870,MI,ENC,RFC,NAICS-22 Non-Cogen,22,WT,110355.0,2022
65162,Lacy Creek Wind Energy Center,"Lacy Creek Wind, LLC",64533,TX,WSC,TRE,NAICS-22 Non-Cogen,22,WT,78061.0,2022
65306,Limestone Wind Project,"Limestone Wind Project, LLC",64611,TX,WSC,TRE,NAICS-22 Non-Cogen,22,WT,59874.0,2022
65316,Sapphire Sky Wind Energy LLC,Invenergy Services LLC,49893,IL,ENC,SERC,NAICS-22 Non-Cogen,22,WT,0.0,2022
65335,Appaloosa Run Wind,"Appaloosa Run Wind, LLC",64655,TX,WSC,TRE,NAICS-22 Non-Cogen,22,WT,19387.0,2022
65350,Ford County Wind Farm LLC,Ford Ridge,64683,IL,ENC,SERC,NAICS-22 Non-Cogen,22,WT,375852.0,2022
65390,"Ledyard Windpower, LLC",Duke Energy Renewables Services,65411,IA,WNC,MRO,NAICS-22 Non-Cogen,22,WT,62191.0,2022
65478,"Green Providence Wind I, LLC","Green Providence WInd I, LLC",64795,RI,NEW,NPCC,NAICS-22 Non-Cogen,22,WT,1720.0,2022
65479,"Green Providence Wind II, LLC","Green Providence Wind II, LLC",64796,RI,NEW,NPCC,NAICS-22 Non-Cogen,22,WT,2477.0,2022
65484,Western Plains Wind,"Western Plains Wind, LLC",64806,KS,WNC,MRO,Industrial NAICS Non-Cogen,325193,WT,13252.0,2022
65498,Garden 2 Solar Park,DTE Sustainable Generation,64331,MI,ENC,RFC,NAICS-22 Non-Cogen,22,WT,1158.0,2022
65577,Clearwater Wind I,Clearwater Energy Resources LLC,64896,MT,MTN,WECC,NAICS-22 Non-Cogen,22,WT,212170.0,2022
65713,Rock Aetna Power Partners,Northern States Power Co - Minnesota,13781,MN,WNC,MRO,NAICS-22 Non-Cogen,22,WT,0.0,2022
65725,Kossuth County Wind,"Kossuth County Wind, LLC",64979,IA,WNC,MRO,NAICS-22 Non-Cogen,22,WT,24463.0,2022
65737,Schumann Wind Farm,"Chopin Wind, LLC",57421,OR,PACC,WECC,NAICS-22 Non-Cogen,22,WT,3004.0,2022
65761,Buffalo Ridge Wind,"Buffalo Ridge Wind, LLC",65012,MN,WNC,MRO,NAICS-22 Non-Cogen,22,WT,47735.0,2022
65763,Young Wind,"Young Wind, LLC",65013,TX,WSC,TRE,NAICS-22 Non-Cogen,22,WT,76966.0,2022
65764,Walleye Wind,"Walleye Wind, LLC",65015,MN,WNC,MRO,NAICS-22 Non-Cogen,22,WT,29623.0,2022
66195,"SPPW1, LLC","SPPW1, LLC",65318,NE,WNC,,NAICS-22 Non-Cogen,22,WT,8370.0,2022
66283,Silver Maple,WEB Silver Maple Wind LLC,65402,ME,NEW,,NAICS-22 Non-Cogen,22,WT,14472.0,2022
99999,State-Fuel Level Increment,State-Fuel Level Increment,99999,OR,PACC,,NAICS-22 Non-Cogen,99999,WT,49833.413,2022
99999,State-Fuel Level Increment,State-Fuel Level Increment,99999,IA,WNC,,NAICS-22 Non-Cogen,99999,WT,64480.122,2022
99999,State-Fuel Level Increment,State-Fuel Level Increment,99999,HI,PACN,,NAICS-22 Non-Cogen,99999,WT,33241.867,2022
99999,State-Fuel Level Increment,State-Fuel Level Increment,99999,CT,NEW,,NAICS-22 Non-Cogen,99999,WT,1482.08,2022
99999,State-Fuel Level Increment,State-Fuel Level Increment,99999,TX,WSC,,NAICS-22 Non-Cogen,99999,WT,1132994.5,2022
99999,State-Fuel Level Increment,State-Fuel Level Increment,99999,NM,MTN,,NAICS-22 Non-Cogen,99999,WT,25483.682,2022
1,Sand Point,"Sand Point Generating, LLC",63560,AK,PACN,,Electric Utility,22,WT,51.0,2023
1,Sand Point,"Sand Point Generating, LLC",63560,AK,PACN,,Electric Utility,22,WT,183.0,2023
508,Lamar Plant,City of Lamar - (CO),10633,CO,MTN,WECC,Electric Utility,22,WT,11586.0,2023
692,Medicine Bow,SRIV Partnership LLC,62042,WY,MTN,WECC,NAICS-22 Non-Cogen,22,WT,10867.0,2023
944,Geneseo,City of Geneseo - (IL),7095,IL,ENC,MRO,Electric Utility,22,WT,5393.0,2023
1172,Osage (IA),City of Osage - (IA),14201,IA,WNC,MRO,Electric Utility,22,WT,2871.0,2023
1998,Mountain Lake,City of Mountain Lake - (MN),13048,MN,WNC,MRO,Electric Utility,22,WT,2259.0,2023
2022,Willmar,Willmar Municipal Utilities,20737,MN,WNC,MRO,Electric Utility,22,WT,3265.0,2023
2024,Worthington,City of Worthington - (MN),21013,MN,WNC,MRO,Electric Utility,22,WT,9774.0,2023
6304,Kotzebue Hybrid,Kotzebue Electric Assn Inc,10451,AK,PACN,,Electric Utility,22,WT,3435.0,2023
7381,Searsburg Wind Turbine,Green Mountain Power Corp,7601,VT,NEW,NPCC,Electric Utility,22,WT,9643.0,2023
7501,Princeton Wind Farm,Town of Princeton - (MA),15371,MA,NEW,NPCC,Electric Utility,22,WT,2763.0,2023
7526,Solano Wind,Sacramento Municipal Util Dist,16534,CA,PACC,WECC,Electric Utility,22,WT,518275.0,2023
7771,Springview,Bluestem LLC,58190,NE,WNC,MRO,NAICS-22 Non-Cogen,22,WT,7382.0,2023
7855,Moorhead Wind Turbine,City of Moorhead - (MN),12894,MN,WNC,MRO,Electric Utility,22,WT,-10328.0,2023
7886,Wind Turbine,Madison Gas & Electric Co,11479,WI,ENC,MRO,Electric Utility,22,WT,15009.0,2023
7927,Buffalo Mountain,Tennessee Valley Authority,18642,TN,ESC,SERC,Electric Utility,22,WT,0.0,2023
7936,Nine Canyon,Energy Northwest,20160,WA,PACC,WECC,Electric Utility,22,WT,194731.0,2023
7965,Salt Valley Wind Plant,Lincoln Electric System,11018,NE,WNC,MRO,Electric Utility,22,WT,2026.0,2023
7966,Iowa Distributed Wind Generation Project,City of Algona - (IA),309,IA,WNC,MRO,Electric Utility,22,WT,4347.0,2023
7974,Chamberlain Wind Project,Basin Electric Power Coop,1307,SD,WNC,MRO,Electric Utility,22,WT,0.0,2023
10005,Dinosaur Point,International Turbine Res Inc,9397,CA,PACC,WECC,NAICS-22 Non-Cogen,22,WT,7868.0,2023
10191,Tehachapi Wind Resource I,CalWind Resources Inc,2719,CA,PACC,WECC,NAICS-22 Non-Cogen,22,WT,12609.0,2023
10586,Cameron Ridge LLC,Terra-Gen Operating Co-Wind,2770,CA,PACC,WECC,NAICS-22 Non-Cogen,22,WT,125098.0,2023
10597,Ridgetop Energy LLC,Terra-Gen Operating Co-Wind,2770,CA,PACC,WECC,NAICS-22 Non-Cogen,22,WT,31064.0,2023
10718,Karen Avenue Wind Farm,San Gorgonio Farms Inc,16630,CA,PACC,WECC,NAICS-22 Non-Cogen,22,WT,29219.0,2023
10823,Deer Island Treatment Plant,Massachusetts Wtr Rauth-Deer I,11427,MA,NEW,NPCC,Commercial NAICS Cogen,22132,WT,503.91,2023
50281,San Gorgonio Farms Wind Farm,San Gorgonio Farms Inc,16630,CA,PACC,WECC,NAICS-22 Non-Cogen,22,WT,61820.0,2023
50532,Victory Garden (Tehachapi),Wind Stream Operations LLC,56899,CA,PACC,WECC,NAICS-22 Non-Cogen,22,WT,25321.0,2023
50533,Painted Hills Wind Park,Terra-Gen Operating Co-Wind,2770,CA,PACC,WECC,NAICS-22 Non-Cogen,22,WT,177258.0,2023
50536,Sky River Wind Energy Center,Sky River Wind LLC,64156,CA,PACC,WECC,NAICS-22 Non-Cogen,22,WT,201643.0,2023
50552,Salka Cabazon Wind,Salka Cabazon Wind LLC,66081,CA,PACC,WECC,NAICS-22 Non-Cogen,22,WT,6651.0,2023
50553,Edom Hills Project 1 LLC,Edom Hills Project 1 LLC,65490,CA,PACC,WECC,NAICS-22 Non-Cogen,22,WT,10787.0,2023
50690,San Gorgonio Westwinds II LLC,Terra-Gen Operating Co-Wind,2770,CA,PACC,WECC,NAICS-22 Non-Cogen,22,WT,112404.0,2023
50754,Oak Creek Energy Systems I,Terra-Gen Operating Co-Wind,2770,CA,PACC,WECC,NAICS-22 Non-Cogen,22,WT,37804.0,2023
50820,East Winds Project,Terra-Gen Operating Co-Wind,2770,CA,PACC,WECC,NAICS-22 Non-Cogen,22,WT,4704.0,2023
50821,Mojave 16/17/18,Terra-Gen Operating Co-Wind,2770,CA,PACC,WECC,NAICS-22 Non-Cogen,22,WT,53936.0,2023
52142,Mojave 3/4/5,Terra-Gen Operating Co-Wind,2770,CA,PACC,WECC,NAICS-22 Non-Cogen,22,WT,83205.0,2023
52162,85 A,Wind Wall 1 LLC,64311,CA,PACC,WECC,NAICS-22 Non-Cogen,22,WT,62927.0,2023
52163,85 B,Wind Wall 1 LLC,64311,CA,PACC,WECC,NAICS-22 Non-Cogen,22,WT,86927.0,2023
54298,Coram Energy LLC (ECT),Nextera Energy Resources,64260,CA,PACC,WECC,NAICS-22 Non-Cogen,22,WT,31951.0,2023
54299,Coram Energy LLC,Nextera Energy Resources,64260,CA,PACC,WECC,NAICS-22 Non-Cogen,22,WT,36260.0,2023
54453,EDF Renewable Windfarm V Inc,"EDF Renewable Asset Holdings, Inc.",57170,CA,PACC,WECC,NAICS-22 Non-Cogen,22,WT,21005.0,2023
54454,San Gorgonio Windplant WPP1993,"FPL Energy Operating Services, Inc.",49963,CA,PACC,WECC,NAICS-22 Non-Cogen,22,WT,204344.0,2023
54647,TPC Windfarms LLC,Terra-Gen Operating Co-Wind,2770,CA,PACC,WECC,NAICS-22 Non-Cogen,22,WT,38666.0,2023
54686,Difwind Farms Ltd VI,Terra-Gen Operating Co-Wind,2770,CA,PACC,WECC,NAICS-22 Non-Cogen,22,WT,15317.0,2023
54750,Coram Tehachapi,Nextera Energy Resources,64260,CA,PACC,WECC,NAICS-22 Non-Cogen,22,WT,4309.0,2023
54793,Storm Lake 1,ALLETE Clean Energy,59496,IA,WNC,MRO,NAICS-22 Non-Cogen,22,WT,94474.0,2023
54909,Tehachapi Wind Resource II,CalWind Resources Inc,2719,CA,PACC,WECC,NAICS-22 Non-Cogen,22,WT,42104.0,2023
54931,Ridgetop,Terra-Gen Operating Co-Wind,2770,CA,PACC,WECC,NAICS-22 Non-Cogen,22,WT,119524.0,2023
54979,Big Spring Wind Power Facility,Terra-Gen Operating Co-Wind,2770,TX,WSC,TRE,NAICS-22 Non-Cogen,22,WT,62503.0,2023
55125,Vansycle,ESI Vansycle Partners LP,6017,OR,PACC,WECC,NAICS-22 Non-Cogen,22,WT,61721.0,2023
55208,Lake Benton I,ALLETE Clean Energy,59496,MN,WNC,MRO,NAICS-22 Non-Cogen,22,WT,223149.0,2023
55265,Lake Benton II,Northern States Power Co - Minnesota,13781,MN,WNC,MRO,Electric Utility,22,WT,431374.0,2023
55287,Storm Lake II,ALLETE Clean Energy,59496,IA,WNC,MRO,NAICS-22 Non-Cogen,22,WT,125639.0,2023
55342,Woodstock Windfarm,Consolidated Edison Development Inc.,56769,MN,WNC,MRO,NAICS-22 Non-Cogen,22,WT,34939.0,2023
55353,Lakota Ridge LLC,"Lakota Ridge, LLC (Longroad)",65888,MN,WNC,MRO,NAICS-22 Non-Cogen,22,WT,13285.0,2023
55354,Shaokatan Hills LLC,"Shaokatan Hills, LLC (Longroad)",65889,MN,WNC,MRO,NAICS-22 Non-Cogen,22,WT,14882.0,2023
55368,Wethersfield Wind Farm,CHI Energy Inc,34688,NY,MAT,NPCC,NAICS-22 Non-Cogen,22,WT,0.0,2023
55396,Green Power I,FPL Energy Green Power,49750,CA,PACC,WECC,NAICS-22 Non-Cogen,22,WT,0.0,2023
55560,FPL Energy Vansycle LLC (WA),FPL Energy Vansycle LLC,6607,WA,PACC,WECC,NAICS-22 Non-Cogen,22,WT,331368.0,2023
55561,Tsar Nicholas LLC,CHI Operations Inc,54725,MN,WNC,MRO,NAICS-22 Non-Cogen,22,WT,3679.0,2023
55562,Sun River LLC,CHI Operations Inc,54725,MN,WNC,MRO,NAICS-22 Non-Cogen,22,WT,3679.0,2023
55563,Julia Hills LLC,CHI Operations Inc,54725,MN,WNC,MRO,NAICS-22 Non-Cogen,22,WT,3679.0,2023
55564,Jessica Mills LLC,CHI Operations Inc,54725,MN,WNC,MRO,NAICS-22 Non-Cogen,22,WT,3679.0,2023
55565,Jack River LLC,CHI Operations Inc,54725,MN,WNC,MRO,NAICS-22 Non-Cogen,22,WT,3679.0,2023
55566,Autumn Hills LLC,CHI Operations Inc,54725,MN,WNC,MRO,NAICS-22 Non-Cogen,22,WT,3679.0,2023
55567,Winters Spawn LLC,CHI Operations Inc,54725,MN,WNC,MRO,NAICS-22 Non-Cogen,22,WT,4768.0,2023
55568,Twin Lake Hills LLC,CHI Operations Inc,54725,MN,WNC,MRO,NAICS-22 Non-Cogen,22,WT,4768.0,2023
55569,Spartan Hills LLC,CHI Operations Inc,54725,MN,WNC,MRO,NAICS-22 Non-Cogen,22,WT,4768.0,2023
55570,Soliloquoy Ridge LLC,CHI Operations Inc,54725,MN,WNC,MRO,NAICS-22 Non-Cogen,22,WT,4768.0,2023
55571,Ruthton Ridge LLC,CHI Operations Inc,54725,MN,WNC,MRO,NAICS-22 Non-Cogen,22,WT,4768.0,2023
55572,Hope Creek LLC,CHI Operations Inc,54725,MN,WNC,MRO,NAICS-22 Non-Cogen,22,WT,4768.0,2023
55573,Hadley Ridge LLC,CHI Operations Inc,54725,MN,WNC,MRO,NAICS-22 Non-Cogen,22,WT,4768.0,2023
55574,Florence Hills LLC,CHI Operations Inc,54725,MN,WNC,MRO,NAICS-22 Non-Cogen,22,WT,4768.0,2023
55576,Agassiz Beach LLC,CHI Operations Inc,54725,MN,WNC,MRO,NAICS-22 Non-Cogen,22,WT,3225.0,2023
55579,Llano Estacado Wind Ranch,Llano Estacado Wind Ranch,62136,TX,WSC,MRO,NAICS-22 Non-Cogen,22,WT,101552.0,2023
55581,King Mountain Wind Ranch 1,FPL Energy Upton Wind LP,6354,TX,WSC,TRE,NAICS-22 Non-Cogen,22,WT,566793.0,2023
55607,Foote Creek I,PacifiCorp,14354,WY,MTN,WECC,Electric Utility,22,WT,215530.0,2023
55609,Foote Creek III,PacifiCorp,14354,WY,MTN,WECC,Electric Utility,22,WT,14560.0,2023
55610,Foote Creek IV,PacifiCorp,14354,WY,MTN,WECC,Electric Utility,22,WT,11625.0,2023
55719,Mountain View I & II,AES Distributed Energy,61012,CA,PACC,WECC,NAICS-22 Non-Cogen,22,WT,266539.0,2023
55734,Gray County Wind Energy,Gray County Wind Energy LLC,7531,KS,WNC,MRO,NAICS-22 Non-Cogen,22,WT,304298.0,2023
55739,Condon Windpower LLC,ALLETE Clean Energy,59496,OR,PACC,WECC,NAICS-22 Non-Cogen,22,WT,65459.0,2023
55740,Rock River I LLC,Shell Wind Energy Inc.,17058,WY,MTN,WECC,NAICS-22 Non-Cogen,22,WT,0.0,2023
55741,Ridge Crest Wind Partners,Terra-Gen Operating Co-Wind,2770,CO,MTN,WECC,NAICS-22 Non-Cogen,22,WT,51402.0,2023
55742,Montfort Wind Energy Center,Wisconsin Electric Power Co,20847,WI,ENC,RFC,Electric Utility,22,WT,45632.0,2023
55747,NWP Indian Mesa Wind Farm,NWP Indian Mesa Wind Farm LP,13866,TX,WSC,TRE,NAICS-22 Non-Cogen,22,WT,197819.0,2023
55769,Madison Windpower LLC,Madison Windpower LLC,49880,NY,MAT,NPCC,NAICS-22 Non-Cogen,22,WT,13511.0,2023
55782,Noble Ridge LLC,RENEW Energy Inc,56689,MN,WNC,MRO,NAICS-22 Non-Cogen,22,WT,51.0,2023
55790,Fenner Wind,CHI Energy Inc,34688,NY,MAT,NPCC,NAICS-22 Non-Cogen,22,WT,70421.0,2023
55795,Woodward Mountain II,Pecos Wind II LP,14629,TX,WSC,TRE,NAICS-22 Non-Cogen,22,WT,168804.0,2023
55796,Woodward Mountain I,Pecos Wind I LP,14628,TX,WSC,TRE,NAICS-22 Non-Cogen,22,WT,175694.0,2023
55803,Somerset Windpower LLC,"Sequitur Renewables, LLC",65240,PA,MAT,RFC,NAICS-22 Non-Cogen,22,WT,5686.0,2023
55804,"Old Gold Energy Center, LLC","Old Gold Energy Center, LLC",66075,IA,WNC,MRO,NAICS-22 Non-Cogen,22,WT,106815.0,2023
55805,Mill Run Windpower LLC,"Sequitur Renewables, LLC",65240,PA,MAT,RFC,NAICS-22 Non-Cogen,22,WT,15679.0,2023
55809,Kas Brothers Windfarm,Kas Brothers Windfarm LLC,10046,MN,WNC,MRO,NAICS-22 Non-Cogen,22,WT,2703.0,2023
55816,Hawkeye Power Partners LLC,Hawkeye Power Partners LLC,8294,IA,WNC,MRO,NAICS-22 Non-Cogen,22,WT,166092.0,2023
55871,Klondike Wind Power,Avangrid Renewables LLC,15399,OR,PACC,WECC,NAICS-22 Non-Cogen,22,WT,30923.0,2023
55944,Bay Windpower I,Crystal Flash Renewable Energy LLC dba Bay Windpower LLC,1361,MI,ENC,RFC,NAICS-22 Non-Cogen,22,WT,1042.0,2023
55968,Trent Wind Farm,Trent Wind Farm LLC,19171,TX,WSC,TRE,NAICS-22 Non-Cogen,22,WT,535533.0,2023
55986,Mountaineer Wind Energy Center,"Sequitur Renewables, LLC",65240,WV,SAT,RFC,NAICS-22 Non-Cogen,22,WT,53768.0,2023
55989,FPL Energy Vansycle LLC (OR),FPL Energy Vansycle LLC,6607,OR,PACC,WECC,NAICS-22 Non-Cogen,22,WT,230273.0,2023
55992,Desert Sky,Desert Sky Wind Farm LP,49796,TX,WSC,TRE,NAICS-22 Non-Cogen,22,WT,462294.0,2023
55995,Minot Wind Project,Basin Electric Power Coop,1307,ND,WNC,MRO,Electric Utility,22,WT,15329.0,2023
56001,Waymart Wind,"Sequitur Renewables, LLC",65240,PA,MAT,RFC,NAICS-22 Non-Cogen,22,WT,102834.0,2023
56002,Minwind,"Community Renewables, LLC",60580,MN,WNC,MRO,NAICS-22 Non-Cogen,22,WT,2640.0,2023
56010,Hancock County Wind Energy Center,"FPL Energy Hancock County Wind, LLC",6850,IA,WNC,MRO,NAICS-22 Non-Cogen,22,WT,256785.0,2023
56011,Cabazon Wind Partners,Shell Wind Energy Inc.,17058,CA,PACC,WECC,NAICS-22 Non-Cogen,22,WT,118043.0,2023
56012,Whitewater Hill Wind Partners,Shell Wind Energy Inc.,17058,CA,PACC,WECC,NAICS-22 Non-Cogen,22,WT,171911.0,2023
56052,"Meyersdale Windpower, LLC","Sequitur Renewables, LLC",65240,PA,MAT,RFC,NAICS-22 Non-Cogen,22,WT,36806.0,2023
56054,G McNeilus Wind Farm Dodge Center,Justin McNeilus,6985,MN,WNC,MRO,NAICS-22 Non-Cogen,22,WT,83066.0,2023
56075,High Winds LLC,"FPLE High Winds, LLC",8565,CA,PACC,WECC,NAICS-22 Non-Cogen,22,WT,237719.0,2023
56081,Blue Canyon Windpower,Blue Canyon Windpower LLC,1881,OK,WSC,MRO,NAICS-22 Non-Cogen,22,WT,64372.0,2023
56092,South Dakota Wind Energy Cente,FPL Energy South Dakota Wind LLC,34721,SD,WNC,MRO,NAICS-22 Non-Cogen,22,WT,80581.0,2023
56093,TransAlta Wyoming Wind,NextEra Energy Operating Services LLC,58528,WY,MTN,WECC,NAICS-22 Non-Cogen,22,WT,264554.0,2023
56094,Oklahoma Wind Energy Center,FPL Energy Oklahoma Wind LLC,34719,OK,WSC,MRO,NAICS-22 Non-Cogen,22,WT,152985.0,2023
56097,New Mexico Wind Energy Center,FPL Energy New Mexico Wind LLC,34717,NM,MTN,WECC,NAICS-22 Non-Cogen,22,WT,584363.0,2023
56099,FPL Energy North Dakota Wind I/II,FPL Energy North Dakota Wind LLC,34723,ND,WNC,MRO,NAICS-22 Non-Cogen,22,WT,135685.0,2023
56106,Kimball Wind,"Kimball Wind, LLC",61369,NE,WNC,MRO,NAICS-22 Non-Cogen,22,WT,115745.0,2023
56111,Brazos Wind Farm,Shell Wind Energy Inc.,17058,TX,WSC,TRE,NAICS-22 Non-Cogen,22,WT,82888.0,2023
56112,Mountain View III,Avangrid Renewables LLC,15399,CA,PACC,WECC,NAICS-22 Non-Cogen,22,WT,68739.0,2023
56160,"Mendota Hills, LLC","Leeward Asset Management, LLC",50123,IL,ENC,RFC,NAICS-22 Non-Cogen,22,WT,243065.0,2023
56162,Ainsworth Wind,Nebraska Public Power District,13337,NE,WNC,MRO,Electric Utility,22,WT,84688.0,2023
56172,Flying Cloud Power Partners LLC,Avangrid Renewables LLC,15399,IA,WNC,MRO,NAICS-22 Non-Cogen,22,WT,86715.0,2023
56173,Colorado Green Holdings LLC,Avangrid Renewables LLC,15399,CO,MTN,WECC,NAICS-22 Non-Cogen,22,WT,566933.0,2023
56174,Moraine Wind LLC,Avangrid Renewables LLC,15399,MN,WNC,MRO,NAICS-22 Non-Cogen,22,WT,70647.0,2023
56195,Combine Hills I,Eurus Combine Hills I LLC,49844,OR,PACC,WECC,NAICS-22 Non-Cogen,22,WT,73288.0,2023
56199,TG Windfarm LLC,TG Windfarm LLC,61141,MN,WNC,MRO,NAICS-22 Non-Cogen,22,WT,4803.0,2023
56200,CG Windfarm LLC,CG Windfarm LLC,61140,MN,WNC,MRO,NAICS-22 Non-Cogen,22,WT,2400.0,2023
56201,Bisson Windfarm LLC,Bisson Windfarm LLC,61139,MN,WNC,MRO,NAICS-22 Non-Cogen,22,WT,4803.0,2023
56202,Tofteland Windfarm LLC,Tofteland Windfarm LLC,49867,MN,WNC,MRO,NAICS-22 Non-Cogen,22,WT,4803.0,2023
56203,Westridge Windfarm LLC,Westridge Windfarm LLC,61142,MN,WNC,MRO,NAICS-22 Non-Cogen,22,WT,2402.0,2023
56204,Fey Windfarm LLC,Fey Windfarm LLC,49869,MN,WNC,MRO,NAICS-22 Non-Cogen,22,WT,5101.0,2023
56205,Windcurrent Farms LLC,Windcurrent Farms LLC,49870,MN,WNC,MRO,NAICS-22 Non-Cogen,22,WT,4921.0,2023
56206,K-Brink Windfarm LLC,"K-brink Windfarm, LLC",61120,MN,WNC,MRO,NAICS-22 Non-Cogen,22,WT,2975.0,2023
56207,DL Windy Acres LLC,Brewster,56800,MN,WNC,MRO,NAICS-22 Non-Cogen,22,WT,4998.0,2023
56208,S&P Windfarm LLC,Brewster,56800,MN,WNC,MRO,NAICS-22 Non-Cogen,22,WT,4998.0,2023
56209,Boeve Windfarm LLC,Boeve Windfarm LLC,49874,MN,WNC,MRO,NAICS-22 Non-Cogen,22,WT,4733.0,2023
56210,B&K Energy Systems LLC,Brewster,56800,MN,WNC,MRO,NAICS-22 Non-Cogen,22,WT,4998.0,2023
56211,Sweetwater Wind 1 LLC,"Leeward Asset Management, LLC",50123,TX,WSC,TRE,NAICS-22 Non-Cogen,22,WT,137616.0,2023
56212,Sweetwater Wind 2 LLC,"Leeward Asset Management, LLC",50123,TX,WSC,TRE,NAICS-22 Non-Cogen,22,WT,429530.0,2023
56225,Aeolus Wind Facility,Aeolus Wind LLC,49903,TX,WSC,MRO,NAICS-22 Non-Cogen,22,WT,0.0,2023
56226,Bowling Green Wind,"American Mun Power-Ohio, Inc",40577,OH,ENC,RFC,Electric Utility,22,WT,4596.0,2023
56240,Buffalo Gap Wind Farm,AES Distributed Energy,61012,TX,WSC,TRE,NAICS-22 Non-Cogen,22,WT,198517.0,2023
56251,Intrepid,MidAmerican Energy Co,12341,IA,WNC,MRO,Electric Utility,22,WT,531350.0,2023
56252,Century,MidAmerican Energy Co,12341,IA,WNC,MRO,Electric Utility,22,WT,570039.0,2023
56255,Hopkins Ridge Wind,Puget Sound Energy Inc,15500,WA,PACC,WECC,Electric Utility,22,WT,326031.0,2023
56270,Callahan Divide Wind Energy Center,"FPL Energy Callahan Wind, LLC",50012,TX,WSC,TRE,NAICS-22 Non-Cogen,22,WT,394733.0,2023
56271,Diablo Winds LLC,"Sequitur Renewables, LLC",65240,CA,PACC,WECC,NAICS-22 Non-Cogen,22,WT,35763.0,2023
56273,Weatherford Wind Energy Center,"FPL Energy Weatherford, LLC",50014,OK,WSC,MRO,NAICS-22 Non-Cogen,22,WT,571697.0,2023
56275,Helzel & Schwarzhoff 86,Wind Stream Operations LLC,56899,CA,PACC,WECC,NAICS-22 Non-Cogen,22,WT,2676.0,2023
56276,ZCO,Wind Stream Operations LLC,56899,CA,PACC,WECC,NAICS-22 Non-Cogen,22,WT,1115.0,2023
56290,Maple Ridge Wind Farm,"Flat Rock Windpower, LLC",54684,NY,MAT,NPCC,NAICS-22 Non-Cogen,22,WT,550823.0,2023
56291,Horse Hollow Wind Energy Center,FPL Energy Horse Hollow LLC,50063,TX,WSC,TRE,NAICS-22 Non-Cogen,22,WT,2282287.0,2023
56293,Caprock Wind Farm,"Leeward Asset Management, LLC",50123,NM,MTN,MRO,NAICS-22 Non-Cogen,22,WT,251492.0,2023
56295,Kumeyaay Wind,"Leeward Asset Management, LLC",50123,CA,PACC,WECC,NAICS-22 Non-Cogen,22,WT,145053.0,2023
56296,Trimont Area Wind Farm,Avangrid Renewables LLC,15399,MN,WNC,MRO,NAICS-22 Non-Cogen,22,WT,356380.0,2023
56297,Crescent Ridge,"Leeward Asset Management, LLC",50123,IL,ENC,RFC,NAICS-22 Non-Cogen,22,WT,203815.0,2023
56299,Wind Park Bear Creek,"Leeward Asset Management, LLC",50123,PA,MAT,RFC,NAICS-22 Non-Cogen,22,WT,52542.0,2023
56300,Jersey-Atlantic Wind Farm,"Leeward Asset Management, LLC",50123,NJ,MAT,RFC,NAICS-22 Non-Cogen,22,WT,18438.0,2023
56301,Wolverine Creek,Invenergy Services LLC,49893,ID,MTN,WECC,NAICS-22 Non-Cogen,22,WT,134704.0,2023
56302,Oasis Wind,Terra-Gen Operating Co-Wind,2770,CA,PACC,WECC,NAICS-22 Non-Cogen,22,WT,205390.0,2023
56303,Elk River Wind,Avangrid Renewables LLC,15399,KS,WNC,MRO,NAICS-22 Non-Cogen,22,WT,287834.0,2023
56304,San Juan Mesa Wind Project LLC,NRG Energy Gas & Wind Holdings Inc,59883,NM,MTN,MRO,NAICS-22 Non-Cogen,22,WT,192476.0,2023
56307,Adams Wind Farm,Consolidated Edison Development Inc.,56769,MN,WNC,MRO,NAICS-22 Non-Cogen,22,WT,29320.0,2023
56308,Fossil Gulch,Greenbacker Renewable Energy Corporation,60025,ID,MTN,WECC,NAICS-22 Non-Cogen,22,WT,24499.0,2023
56311,Sweetwater Wind 3 LLC,"Leeward Asset Management, LLC",50123,TX,WSC,TRE,NAICS-22 Non-Cogen,22,WT,425530.0,2023
56320,Spring Canyon,Invenergy Services LLC,49893,CO,MTN,WECC,NAICS-22 Non-Cogen,22,WT,139422.0,2023
56322,Wild Horse,Puget Sound Energy Inc,15500,WA,PACC,WECC,Electric Utility,22,WT,525310.0,2023
56335,Blue Canyon Windpower II,Blue Canyon Windpower II LLC,54707,OK,WSC,MRO,NAICS-22 Non-Cogen,22,WT,568497.0,2023
56336,Aragonne Wind LLC,"Leeward Asset Management, LLC",50123,NM,MTN,WECC,NAICS-22 Non-Cogen,22,WT,796655.0,2023
56337,Sweetwater Wind 4 LLC,"Leeward Asset Management, LLC",50123,TX,WSC,TRE,NAICS-22 Non-Cogen,22,WT,621401.0,2023
56338,High Trail Wind Farm LLC,High Trail Wind Farm LLC,54709,IL,ENC,RFC,NAICS-22 Non-Cogen,22,WT,504202.0,2023
56347,Cedar Ridge,Wisconsin Power & Light Co,20856,WI,ENC,MRO,Electric Utility,22,WT,161338.0,2023
56351,Spearville,Evergy Metro,10000,KS,WNC,MRO,Electric Utility,22,WT,208940.0,2023
56355,Whispering Willow Wind Farm - East,Interstate Power and Light Co,9417,IA,WNC,MRO,Electric Utility,22,WT,459373.0,2023
56357,FPL Energy Burleigh County Wind,FPL Energy Burleigh County Wind LLC,54717,ND,WNC,MRO,NAICS-22 Non-Cogen,22,WT,175373.0,2023
56359,Klondike Windpower II,Avangrid Renewables LLC,15399,OR,PACC,WECC,NAICS-22 Non-Cogen,22,WT,229173.0,2023
56360,Leaning Juniper,PacifiCorp,14354,OR,PACC,WECC,Electric Utility,22,WT,254658.0,2023
56361,Big Horn Wind Project,Avangrid Renewables LLC,15399,WA,PACC,WECC,NAICS-22 Non-Cogen,22,WT,435223.0,2023
56362,Shiloh I Wind Project,Avangrid Renewables LLC,15399,CA,PACC,WECC,NAICS-22 Non-Cogen,22,WT,418310.0,2023
56369,Casselman Wind Power Project,Avangrid Renewables LLC,15399,PA,MAT,RFC,NAICS-22 Non-Cogen,22,WT,85772.0,2023
56371,Cedar Creek Wind,"Leeward Asset Management, LLC",50123,CO,MTN,WECC,NAICS-22 Non-Cogen,22,WT,585554.0,2023
56372,Sweetwater Wind 5,"Leeward Asset Management, LLC",50123,TX,WSC,TRE,NAICS-22 Non-Cogen,22,WT,165238.0,2023
56376,Pike County Wind Power,Illinois Rural Electric Coop,9209,IL,ENC,SERC,Electric Utility,22,WT,1660.0,2023
56377,Judith Gap Wind Energy Center,Invenergy Services LLC,49893,MT,MTN,WECC,NAICS-22 Non-Cogen,22,WT,409029.0,2023
56378,Pakini Nui Wind Farm,Apollo Energy Corp,794,HI,PACN,,NAICS-22 Non-Cogen,22,WT,102984.0,2023
56379,Victory Wind Farm,MidAmerican Energy Co,12341,IA,WNC,MRO,Electric Utility,22,WT,375209.0,2023
56380,Centennial Wind Farm,Oklahoma Gas & Electric Co,14063,OK,WSC,MRO,Electric Utility,22,WT,164224.0,2023
56383,Northern Iowa Windpower II,Avangrid Renewables LLC,15399,IA,WNC,MRO,NAICS-22 Non-Cogen,22,WT,129080.0,2023
56386,Top of Iowa Windfarm III,Madison Gas & Electric Co,11479,IA,WNC,MRO,Electric Utility,22,WT,40525.0,2023
56391,Blue Sky Green Field Wind Project,Wisconsin Electric Power Co,20847,WI,ENC,RFC,Electric Utility,22,WT,295302.0,2023
56392,FPL Energy Oliver Wind I LLC,FPL Energy Oliver County Wind,55696,ND,WNC,MRO,NAICS-22 Non-Cogen,22,WT,171530.0,2023
56394,Forest Creek Wind Farm LLC,"RWE Renewables Americas, LLC",56215,TX,WSC,TRE,NAICS-22 Non-Cogen,22,WT,225448.0,2023
56395,Mesquite Wind Power LLC,Mesquite Wind LLC,54759,TX,WSC,TRE,NAICS-22 Non-Cogen,22,WT,425996.0,2023
56399,Lempster Wind LLC,Avangrid Renewables LLC,15399,NH,NEW,NPCC,NAICS-22 Non-Cogen,22,WT,55623.0,2023
56408,Agriwind,"Agriwind Holdings, LLC",65300,IL,ENC,RFC,NAICS-22 Non-Cogen,22,WT,5426.0,2023
56409,Stahl Wind Energy,"Stahl Wind Energy, LLC (Longroad)",65897,MN,WNC,MRO,NAICS-22 Non-Cogen,22,WT,20.0,2023
56410,Carstensen Wind,"Carstensen Wind, LLC (Longroad)",65898,MN,WNC,MRO,NAICS-22 Non-Cogen,22,WT,4224.0,2023
56411,Northern Lights Wind LLC,Northern Lights Wind LLC (Longroad),65899,MN,WNC,MRO,NAICS-22 Non-Cogen,22,WT,157.0,2023
56412,Lucky Wind,"Lucky Wind, LLC (Longroad)",65909,MN,WNC,MRO,NAICS-22 Non-Cogen,22,WT,576.0,2023
56413,Greenback Energy,"Greenback Energy, LLC (Longroad)",65907,MN,WNC,MRO,NAICS-22 Non-Cogen,22,WT,4409.0,2023
56414,Redwood Falls Wind,Southern Minnesota Mun P Agny,40580,MN,WNC,MRO,Electric Utility,22,WT,7378.0,2023
56415,Fairmont Wind,Southern Minnesota Mun P Agny,40580,MN,WNC,MRO,Electric Utility,22,WT,11886.0,2023
56416,Michigan Wind 1,"Michigan Wind 1, LLC",54800,MI,ENC,RFC,NAICS-22 Non-Cogen,22,WT,131860.0,2023
56424,Mower County Wind Energy Center,Northern States Power Co - Minnesota,13781,MN,WNC,MRO,Electric Utility,22,WT,315977.0,2023
56432,Wildorado Wind LLC,"Wildorado Wind, LLC",64668,TX,WSC,MRO,NAICS-22 Non-Cogen,22,WT,643228.0,2023
56433,Pine Tree Wind Power Project,Los Angeles Department of Water & Power,11208,CA,PACC,WECC,Electric Utility,22,WT,61007.0,2023
56434,Burley Butte Windpark,Idaho Wind Partners 1 LLC,56592,ID,MTN,WECC,NAICS-22 Non-Cogen,22,WT,49479.0,2023
56435,Golden Valley Wind Park LLC,Idaho Wind Partners 1 LLC,56592,ID,MTN,WECC,NAICS-22 Non-Cogen,22,WT,27828.0,2023
56437,Milner Dam Wind Park LLC,Idaho Wind Partners 1 LLC,56592,ID,MTN,WECC,NAICS-22 Non-Cogen,22,WT,46644.0,2023
56439,Oregon Trail Wind Park,Idaho Wind Partners 1 LLC,56592,ID,MTN,WECC,NAICS-22 Non-Cogen,22,WT,34577.0,2023
56440,Pilgrim Stage Wind Park,Idaho Wind Partners 1 LLC,56592,ID,MTN,WECC,NAICS-22 Non-Cogen,22,WT,31798.0,2023
56441,Salmon Falls Wind Park,Idaho Wind Partners 1 LLC,56592,ID,MTN,WECC,NAICS-22 Non-Cogen,22,WT,57228.0,2023
56442,Thousand Springs Wind Park,Idaho Wind Partners 1 LLC,56592,ID,MTN,WECC,NAICS-22 Non-Cogen,22,WT,32225.0,2023
56443,Tuana Gulch Wind Park,Idaho Wind Partners 1 LLC,56592,ID,MTN,WECC,NAICS-22 Non-Cogen,22,WT,28820.0,2023
56446,Buena Vista Energy LLC,"Leeward Asset Management, LLC",50123,CA,PACC,WECC,NAICS-22 Non-Cogen,22,WT,90890.0,2023
56448,Mars Hill Wind Farm Project,"Evergreen Wind, LLC",59155,ME,NEW,NPCC,NAICS-22 Non-Cogen,22,WT,104817.0,2023
56449,Kaheawa Pastures Wind Farm Hybrid,"Evergreen Wind, LLC",59155,HI,PACN,,NAICS-22 Non-Cogen,22,WT,86728.0,2023
56450,GSG LLC,"Leeward Asset Management, LLC",50123,IL,ENC,RFC,NAICS-22 Non-Cogen,22,WT,92470.0,2023
56451,Allegheny Ridge Wind Farm,"Leeward Asset Management, LLC",50123,PA,MAT,RFC,NAICS-22 Non-Cogen,22,WT,178172.0,2023
56457,Post Wind Farm LP,FPL Energy Red Canyon LLC,54870,TX,WSC,TRE,NAICS-22 Non-Cogen,22,WT,311742.0,2023
56459,MinnDakota Wind LLC,Avangrid Renewables LLC,15399,MN,WNC,MRO,NAICS-22 Non-Cogen,22,WT,294054.0,2023
56460,Twin Buttes Wind Project,Avangrid Renewables LLC,15399,CO,MTN,WECC,NAICS-22 Non-Cogen,22,WT,218989.0,2023
56466,Marengo Wind Plant,PacifiCorp,14354,WA,PACC,WECC,Electric Utility,22,WT,560568.0,2023
56468,Klondike Windpower III,Avangrid Renewables LLC,15399,OR,PACC,WECC,NAICS-22 Non-Cogen,22,WT,683995.0,2023
56470,Locust Ridge,Avangrid Renewables LLC,15399,PA,MAT,RFC,NAICS-22 Non-Cogen,22,WT,54545.0,2023
56479,Sand Bluff Wind Farm,"RWE Renewables Americas, LLC",56215,TX,WSC,TRE,NAICS-22 Non-Cogen,22,WT,313278.0,2023
56483,Post Oak Wind LLC,Mesquite Wind LLC,54759,TX,WSC,TRE,NAICS-22 Non-Cogen,22,WT,428531.0,2023
56484,Buffalo Gap 2 Wind Farm,AES Distributed Energy,61012,TX,WSC,TRE,NAICS-22 Non-Cogen,22,WT,424857.0,2023
56485,Biglow Canyon Wind Farm,Portland General Electric Co,15248,OR,PACC,WECC,Electric Utility,22,WT,934539.0,2023
56487,White Creek Wind Farm,White Creek Wind 1 LLC,55907,WA,PACC,WECC,NAICS-22 Non-Cogen,22,WT,446776.0,2023
56488,Smoky Hills Wind Project Phase I,Smoky Hills Wind Farm I LLC,55886,KS,WNC,MRO,NAICS-22 Non-Cogen,22,WT,271996.0,2023
56493,Buffalo Mountain Energy Center,Invenergy Services LLC,49893,TN,ESC,SERC,NAICS-22 Non-Cogen,22,WT,16213.0,2023
56494,Prairie Star Wind Farm,High Prairie Wind Farm II LLC,54904,MN,WNC,MRO,NAICS-22 Non-Cogen,22,WT,259146.0,2023
56495,NedPower Mount Storm,Clearway Energy Operating LLC,64536,WV,SAT,RFC,NAICS-22 Non-Cogen,22,WT,573187.0,2023
56501,Pomeroy Wind Farm,MidAmerican Energy Co,12341,IA,WNC,MRO,Electric Utility,22,WT,964051.0,2023
56506,Scurry County Wind LP,Invenergy Services LLC,49893,TX,WSC,TRE,NAICS-22 Non-Cogen,22,WT,233622.0,2023
56536,Cow Branch,"Cow Branch Wind Power, LLC",55734,MO,WNC,SERC,NAICS-22 Non-Cogen,22,WT,92300.0,2023
56537,Conception,"CR Clearing, LLC",55735,MO,WNC,SERC,NAICS-22 Non-Cogen,22,WT,97290.0,2023
56538,Loess Hills,Loess Hills Wind Farm LLC,55736,MO,WNC,SERC,NAICS-22 Non-Cogen,22,WT,6306.0,2023
56543,Eastridge Wind Project,Eastridge Wind Project,62005,MN,WNC,MRO,NAICS-22 Non-Cogen,22,WT,19987.0,2023
56544,Windom Wind Project,Midwest Power Partners LLC,60661,MN,WNC,MRO,NAICS-22 Non-Cogen,22,WT,32893.0,2023
56555,Bluegrass Ridge,"Wind Capital Holdings, LLC",55737,MO,WNC,SERC,NAICS-22 Non-Cogen,22,WT,96486.0,2023
56560,Porterhouse Wind (4) LLC,UPC Power Solutions,65983,TX,WSC,MRO,NAICS-22 Non-Cogen,22,WT,10474.0,2023
56561,Filet Wind (5) LLC,UPC Power Solutions,65983,TX,WSC,MRO,NAICS-22 Non-Cogen,22,WT,1648.0,2023
56562,Tenderloin Wind (6) LLC,UPC Power Solutions,65983,TX,WSC,MRO,NAICS-22 Non-Cogen,22,WT,2559.0,2023
56563,Peetz Table Wind Energy,FPL Peetz Table Wind Energy,55785,CO,MTN,WECC,NAICS-22 Non-Cogen,22,WT,653181.0,2023
56570,Terra-Gen VG Wind LLC,Terra-Gen Operating Co-Wind,2770,CA,PACC,WECC,NAICS-22 Non-Cogen,22,WT,4838.0,2023
56573,FPL Energy Oliver Wind II LLC,FPL Energy Oliver County Wind II LLC,54799,ND,WNC,MRO,NAICS-22 Non-Cogen,22,WT,179943.0,2023
56575,Steel Winds Wind Farm,"Evergreen Wind, LLC",59155,NY,MAT,NPCC,NAICS-22 Non-Cogen,22,WT,59530.0,2023
56577,Shane's Wind Machine,Shane's Wind Machine LLC,55832,MN,WNC,MRO,NAICS-22 Non-Cogen,22,WT,4967.0,2023
56580,Blue Breezes LLC,Midwest Power Partners LLC,60661,MN,WNC,MRO,NAICS-22 Non-Cogen,22,WT,418.0,2023
56581,Blue Breezes II LLC,Midwest Power Partners LLC,60661,MN,WNC,MRO,NAICS-22 Non-Cogen,22,WT,418.0,2023
56586,Sunset Breeze LLC,Midwest Power Partners LLC,60661,MN,WNC,MRO,NAICS-22 Non-Cogen,22,WT,2700.0,2023
56587,Minnesota Breeze LLC,Midwest Power Partners LLC,60661,MN,WNC,MRO,NAICS-22 Non-Cogen,22,WT,2700.0,2023
56588,G Flow Wind LLC,Midwest Power Partners LLC,60661,MN,WNC,MRO,NAICS-22 Non-Cogen,22,WT,2700.0,2023
56589,Wolf Wind Enterprises LLC,Midwest Power Partners LLC,60661,MN,WNC,MRO,NAICS-22 Non-Cogen,22,WT,2700.0,2023
56590,Green Acres Breeze LLC,Midwest Power Partners LLC,60661,MN,WNC,MRO,NAICS-22 Non-Cogen,22,WT,2700.0,2023
56591,Horseshoe Bend Wind Park,"Cycle Holdings, LLC",61185,MT,MTN,WECC,NAICS-22 Non-Cogen,22,WT,29424.0,2023
56592,Champion Wind Farm LLC,"RWE Renewables Americas, LLC",56215,TX,WSC,TRE,NAICS-22 Non-Cogen,22,WT,306785.0,2023
56593,Roscoe Wind Farm LLC,"RWE Renewables Americas, LLC",56215,TX,WSC,TRE,NAICS-22 Non-Cogen,22,WT,454251.0,2023
56594,Munnsville Wind Farm LLC,"RWE Renewables Americas, LLC",56215,NY,MAT,NPCC,NAICS-22 Non-Cogen,22,WT,75721.0,2023
56605,"Langdon Renewables, LLC",FPL Energy Langdon Wind LLC,55799,ND,WNC,MRO,NAICS-22 Non-Cogen,22,WT,455571.0,2023
56607,Prairie Winds ND1,Basin Electric Power Coop,1307,ND,WNC,MRO,Electric Utility,22,WT,328176.0,2023
56608,Prairie Winds SD1,Basin Electric Power Coop,1307,SD,WNC,MRO,Electric Utility,22,WT,343717.0,2023
56613,Logan Wind Energy,Logan Wind Energy LLC,55862,CO,MTN,WECC,NAICS-22 Non-Cogen,22,WT,496100.0,2023
56614,Old Trail Wind Farm,Old Trail Wind Farm LLC,55866,IL,ENC,RFC,NAICS-22 Non-Cogen,22,WT,520235.0,2023
56617,Fenton Wind Farm,"EDF Renewable Asset Holdings, Inc.",57170,MN,WNC,MRO,NAICS-22 Non-Cogen,22,WT,312297.0,2023
56618,Clinton,"Valcour Operating Services, LLC",63858,NY,MAT,NPCC,NAICS-22 Non-Cogen,22,WT,123054.0,2023
56619,Ellenburg,"Valcour Operating Services, LLC",63858,NY,MAT,NPCC,NAICS-22 Non-Cogen,22,WT,111253.0,2023
56620,Bliss,"Valcour Operating Services, LLC",63858,NY,MAT,NPCC,NAICS-22 Non-Cogen,22,WT,160779.0,2023
56621,Sleeping Bear LLC,NRG Energy Gas & Wind Holdings Inc,59883,OK,WSC,MRO,NAICS-22 Non-Cogen,22,WT,75357.0,2023
56622,Providence Heights Wind LLC,Avangrid Renewables LLC,15399,IL,ENC,RFC,NAICS-22 Non-Cogen,22,WT,148132.0,2023
56623,Elkhorn Valley Wind Farm,Telocaset Wind Power Partners,55880,OR,PACC,WECC,NAICS-22 Non-Cogen,22,WT,312303.0,2023
56626,"Ewington Energy Systems, LLC","Ewington Energy Systems, LLC",57158,MN,WNC,MRO,NAICS-22 Non-Cogen,22,WT,88274.0,2023
56630,Taconite Ridge 1 Wind Energy Center,"ALLETE, Inc.",12647,MN,WNC,MRO,Electric Utility,22,WT,47361.0,2023
56633,Dutch Hill Wind Project,"Evergreen Wind, LLC",59155,NY,MAT,NPCC,NAICS-22 Non-Cogen,22,WT,79452.0,2023
56634,Cohocton Wind Project,"Evergreen Wind, LLC",59155,NY,MAT,NPCC,NAICS-22 Non-Cogen,22,WT,185388.0,2023
56635,Harvest,"Harvest Windfarm, LLC",55873,MI,ENC,RFC,NAICS-22 Non-Cogen,22,WT,101901.0,2023
56636,Mountain Home,"Hot Springs Windfarm, LLC",55891,ID,MTN,WECC,NAICS-22 Non-Cogen,22,WT,34676.0,2023
56637,Bennett Creek Windfarm LLC - Mountain Home,Bennett Creek Windfarm LLC,55890,ID,MTN,WECC,NAICS-22 Non-Cogen,22,WT,38297.0,2023
56638,Buffalo Gap 3 Wind Farm,AES Distributed Energy,61012,TX,WSC,TRE,NAICS-22 Non-Cogen,22,WT,292130.0,2023
56640,Camp Grove Wind Farm,Orion Energy Group LLC,55931,IL,ENC,RFC,NAICS-22 Non-Cogen,22,WT,363528.0,2023
56644,Stanton Wind Energy LLC,Invenergy Services LLC,49893,TX,WSC,TRE,NAICS-22 Non-Cogen,22,WT,263672.0,2023
56645,Osceola Windpower LLC,Osceola Windpower LLC,55901,IA,WNC,MRO,NAICS-22 Non-Cogen,22,WT,391287.0,2023
56647,Butler Ridge,Butler Ridge Wind Energy Center,56484,WI,ENC,MRO,NAICS-22 Non-Cogen,22,WT,134105.0,2023
56648,Majestic 1 Wind Farm,NextEra Energy Majestic Wind,58353,TX,WSC,MRO,NAICS-22 Non-Cogen,22,WT,345071.0,2023
56649,South Trent Wind Farm,NRG Energy Inc,55397,TX,WSC,TRE,NAICS-22 Non-Cogen,22,WT,264783.0,2023
56650,Wessington Springs,Wessington Wind,59102,SD,WNC,MRO,NAICS-22 Non-Cogen,22,WT,207085.0,2023
56651,North Allegheny Windpower Project,Duke Energy Renewables Services,65411,PA,MAT,RFC,NAICS-22 Non-Cogen,22,WT,72841.0,2023
56654,Hatchet Ridge Wind Project,Pattern Operators LP,56545,CA,PACC,WECC,NAICS-22 Non-Cogen,22,WT,248469.0,2023
56659,Michigan Wind 2,"Michigan Wind 2, LLC",56951,MI,ENC,RFC,NAICS-22 Non-Cogen,22,WT,303852.0,2023
56661,Pattern Gulf Wind,Pattern Operators LP,56545,TX,WSC,TRE,NAICS-22 Non-Cogen,22,WT,767452.0,2023
56665,Dempsey Ridge Wind Farm,Acciona Wind Energy USA LLC,55918,OK,WSC,MRO,NAICS-22 Non-Cogen,22,WT,187808.0,2023
56666,Goodnoe Hills,PacifiCorp,14354,WA,PACC,WECC,Electric Utility,22,WT,223909.0,2023
56669,Tatanka Wind Power LLC,Acciona Wind Energy USA LLC,55918,ND,WNC,MRO,NAICS-22 Non-Cogen,22,WT,290278.0,2023
56670,Velva Windfarm LLC,Acciona Wind Energy USA LLC,55918,ND,WNC,MRO,NAICS-22 Non-Cogen,22,WT,23952.0,2023
56673,Whirlwind Energy Center,Whirlwind Energy LLC,55922,TX,WSC,TRE,NAICS-22 Non-Cogen,22,WT,83929.0,2023
56677,Charles City Wind Farm,MidAmerican Energy Co,12341,IA,WNC,MRO,Electric Utility,22,WT,258290.0,2023
56679,Benton County Wind Farm,Orion Energy Group LLC,55931,IN,ENC,RFC,NAICS-22 Non-Cogen,22,WT,327530.0,2023
56699,Forward Windpower LLC,"Forward Windpower, LLC",64632,PA,MAT,RFC,NAICS-22 Non-Cogen,22,WT,44308.0,2023
56700,Lookout Windpower LLC,"Lookout Windpower, LLC",64650,PA,MAT,RFC,NAICS-22 Non-Cogen,22,WT,86810.0,2023
56702,Tuolumne Wind Project,Turlock Irrigation District,19281,WA,PACC,WECC,Electric Utility,22,WT,329753.0,2023
56750,Jeffers Wind 20 LLC,Northern States Power Co - Minnesota,13781,MN,WNC,MRO,Electric Utility,22,WT,192004.0,2023
56751,Spanish Fork Wind Park 2 LLC,"Spanish Fork Wind Park 2, LLC",64661,UT,MTN,WECC,NAICS-22 Non-Cogen,22,WT,45040.0,2023
56752,Mountain Wind Power LLC,Mountain Wind Power LLC,64651,WY,MTN,WECC,NAICS-22 Non-Cogen,22,WT,126559.0,2023
56753,Mountain Wind Power II LLC,Mountain Wind Power II LLC,64652,WY,MTN,WECC,NAICS-22 Non-Cogen,22,WT,140786.0,2023
56754,Goat Wind LP,Goat Wind LP,64644,TX,WSC,TRE,NAICS-22 Non-Cogen,22,WT,245727.0,2023
56755,Odin Wind Farm LLC,NRG Energy Gas & Wind Holdings Inc,59883,MN,WNC,MRO,NAICS-22 Non-Cogen,22,WT,34202.0,2023
56763,Capricorn Ridge Wind LLC,Capricorn Ridge Wind LLC,55958,TX,WSC,TRE,NAICS-22 Non-Cogen,22,WT,2009860.0,2023
56764,Winnebago Wind Power Project,Avangrid Renewables LLC,15399,IA,WNC,MRO,NAICS-22 Non-Cogen,22,WT,52371.0,2023
56765,Barton Windpower LLC,Avangrid Renewables LLC,15399,IA,WNC,MRO,NAICS-22 Non-Cogen,22,WT,349665.0,2023
56767,Farmers City Wind LLC,Avangrid Renewables LLC,15399,MO,WNC,SERC,NAICS-22 Non-Cogen,22,WT,239921.0,2023
56770,Locust Ridge II LLC,Avangrid Renewables LLC,15399,PA,MAT,RFC,NAICS-22 Non-Cogen,22,WT,187773.0,2023
56771,Silver Star I Wind Power Project,Silver Star I Power Partners LLC,62076,TX,WSC,TRE,NAICS-22 Non-Cogen,22,WT,186077.0,2023
56773,McAdoo Wind Energy LLC,Invenergy Services LLC,49893,TX,WSC,TRE,NAICS-22 Non-Cogen,22,WT,395083.0,2023
56774,Turkey Track Wind Energy LLC,Invenergy Services LLC,49893,TX,WSC,TRE,NAICS-22 Non-Cogen,22,WT,345722.0,2023
56775,Scurry County Wind II,Invenergy Services LLC,49893,TX,WSC,TRE,NAICS-22 Non-Cogen,22,WT,201085.0,2023
56776,Gunsight Mountain Wind Energy LLC,Invenergy Services LLC,49893,TX,WSC,TRE,NAICS-22 Non-Cogen,22,WT,429549.0,2023
56777,Fowler Ridge Wind Farm LLC,AE Power Services LLC,55963,IN,ENC,RFC,NAICS-22 Non-Cogen,22,WT,1183955.0,2023
56782,Diamond Willow Wind Facility,Montana-Dakota Utilities Co,12199,MT,MTN,MRO,Electric Utility,22,WT,82092.0,2023
56783,Elbow Creek Wind Project LLC,Elbow Creek Wind Project LLC,55981,TX,WSC,TRE,NAICS-22 Non-Cogen,22,WT,390744.0,2023
56784,Cloud County Wind Farm,"Cloud County Windfarm, LLC",55990,KS,WNC,MRO,NAICS-22 Non-Cogen,22,WT,355630.0,2023
56789,Pebble Springs Wind LLC,Avangrid Renewables LLC,15399,OR,PACC,WECC,NAICS-22 Non-Cogen,22,WT,190457.0,2023
56790,Hay Canyon Wind Power LLC,Avangrid Renewables LLC,15399,OR,PACC,WECC,NAICS-22 Non-Cogen,22,WT,175415.0,2023
56791,Dillon Wind LLC,Avangrid Renewables LLC,15399,CA,PACC,WECC,NAICS-22 Non-Cogen,22,WT,151356.0,2023
56792,Buffalo Ridge I LLC,Avangrid Renewables LLC,15399,SD,WNC,MRO,NAICS-22 Non-Cogen,22,WT,94481.0,2023
56793,Elm Creek Wind LLC,Avangrid Renewables LLC,15399,MN,WNC,MRO,NAICS-22 Non-Cogen,22,WT,208904.0,2023
56794,Moraine II Wind LLC,Avangrid Renewables LLC,15399,MN,WNC,MRO,NAICS-22 Non-Cogen,22,WT,77978.0,2023
56795,Penascal Wind Power LLC,Avangrid Renewables LLC,15399,TX,WSC,TRE,NAICS-22 Non-Cogen,22,WT,360168.0,2023
56796,South Chestnut LLC,Avangrid Renewables LLC,15399,PA,MAT,RFC,NAICS-22 Non-Cogen,22,WT,95790.0,2023
56797,Pioneer Prairie Wind Farm,"Pioneer Prairie Wind Farm I, LLC",55992,IA,WNC,MRO,NAICS-22 Non-Cogen,22,WT,759693.0,2023
56800,Hull Wind II,Hull Municipal Light Plant,8797,MA,NEW,NPCC,Electric Utility,22,WT,1098.0,2023
56804,Red Hills Wind Project LLC,Acciona Wind Energy USA LLC,55918,OK,WSC,MRO,NAICS-22 Non-Cogen,22,WT,151978.0,2023
56805,EcoGrove Wind LLC,Acciona Wind Energy USA LLC,55918,IL,ENC,RFC,NAICS-22 Non-Cogen,22,WT,231827.0,2023
56809,Carroll Wind Farm,MidAmerican Energy Co,12341,IA,WNC,MRO,Electric Utility,22,WT,548830.0,2023
56810,Adair Wind Farm,MidAmerican Energy Co,12341,IA,WNC,MRO,Electric Utility,22,WT,518014.0,2023
56811,Walnut Wind Farm,MidAmerican Energy Co,12341,IA,WNC,MRO,Electric Utility,22,WT,538067.0,2023
56818,Central Plains Wind Farm,"Evergy Kansas Central, Inc",22500,KS,WNC,MRO,Electric Utility,22,WT,129740.0,2023
56819,Flat Ridge Wind Farm,"Evergy Kansas Central, Inc",22500,KS,WNC,MRO,Electric Utility,22,WT,45109.0,2023
56823,Hackberry Wind Farm,Hackberry Wind LLC,56033,TX,WSC,TRE,NAICS-22 Non-Cogen,22,WT,352376.0,2023
56824,Marshall Wind 2 LLC,"Marshall Wind Farm, LLC",63166,MN,WNC,MRO,NAICS-22 Non-Cogen,22,WT,5180.0,2023
56825,Marshall Wind 3 LLC,"Marshall Wind Farm, LLC",63166,MN,WNC,MRO,NAICS-22 Non-Cogen,22,WT,5778.0,2023
56826,Marshall Wind 4 LLC,"Marshall Wind Farm, LLC",63166,MN,WNC,MRO,NAICS-22 Non-Cogen,22,WT,5697.0,2023
56827,Marshall Wind 5 LLC,"Marshall Wind Farm, LLC",63166,MN,WNC,MRO,NAICS-22 Non-Cogen,22,WT,985.0,2023
56828,Marshall Wind 6 LLC,"Marshall Wind Farm, LLC",63166,MN,WNC,MRO,NAICS-22 Non-Cogen,22,WT,3319.0,2023
56829,Kibby Wind Facility,"Helix Maine Wind Development, LLC",61191,ME,NEW,NPCC,NAICS-22 Non-Cogen,22,WT,269493.0,2023
56831,Crane Creek Wind Energy Center,Wisconsin Public Service Corp,20860,IA,WNC,MRO,Electric Utility,22,WT,282210.0,2023
56835,Ribeye Wind (11) LLC,UPC Power Solutions,65983,TX,WSC,MRO,NAICS-22 Non-Cogen,22,WT,3868.0,2023
56836,T-Bone Wind (10) LLC,UPC Power Solutions,65983,TX,WSC,MRO,NAICS-22 Non-Cogen,22,WT,4085.0,2023
56837,Tri-Tip Wind (9) LLC,UPC Power Solutions,65983,TX,WSC,MRO,NAICS-22 Non-Cogen,22,WT,8226.0,2023
56838,Brisket Wind (8) LLC,UPC Power Solutions,65983,TX,WSC,MRO,NAICS-22 Non-Cogen,22,WT,3695.0,2023
56839,Flat Iron Wind (7) LLC,UPC Power Solutions,65983,TX,WSC,MRO,NAICS-22 Non-Cogen,22,WT,2053.0,2023
56840,Marshall Wind 1 LLC,"Marshall Wind Farm, LLC",63166,MN,WNC,MRO,NAICS-22 Non-Cogen,22,WT,2623.0,2023
56841,Glenrock,PacifiCorp,14354,WY,MTN,WECC,Electric Utility,22,WT,314065.0,2023
56842,Rolling Hills,PacifiCorp,14354,WY,MTN,WECC,Electric Utility,22,WT,187786.0,2023
56843,Seven Mile Hill,PacifiCorp,14354,WY,MTN,WECC,Electric Utility,22,WT,463160.0,2023
56854,Wheat Field Wind Power Project,Wheat Field Wind Power Project LLC,56073,OR,PACC,WECC,NAICS-22 Non-Cogen,22,WT,190777.0,2023
56855,Arlington Wind Power Project,Arlington Wind Power Project LLC,56074,OR,PACC,WECC,NAICS-22 Non-Cogen,22,WT,177834.0,2023
56856,Rail Splitter Wind Farm,Rail Splitter Wind Farm LLC,56075,IL,ENC,SERC,NAICS-22 Non-Cogen,22,WT,255871.0,2023
56857,Marble River Wind Farm,"Marble River, LLC",56072,NY,MAT,NPCC,NAICS-22 Non-Cogen,22,WT,384115.0,2023
56858,Sagebrush Power Partners,"Sagebrush Power Partners, LLC",56071,WA,PACC,WECC,NAICS-22 Non-Cogen,22,WT,254973.0,2023
56859,Crosswind Energy Project,Junction Hilltop Management LLC,58439,IA,WNC,MRO,NAICS-22 Non-Cogen,22,WT,57834.0,2023
56860,Hardin Hilltop Wind LLC,Junction Hilltop Management LLC,58439,IA,WNC,MRO,NAICS-22 Non-Cogen,22,WT,34737.0,2023
56874,Shiloh Wind Project 2 LLC,"EDF Renewable Asset Holdings, Inc.",57170,CA,PACC,WECC,NAICS-22 Non-Cogen,22,WT,431672.0,2023
56876,Wapsipinicon Wind Project,"EDF Renewable Asset Holdings, Inc.",57170,MN,WNC,MRO,NAICS-22 Non-Cogen,22,WT,217020.0,2023
56878,Hoosier Wind Project LLC,"EDF Renewable Asset Holdings, Inc.",57170,IN,ENC,RFC,NAICS-22 Non-Cogen,22,WT,207844.0,2023
56879,Flat Ridge Wind Energy LLC,AE Power Services LLC,55963,KS,WNC,MRO,NAICS-22 Non-Cogen,22,WT,175472.0,2023
56901,Altona,"Valcour Operating Services, LLC",63858,NY,MAT,NPCC,NAICS-22 Non-Cogen,22,WT,120188.0,2023
56902,Wethersfield,"Valcour Operating Services, LLC",63858,NY,MAT,NPCC,NAICS-22 Non-Cogen,22,WT,175969.0,2023
56904,Chateaugay,"Valcour Operating Services, LLC",63858,NY,MAT,NPCC,NAICS-22 Non-Cogen,22,WT,140583.0,2023
56905,Great Plains Windpark LLC,Great Plains Windpark Legacy LLC,61671,TX,WSC,MRO,NAICS-22 Non-Cogen,22,WT,127735.0,2023
56912,Langdon Wind II LLC,FPL Energy Langdon Wind LLC,55799,ND,WNC,MRO,NAICS-22 Non-Cogen,22,WT,159909.0,2023
56913,Osceola Windpower II,Osceola Windpower II,56121,IA,WNC,MRO,NAICS-22 Non-Cogen,22,WT,203623.0,2023
56919,FPL Energy Ashtabula Wind LLC,FPL Energy Ashtabula Wind LLC,56122,ND,WNC,MRO,NAICS-22 Non-Cogen,22,WT,561623.0,2023
56920,Panther Creek Wind Farm I,"RWE Renewables Americas, LLC",56215,TX,WSC,TRE,NAICS-22 Non-Cogen,22,WT,519256.0,2023
56921,Panther Creek Wind Farm II,"RWE Renewables Americas, LLC",56215,TX,WSC,TRE,NAICS-22 Non-Cogen,22,WT,391113.0,2023
56923,FPL Energy Crystal Lake Wind LLC,FPL Energy Crystal Lake Wind LLC,56123,IA,WNC,MRO,NAICS-22 Non-Cogen,22,WT,568050.0,2023
56924,FPL Energy Story Wind LLC,FPL Energy Story Wind LLC,56119,IA,WNC,MRO,NAICS-22 Non-Cogen,22,WT,553312.0,2023
56925,FPL Energy Crystal Lake Wind II LLC,FPL Energy Crystal Lake Wind II LLC,56124,IA,WNC,MRO,NAICS-22 Non-Cogen,22,WT,723274.0,2023
56933,Threemile Canyon,"Threemile Canyon Wind I, LLC",56159,OR,PACC,WECC,NAICS-22 Non-Cogen,22,WT,19549.0,2023
56934,Cassia Wind,"Cassia Wind Farm, LLC",56158,ID,MTN,WECC,NAICS-22 Non-Cogen,22,WT,17577.0,2023
56935,Cassia Gulch,"Cassia Gulch Wind Park, LLC",56157,ID,MTN,WECC,NAICS-22 Non-Cogen,22,WT,37923.0,2023
56941,Grand Ridge Wind Energy Center,Invenergy Services LLC,49893,IL,ENC,RFC,NAICS-22 Non-Cogen,22,WT,426021.0,2023
56942,Forward Wind Energy Center,Wisconsin Public Service Corp,20860,WI,ENC,MRO,Electric Utility,22,WT,132966.0,2023
56945,High Lonesome Mesa LLC,"High Lonesome Mesa, LLC",64648,NM,MTN,WECC,NAICS-22 Non-Cogen,22,WT,350139.0,2023
56946,Buffalo Bear LLC,"Buffalo Bear, LLC",64633,OK,WSC,MRO,NAICS-22 Non-Cogen,22,WT,21757.0,2023
56947,Elkhorn Ridge Wind LLC,"Elkhorn Ridge Wind, LLC",64631,NE,WNC,MRO,NAICS-22 Non-Cogen,22,WT,157173.0,2023
56952,Willow Creek Energy Center,Invenergy Services LLC,49893,OR,PACC,WECC,NAICS-22 Non-Cogen,22,WT,139988.0,2023
56953,High Sheldon Wind Farm,Invenergy Services LLC,49893,NY,MAT,NPCC,NAICS-22 Non-Cogen,22,WT,184014.0,2023
56956,Bull Creek Wind,Bull Creek Wind LLC,56222,TX,WSC,TRE,NAICS-22 Non-Cogen,22,WT,269034.0,2023
56959,Ocotillo Windpower,Duke Energy Renewables Services,65411,TX,WSC,TRE,NAICS-22 Non-Cogen,22,WT,18427.0,2023
56960,Happy Jack Windpower Project,Duke Energy Renewables Services,65411,WY,MTN,WECC,NAICS-22 Non-Cogen,22,WT,58697.0,2023
56961,Notrees Windpower Hybrid,Duke Energy Renewables Services,65411,TX,WSC,TRE,NAICS-22 Non-Cogen,22,WT,259677.0,2023
56967,Butter Creek Power LLC,Odessa Energy Services LLC,65187,OR,PACC,WECC,NAICS-22 Non-Cogen,22,WT,10244.0,2023
56968,Big Top LLC,Odessa Energy Services LLC,65187,OR,PACC,WECC,NAICS-22 Non-Cogen,22,WT,3200.0,2023
56969,Four Corners Windfarm LLC,Echo 2,56803,OR,PACC,WECC,NAICS-22 Non-Cogen,22,WT,17041.0,2023
56970,Four Mile Canyon Windfarm LLC,Echo 2,56803,OR,PACC,WECC,NAICS-22 Non-Cogen,22,WT,17297.0,2023
56971,Oregon Trail Windfarm LLC,Echo 1,56802,OR,PACC,WECC,NAICS-22 Non-Cogen,22,WT,21245.0,2023
56972,Pacific Canyon Windfarm LLC,Echo 1,56802,OR,PACC,WECC,NAICS-22 Non-Cogen,22,WT,16048.0,2023
56973,Sand Ranch Windfarm LLC,Echo 1,56802,OR,PACC,WECC,NAICS-22 Non-Cogen,22,WT,19228.0,2023
56974,Wagon Trail LLC,Odessa Energy Services LLC,65187,OR,PACC,WECC,NAICS-22 Non-Cogen,22,WT,6238.0,2023
56975,Ward Butte Windfarm LLC,Echo 1,56802,OR,PACC,WECC,NAICS-22 Non-Cogen,22,WT,14243.0,2023
56979,Panther Creek Wind Farm Three,"RWE Renewables Americas, LLC",56215,TX,WSC,TRE,NAICS-22 Non-Cogen,22,WT,699700.0,2023
56980,Stony Creek Wind Farm LLC,"RWE Renewables Americas, LLC",56215,PA,MAT,RFC,NAICS-22 Non-Cogen,22,WT,128004.0,2023
56981,Pyron Wind Farm LLC Hybrid,"RWE Renewables Americas, LLC",56215,TX,WSC,TRE,NAICS-22 Non-Cogen,22,WT,307105.0,2023
56983,Papalote Creek I LLC,"RWE Renewables Americas, LLC",56215,TX,WSC,TRE,NAICS-22 Non-Cogen,22,WT,420955.0,2023
56984,Inadale Wind Farm LLC Hybrid,"RWE Renewables Americas, LLC",56215,TX,WSC,TRE,NAICS-22 Non-Cogen,22,WT,428145.0,2023
56985,Smoky Hills Wind Project Phase II,Smoky Hills Wind Project II LLC,56285,KS,WNC,MRO,NAICS-22 Non-Cogen,22,WT,437678.0,2023
56989,Stetson Wind I,"Evergreen Wind, LLC",59155,ME,NEW,NPCC,NAICS-22 Non-Cogen,22,WT,106605.0,2023
56990,Rollins Wind Project,"Evergreen Wind, LLC",59155,ME,NEW,NPCC,NAICS-22 Non-Cogen,22,WT,132237.0,2023
56991,Stetson Wind II,"Evergreen Wind, LLC",59155,ME,NEW,NPCC,NAICS-22 Non-Cogen,22,WT,45717.0,2023
56994,Grand Meadow,Northern States Power Co - Minnesota,13781,MN,WNC,MRO,Electric Utility,22,WT,325935.0,2023
57002,Oakfield Wind Project,Onward Energy,60453,ME,NEW,NPCC,NAICS-22 Non-Cogen,22,WT,305950.0,2023
57031,Luverne Wind Energy Center,Otter Tail Power Co,14232,ND,WNC,MRO,Electric Utility,22,WT,159460.0,2023
57032,Ashtabula Wind Energy Center,Otter Tail Power Co,14232,ND,WNC,MRO,Electric Utility,22,WT,123215.0,2023
57033,Langdon Wind Energy Center,Otter Tail Power Co,14232,ND,WNC,MRO,Electric Utility,22,WT,104744.0,2023
57038,Bison I Wind Energy Center,"ALLETE, Inc.",12647,ND,WNC,MRO,Electric Utility,22,WT,181718.0,2023
57039,McFadden Ridge,PacifiCorp,14354,WY,MTN,WECC,Electric Utility,22,WT,104346.0,2023
57040,High Plains,PacifiCorp,14354,WY,MTN,WECC,Electric Utility,22,WT,342139.0,2023
57044,Armenia Mountain Wind Farm,ALLETE Clean Energy,59496,PA,MAT,RFC,NAICS-22 Non-Cogen,22,WT,224011.0,2023
57045,Rolling Thunder Wind Farm Hybrid,AE Power Services LLC,55963,SD,WNC,MRO,NAICS-22 Non-Cogen,22,WT,79708.0,2023
57047,Nobles Wind Project,Northern States Power Co - Minnesota,13781,MN,WNC,MRO,Electric Utility,22,WT,745964.0,2023
57048,Merricourt Wind Energy Center,Otter Tail Power Co,14232,ND,WNC,MRO,Electric Utility,22,WT,594735.0,2023
57049,NaturEner Glacier Wind Energy 1,NaturEner Glacier Wind Energy 1 LLC,56365,MT,MTN,WECC,NAICS-22 Non-Cogen,22,WT,210692.0,2023
57050,NaturEner Glacier Wind Energy 2,NaturEner Glacier Wind Energy 2 LLC,56366,MT,MTN,WECC,NAICS-22 Non-Cogen,22,WT,245653.0,2023
57078,Steel Winds II,"Evergreen Wind, LLC",59155,NY,MAT,NPCC,NAICS-22 Non-Cogen,22,WT,40211.0,2023
57079,Milford Wind Corridor I LLC,"Milford Wind Corridor Phase I, LLC (Longroad)",65908,UT,MTN,WECC,NAICS-22 Non-Cogen,22,WT,326324.0,2023
57080,Sheffield Wind,"Evergreen Wind, LLC",59155,VT,NEW,NPCC,NAICS-22 Non-Cogen,22,WT,60443.0,2023
57082,Kaheawa Wind Power II LLC,"Evergreen Wind, LLC",59155,HI,PACN,,NAICS-22 Non-Cogen,22,WT,41764.0,2023
57083,Bull Hill Wind Project,"Evergreen Wind, LLC",59155,ME,NEW,NPCC,NAICS-22 Non-Cogen,22,WT,81624.0,2023
57087,Kahuku Wind Power LLC,"Evergreen Wind, LLC",59155,HI,PACN,,NAICS-22 Non-Cogen,22,WT,76428.0,2023
57090,Campbell Hill Windpower,Duke Energy Renewables Services,65411,WY,MTN,WECC,NAICS-22 Non-Cogen,22,WT,296303.0,2023
57091,Silver Sage Windpower,Duke Energy Renewables Services,65411,WY,MTN,WECC,NAICS-22 Non-Cogen,22,WT,109516.0,2023
57093,Casper Wind Farm,Chevron USA,56394,WY,MTN,WECC,NAICS-22 Non-Cogen,22,WT,5736.0,2023
57094,Streator Cayuga Ridge South,Avangrid Renewables LLC,15399,IL,ENC,RFC,NAICS-22 Non-Cogen,22,WT,679095.0,2023
57095,Penascal II Wind Project LLC,Avangrid Renewables LLC,15399,TX,WSC,TRE,NAICS-22 Non-Cogen,22,WT,314987.0,2023
57096,Star Point Wind Project LLC,Avangrid Renewables LLC,15399,OR,PACC,WECC,NAICS-22 Non-Cogen,22,WT,194026.0,2023
57097,Rugby Wind Power Project,Avangrid Renewables LLC,15399,ND,WNC,MRO,NAICS-22 Non-Cogen,22,WT,333213.0,2023
57098,Dry Lake Wind LLC,Avangrid Renewables LLC,15399,AZ,MTN,WECC,NAICS-22 Non-Cogen,22,WT,111556.0,2023
57106,Mesalands Comm College Wind Turbine,Mesalands Community College,56410,NM,MTN,MRO,Commercial NAICS Non-Cogen,611,WT,1497.0,2023
57107,Milford Wind Corridor Stage II LLC,Milford Wind Corridor Stage II LLC,56409,UT,MTN,WECC,NAICS-22 Non-Cogen,22,WT,158888.0,2023
57108,Blue Canyon Windpower V LLC,Blue Canyon Windpower V LLC,56416,OK,WSC,MRO,NAICS-22 Non-Cogen,22,WT,271995.0,2023
57109,Meadow Lake Wind Farm LLC,Meadow Lake Wind Farm LLC,56417,IN,ENC,RFC,NAICS-22 Non-Cogen,22,WT,399004.0,2023
57110,Blackstone Wind Farm LLC,Blackstone Wind Farm LLC,56418,IL,ENC,RFC,NAICS-22 Non-Cogen,22,WT,225915.0,2023
57111,Lost Lakes Wind Farm LLC,Lost Lakes Wind Farm LLC,56419,IA,WNC,MRO,NAICS-22 Non-Cogen,22,WT,260843.0,2023
57112,Meadow Lake Wind Farm II LLC,Meadow Lake Wind Farm II LLC,56420,IN,ENC,RFC,NAICS-22 Non-Cogen,22,WT,205121.0,2023
57113,Blackstone Wind Farm II LLC,Blackstone Wind Farm II LLC,56421,IL,ENC,RFC,NAICS-22 Non-Cogen,22,WT,455222.0,2023
57115,Meadow Lake Wind Farm III LLC,Meadow Lake Wind Farm III LLC,56423,IN,ENC,RFC,NAICS-22 Non-Cogen,22,WT,234266.0,2023
57116,Quilt Block Wind Farm LLC,Quilt Block Wind Farm LLC,56424,WI,ENC,MRO,NAICS-22 Non-Cogen,22,WT,366860.0,2023
57118,Greensburg,"Greensburg Wind Farm, LLC",56246,KS,WNC,MRO,NAICS-22 Non-Cogen,22,WT,13017.0,2023
57120,Wilton Wind II LLC,Wilton Wind II LLC,56415,ND,WNC,MRO,NAICS-22 Non-Cogen,22,WT,186990.0,2023
57121,Ashtabula Wind II LLC,Ashtabula Wind II LLC,56414,ND,WNC,MRO,NAICS-22 Non-Cogen,22,WT,335844.0,2023
57124,Payne's Ferry,Idaho Wind Partners 1 LLC,56592,ID,MTN,WECC,NAICS-22 Non-Cogen,22,WT,59766.0,2023
57125,Camp Reed,Idaho Wind Partners 1 LLC,56592,ID,MTN,WECC,NAICS-22 Non-Cogen,22,WT,63688.0,2023
57126,Yahoo Creek,Idaho Wind Partners 1 LLC,56592,ID,MTN,WECC,NAICS-22 Non-Cogen,22,WT,60920.0,2023
57130,Beaver Ridge Wind,CPV Beaver Ridge Wind LLC,56439,ME,NEW,NPCC,NAICS-22 Non-Cogen,22,WT,10311.0,2023
57131,Stoney Corners Wind Farm,DTE Sustainable Generation,64331,MI,ENC,RFC,NAICS-22 Non-Cogen,22,WT,109812.0,2023
57135,Big Sky Wind LLC,Big Sky Wind LLC,64499,IL,ENC,RFC,NAICS-22 Non-Cogen,22,WT,674716.0,2023
57136,Tuana Springs,"Tuana Springs Energy, LLC",56475,ID,MTN,WECC,NAICS-22 Non-Cogen,22,WT,30373.0,2023
57137,Eurus Combine Hills Turbine Ranch 2,Eurus Combine Hills II LLC,56483,OR,PACC,WECC,NAICS-22 Non-Cogen,22,WT,146072.0,2023
57139,Cambria Wind LLC,Exus North America Management Partners LLC,63081,PA,MAT,RFC,NAICS-22 Non-Cogen,22,WT,121554.0,2023
57151,Beech Ridge Energy LLC,Invenergy Services LLC,49893,WV,SAT,RFC,NAICS-22 Non-Cogen,22,WT,247134.0,2023
57152,Harvest Wind Project,Harvest Wind Project TIC,56499,WA,PACC,WECC,NAICS-22 Non-Cogen,22,WT,216789.0,2023
57153,Langford Wind Power,Langford Wind Power LLC,56506,TX,WSC,TRE,NAICS-22 Non-Cogen,22,WT,587464.0,2023
57156,Barton Chapel Wind Farm,Avangrid Renewables LLC,15399,TX,WSC,TRE,NAICS-22 Non-Cogen,22,WT,241581.0,2023
57159,Windy Flats Wind Project,Windy Flats Partners LLC,56514,WA,PACC,WECC,NAICS-22 Non-Cogen,22,WT,567847.0,2023
57171,Cedar Hills Wind Farm,Montana-Dakota Utilities Co,12199,ND,WNC,MRO,Electric Utility,22,WT,52290.0,2023
57174,Colorado Highlands Wind,Colorado Highlands Wind LLC,56523,CO,MTN,WECC,NAICS-22 Non-Cogen,22,WT,337194.0,2023
57176,University of Delaware Wind Turbine,First State Marine Wind,56518,DE,SAT,RFC,Commercial NAICS Non-Cogen,611,WT,4165.0,2023
57177,Meadow Lake Wind Farm IV,Meadow Lake Wind Farm IV LLC,56520,IN,ENC,RFC,NAICS-22 Non-Cogen,22,WT,172814.0,2023
57182,PPL Frey Farm Landfill Wind,EPP Renewable Energy,57249,PA,MAT,RFC,NAICS-22 Non-Cogen,22,WT,5641.0,2023
57187,Pillar Mountain Wind Project Microgrid,Kodiak Electric Assn Inc,10433,AK,PACN,,Electric Utility,22,WT,24073.0,2023
57188,Vantage Wind Energy LLC,Invenergy Services LLC,49893,WA,PACC,WECC,NAICS-22 Non-Cogen,22,WT,231601.0,2023
57189,Lost Creek Wind Energy Facility,Pattern Operators LP,56545,MO,WNC,SERC,NAICS-22 Non-Cogen,22,WT,377168.0,2023
57192,Spring Valley Wind Project,Pattern Operators LP,56545,NV,MTN,WECC,NAICS-22 Non-Cogen,22,WT,291247.0,2023
57194,Day County Wind LLC,Day County Wind LLC,56561,SD,WNC,MRO,NAICS-22 Non-Cogen,22,WT,408511.0,2023
57195,Lower Snake River Wind Energy Project,Puget Sound Energy Inc,15500,WA,PACC,WECC,Electric Utility,22,WT,701938.0,2023
57198,Bent Tree Wind Farm Phase 1,Wisconsin Power & Light Co,20856,MN,WNC,MRO,Electric Utility,22,WT,341635.0,2023
57199,Glacier Hills,Wisconsin Electric Power Co,20847,WI,ENC,RFC,Electric Utility,22,WT,345532.0,2023
57201,FPL Energy Montezuma Winds LLC,FPL Energy Montezuma Wind,56555,CA,PACC,WECC,NAICS-22 Non-Cogen,22,WT,97526.0,2023
57210,Cedar Creek II,AE Power Services LLC,55963,CO,MTN,WECC,NAICS-22 Non-Cogen,22,WT,539129.0,2023
57211,Goshen Phase II,AE Power Services LLC,55963,ID,MTN,WECC,NAICS-22 Non-Cogen,22,WT,316813.0,2023
57212,Papalote Creek II LLC,"RWE Renewables Americas, LLC",56215,TX,WSC,TRE,NAICS-22 Non-Cogen,22,WT,495792.0,2023
57214,Waverly Community Wind Project,Waverly Municipal Elec Utility,20214,IA,WNC,MRO,Electric Utility,22,WT,5795.0,2023
57239,Roth Rock Wind Farm LLC,Roth Rock Wind Farm LLC,56603,MD,SAT,RFC,NAICS-22 Non-Cogen,22,WT,93587.0,2023
57240,"Roth Rock North Wind Farm, LLC",Roth Rock Wind Farm LLC,56603,MD,SAT,RFC,NAICS-22 Non-Cogen,22,WT,23397.0,2023
57244,Kit Carson Windpower,Duke Energy Renewables Services,65411,CO,MTN,WECC,NAICS-22 Non-Cogen,22,WT,156949.0,2023
57248,Welcome Wind Turbine,Federated Rural Electric Assn,6258,MN,WNC,MRO,Electric Utility,22,WT,4943.0,2023
57251,Lakota Wind Wind Farm,Iowa Lakes Electric Coop,9425,IA,WNC,MRO,Electric Utility,22,WT,32192.0,2023
57252,Iowa Lakes Superior Wind Farm,Iowa Lakes Electric Coop,9425,IA,WNC,MRO,Electric Utility,22,WT,34806.0,2023
57253,MA Military Reservation Wind Project,Air Force Civil Engineer Center,56619,MA,NEW,NPCC,NAICS-22 Non-Cogen,22,WT,9687.0,2023
57257,Iowa Lakes Community College Wind Farm,Iowa Lakes Community College,56617,IA,WNC,MRO,Commercial NAICS Non-Cogen,611,WT,2270.0,2023
57258,Texico Wind Ranch LP,Texico Wind LP,56630,NM,MTN,WECC,NAICS-22 Non-Cogen,22,WT,0.0,2023
57260,Cedro Hill Wind LLC,"Cedro Hill Wind, LLC",64634,TX,WSC,TRE,NAICS-22 Non-Cogen,22,WT,451068.0,2023
57261,Taloga Wind LLC,Taloga Wind LLC,64663,OK,WSC,MRO,NAICS-22 Non-Cogen,22,WT,205560.0,2023
57262,Laredo Ridge Wind LLC,Laredo Ridge Wind LLC,64649,NE,WNC,MRO,NAICS-22 Non-Cogen,22,WT,240271.0,2023
57264,Little Pringle II Wind Farm,Everpoint Services Inc,65609,TX,WSC,TRE,NAICS-22 Non-Cogen,22,WT,0.0,2023
57268,Chestnut Flats Wind Farm,"EDF Renewable Asset Holdings, Inc.",57170,PA,MAT,RFC,NAICS-22 Non-Cogen,22,WT,92785.0,2023
57274,Grant County Wind LLC,"Grant County Wind, LLC",56642,MN,WNC,MRO,NAICS-22 Non-Cogen,22,WT,51276.0,2023
57278,Crofton Bluffs Wind LLC,"Crofton Bluffs Wind, LLC",64636,NE,WNC,MRO,NAICS-22 Non-Cogen,22,WT,118982.0,2023
57282,Alta Wind Energy Center I,Alta Wind Energy Center I,64618,CA,PACC,WECC,NAICS-22 Non-Cogen,22,WT,360984.0,2023
57283,Flat Water Wind Farm LLC,Flat Water Wind Farm LLC,56625,NE,WNC,MRO,NAICS-22 Non-Cogen,22,WT,200746.0,2023
57284,Minonk Wind Farm,Algonquin Power Co,59050,IL,ENC,RFC,NAICS-22 Non-Cogen,22,WT,580423.0,2023
57285,Sandy Ridge Wind Farm,Algonquin Power Co,59050,PA,MAT,RFC,NAICS-22 Non-Cogen,22,WT,114500.0,2023
57286,OU Spirit Wind Farm,Oklahoma Gas & Electric Co,14063,OK,WSC,MRO,Electric Utility,22,WT,141362.0,2023
57287,Hardscrabble Wind Power LLC,Avangrid Renewables LLC,15399,NY,MAT,NPCC,NAICS-22 Non-Cogen,22,WT,154684.0,2023
57289,Big Blue,Big Blue Wind Farm LLC (MN),58150,MN,WNC,MRO,NAICS-22 Non-Cogen,22,WT,74622.0,2023
57290,Northern Colorado Wind LLC,Northern Colorado Wind LLC,56653,CO,MTN,WECC,NAICS-22 Non-Cogen,22,WT,517292.0,2023
57291,Alta Wind Energy Center II,Alta Wind Energy Center II,64620,CA,PACC,WECC,NAICS-22 Non-Cogen,22,WT,299672.0,2023
57292,Alta Wind Energy Center III,Alta Wind Energy Center III,64621,CA,PACC,WECC,NAICS-22 Non-Cogen,22,WT,302613.0,2023
57293,Alta Wind Energy Center IV,Alta Wind Energy Center IV,64622,CA,PACC,WECC,NAICS-22 Non-Cogen,22,WT,147808.0,2023
57294,Alta Wind Energy Center V,Alta Wind Energy Center V,64623,CA,PACC,WECC,NAICS-22 Non-Cogen,22,WT,238061.0,2023
57296,Carleton College,Carleton College,56654,MN,WNC,MRO,Commercial NAICS Non-Cogen,611,WT,4040.0,2023
57299,Dunlap,PacifiCorp,14354,WY,MTN,WECC,Electric Utility,22,WT,432029.0,2023
57300,Criterion,Criterion Power Partners LLC,56661,MD,SAT,RFC,NAICS-22 Non-Cogen,22,WT,166976.0,2023
57302,Garnet Wind Energy Center,Terra-Gen Operating Co-Wind,2770,CA,PACC,WECC,NAICS-22 Non-Cogen,22,WT,14829.0,2023
57303,Loraine Windpark Project LLC,Loraine Windpower Project,56667,TX,WSC,TRE,NAICS-22 Non-Cogen,22,WT,329462.0,2023
57315,Cedar Point Wind,Cedar Point LLC,56662,CO,MTN,WECC,NAICS-22 Non-Cogen,22,WT,589652.0,2023
57319,Big Horn Wind II,Avangrid Renewables LLC,15399,WA,PACC,WECC,NAICS-22 Non-Cogen,22,WT,98976.0,2023
57320,Juniper Canyon I Wind Project,Avangrid Renewables LLC,15399,WA,PACC,WECC,NAICS-22 Non-Cogen,22,WT,235626.0,2023
57325,FPL Energy Illinois Wind LLC Hybrid,FPL Energy Illinois Wind LLC,56678,IL,ENC,RFC,NAICS-22 Non-Cogen,22,WT,623324.0,2023
57326,Sunray Wind I,Diamond Shamrock Refining Company LP,56680,TX,WSC,TRE,NAICS-22 Non-Cogen,22,WT,121546.0,2023
57327,Top of the World Windpower Project,Duke Energy Renewables Services,65411,WY,MTN,WECC,NAICS-22 Non-Cogen,22,WT,254753.0,2023
57332,Crossroads Wind Farm,Oklahoma Gas & Electric Co,14063,OK,WSC,MRO,Electric Utility,22,WT,356453.0,2023
57333,Leaning Juniper Wind Power II,Avangrid Renewables LLC,15399,OR,PACC,WECC,NAICS-22 Non-Cogen,22,WT,378055.0,2023
57342,White Oak Energy LLC,White Oak Energy LLC,56684,IL,ENC,SERC,NAICS-22 Non-Cogen,22,WT,394279.0,2023
57346,Elk City LLC,Elk City LLC,56683,OK,WSC,MRO,NAICS-22 Non-Cogen,22,WT,558283.0,2023
57347,Baldwin Wind LLC,Baldwin Wind LLC,56688,ND,WNC,MRO,NAICS-22 Non-Cogen,22,WT,360383.0,2023
57351,Uilk Wind LLC,RENEW Energy Inc,56689,MN,WNC,MRO,Commercial NAICS Non-Cogen,561,WT,12344.0,2023
57354,Fox Island Wind LLC,Fox Island Wind LLC,56693,ME,NEW,NPCC,NAICS-22 Non-Cogen,22,WT,5710.0,2023
57357,Red Mesa Wind LLC,Red Mesa Wind LLC,56698,NM,MTN,WECC,NAICS-22 Non-Cogen,22,WT,201053.0,2023
57358,Keenan II Renewable Energy Co LLC,CPV Keenan II Renewable Energy Co LLC,56699,OK,WSC,MRO,NAICS-22 Non-Cogen,22,WT,252817.0,2023
57374,Lakefield Wind Project LLC,"EDF Renewable Asset Holdings, Inc.",57170,MN,WNC,MRO,NAICS-22 Non-Cogen,22,WT,396712.0,2023
57375,Adams Wind Generations LLC,"BEAM US, LLC",63024,MN,WNC,MRO,NAICS-22 Non-Cogen,22,WT,52427.0,2023
57379,"Poseidon Wind, LLC","Axium Arizona Renewables, LLC",63287,AZ,MTN,WECC,NAICS-22 Non-Cogen,22,WT,116724.0,2023
57380,New England Wind LLC,Avangrid Renewables LLC,15399,MA,NEW,NPCC,NAICS-22 Non-Cogen,22,WT,74233.0,2023
57385,Community Wind North LLC,Northern States Power Co - Minnesota,13781,MN,WNC,MRO,Electric Utility,22,WT,109372.0,2023
57386,Ridgewind,Ridgewind Power Partners LLC,56715,MN,WNC,MRO,NAICS-22 Non-Cogen,22,WT,78934.0,2023
57387,Ashtabula Wind III LLC,Otter Tail Power Co,14232,ND,WNC,MRO,Electric Utility,22,WT,163864.0,2023
57396,Danielson Wind Farms LLC,"BEAM US, LLC",63024,MN,WNC,MRO,NAICS-22 Non-Cogen,22,WT,49366.0,2023
57414,Notus Wind 1,Notus Clean Energy LLC,56742,MA,NEW,NPCC,NAICS-22 Non-Cogen,22,WT,4107.0,2023
57415,Sherbino II,Sherbino II Wind Farm LLC,62077,TX,WSC,TRE,NAICS-22 Non-Cogen,22,WT,533569.0,2023
57417,Elk Wind Farm,Greenbacker Renewable Energy Corporation,60025,IA,WNC,MRO,NAICS-22 Non-Cogen,22,WT,94666.0,2023
57421,Gratiot Wind Park,DTE Electric Company,5109,MI,ENC,RFC,Electric Utility,22,WT,190752.0,2023
57424,Buffalo Ridge II LLC,Avangrid Renewables LLC,15399,SD,WNC,WECC,NAICS-22 Non-Cogen,22,WT,368965.0,2023
57427,Ryegrass Windfarm,"Mountain Air Projects, LLC",64742,ID,MTN,WECC,NAICS-22 Non-Cogen,22,WT,52364.0,2023
57428,Hammett Hill Windfarm,"Mountain Air Projects, LLC",64742,ID,MTN,WECC,NAICS-22 Non-Cogen,22,WT,57202.0,2023
57429,Mainline Windfarm,"Mountain Air Projects, LLC",64742,ID,MTN,WECC,NAICS-22 Non-Cogen,22,WT,54920.0,2023
57430,Desert Meadow Windfarm,"Mountain Air Projects, LLC",64742,ID,MTN,WECC,NAICS-22 Non-Cogen,22,WT,55648.0,2023
57431,Cold Springs Windfarm,"Mountain Air Projects, LLC",64742,ID,MTN,WECC,NAICS-22 Non-Cogen,22,WT,50831.0,2023
57432,Oak Glen Wind Farm,Minnesota Municipal Power Agny,12667,MN,WNC,MRO,Electric Utility,22,WT,95748.0,2023
57434,Valley View Transmission LLC,Consolidated Edison Development Inc.,56769,MN,WNC,MRO,NAICS-22 Non-Cogen,22,WT,20310.0,2023
57444,Two Ponds Windfarm,"Mountain Air Projects, LLC",64742,ID,MTN,WECC,NAICS-22 Non-Cogen,22,WT,56178.0,2023
57447,Laurel Mountain Hybrid,AES Distributed Energy,61012,WV,SAT,RFC,NAICS-22 Non-Cogen,22,WT,241213.0,2023
57449,Blue Creek Wind Project,Avangrid Renewables LLC,15399,OH,ENC,RFC,NAICS-22 Non-Cogen,22,WT,734180.0,2023
57459,Mountain View IV,AES Distributed Energy,61012,CA,PACC,WECC,NAICS-22 Non-Cogen,22,WT,175096.0,2023
57463,Bishop Hill Energy LLC,SunEdison LLC,59139,IL,ENC,RFC,NAICS-22 Non-Cogen,22,WT,564142.0,2023
57468,Crystal Lake 3 LLC,Crystal Lake 3 LLC,56786,IA,WNC,MRO,NAICS-22 Non-Cogen,22,WT,253704.0,2023
57469,Garden Wind LLC,Garden Wind LLC,56787,IA,WNC,MRO,NAICS-22 Non-Cogen,22,WT,381500.0,2023
57474,Ralls Wind Farm,Ralls Wind Farm LLC,56790,TX,WSC,MRO,NAICS-22 Non-Cogen,22,WT,10969.0,2023
57484,Manzana Wind LLC,Avangrid Renewables LLC,15399,CA,PACC,WECC,NAICS-22 Non-Cogen,22,WT,468485.0,2023
57493,Settlers Trail Wind Farm LLC,"RWE Renewables Americas, LLC",56215,IL,ENC,SERC,NAICS-22 Non-Cogen,22,WT,321384.0,2023
57500,Laurel Wind Farm,MidAmerican Energy Co,12341,IA,WNC,MRO,Electric Utility,22,WT,431333.0,2023
57501,Rolling Hills Wind Farm,MidAmerican Energy Co,12341,IA,WNC,MRO,Electric Utility,22,WT,1504435.0,2023
57514,Ocotillo Express LLC,Pattern Operators LP,56545,CA,PACC,WECC,NAICS-22 Non-Cogen,22,WT,563157.0,2023
57520,Trinity Hills,Trinity Hills Wind Farm LLC,62075,TX,WSC,TRE,NAICS-22 Non-Cogen,22,WT,757836.0,2023
57526,North Hurlburt Wind LLC,Caithness Shepherds Flat LLC,56865,OR,PACC,WECC,NAICS-22 Non-Cogen,22,WT,573556.0,2023
57529,Kawailoa Wind,Kawailoa Wind LLC,56868,HI,PACN,,NAICS-22 Non-Cogen,22,WT,113855.0,2023
57530,Palouse,Onward Energy,60453,WA,PACC,WECC,NAICS-22 Non-Cogen,22,WT,294887.0,2023
57531,Bingham Wind,Onward Energy,60453,ME,NEW,NPCC,NAICS-22 Non-Cogen,22,WT,452288.0,2023
57549,South Hurlburt Wind LLC,Caithness Shepherds Flat LLC,56865,OR,PACC,WECC,NAICS-22 Non-Cogen,22,WT,608952.0,2023
57550,Horseshoe Bend Wind LLC,Caithness Shepherds Flat LLC,56865,OR,PACC,WECC,NAICS-22 Non-Cogen,22,WT,603449.0,2023
57553,Shirley Wind,Duke Energy Renewables Services,65411,WI,ENC,MRO,NAICS-22 Non-Cogen,22,WT,53492.0,2023
57568,Record Hill Wind,Record Hill Wind LLC,56909,ME,NEW,NPCC,NAICS-22 Non-Cogen,22,WT,110920.0,2023
57570,Cooper Farms VW Project,Cooper Hatchery Inc.,56912,OH,ENC,RFC,Industrial NAICS Non-Cogen,311,WT,11501.0,2023
57578,PaTu Wind Farm LLC,PaTu Wind Farm LLC,56916,OR,PACC,WECC,NAICS-22 Non-Cogen,22,WT,25514.0,2023
57586,Shiloh III Wind Project LLC,"EDF Renewable Asset Holdings, Inc.",57170,CA,PACC,WECC,NAICS-22 Non-Cogen,22,WT,275625.0,2023
57590,"Minco Wind I, LLC","FPLE Wind, LLC",56925,OK,WSC,MRO,NAICS-22 Non-Cogen,22,WT,343863.0,2023
57593,Broken Bow Wind LLC,Broken Bow Wind LLC,64616,NE,WNC,MRO,NAICS-22 Non-Cogen,22,WT,224004.0,2023
57594,Teichert Materials-Teichert Vernalis,"Foundation HA Energy Generation, LLC",56930,CA,PACC,WECC,NAICS-22 Non-Cogen,22,WT,1611.0,2023
57595,Pinnacle Wind Force LLC,"Pinnacle Wind, LLC",64537,WV,SAT,RFC,NAICS-22 Non-Cogen,22,WT,186284.0,2023
57609,New Harvest Wind Project LLC,Avangrid Renewables LLC,15399,IA,WNC,MRO,NAICS-22 Non-Cogen,22,WT,268071.0,2023
57613,LE Wind Turbine 1,Lincoln Electric Company,56952,OH,ENC,RFC,Industrial NAICS Non-Cogen,333,WT,4248.0,2023
57614,Waverly Wind Farm LLC,Waverly Wind Farm LLC,56948,KS,WNC,MRO,NAICS-22 Non-Cogen,22,WT,711979.0,2023
57616,Blue Canyon Windpower VI LLC,Blue Canyon Windpower VI LLC,56945,OK,WSC,MRO,NAICS-22 Non-Cogen,22,WT,294745.0,2023
57617,Hidalgo Wind Farm LLC,Hidalgo Wind Farm LLC,56946,TX,WSC,TRE,NAICS-22 Non-Cogen,22,WT,806515.0,2023
57620,Paulding Wind Farm II,Paulding Wind Farm II LLC,56936,OH,ENC,RFC,NAICS-22 Non-Cogen,22,WT,300185.0,2023
57621,Rising Tree Wind Farm,Rising Tree Wind Farm LLC,56937,CA,PACC,WECC,NAICS-22 Non-Cogen,22,WT,213376.0,2023
57623,Bright Stalk Wind Farm I,Lexington Chenoa Wind Farm LLC,56940,IL,ENC,SERC,NAICS-22 Non-Cogen,22,WT,681924.0,2023
57626,Foundation ST,"Foundation HA Energy Generation, LLC",56930,CA,PACC,WECC,NAICS-22 Non-Cogen,22,WT,1806.0,2023
57628,Meadow Lake Wind Farm V LLC,Meadow Lake Wind Farm V LLC,56941,IN,ENC,RFC,NAICS-22 Non-Cogen,22,WT,311947.0,2023
57631,Wolverine,"Wolverine Wind Energy, LLC",56962,IA,WNC,MRO,NAICS-22 Non-Cogen,22,WT,3969.0,2023
57632,Bulldog,"Bulldog Wind Energy, LLC",56961,IA,WNC,MRO,NAICS-22 Non-Cogen,22,WT,4188.0,2023
57635,Linden Wind Energy Project,Los Angeles Department of Water & Power,11208,WA,PACC,WECC,Electric Utility,22,WT,116694.0,2023
57637,Union City Wind Turbine,Performance Services,56855,IN,ENC,RFC,NAICS-22 Non-Cogen,22,WT,0.0,2023
57639,Ironwood Wind,Duke Energy Renewables Services,65411,KS,WNC,MRO,NAICS-22 Non-Cogen,22,WT,514330.0,2023
57643,"Vestas Towers America, Inc.","CS Wind America, Inc.",64489,CO,MTN,WECC,Industrial NAICS Non-Cogen,311,WT,2109.0,2023
57644,Prairie Rose Wind Farm,"Enel Green Power NA, Inc.",59380,MN,WNC,MRO,NAICS-22 Non-Cogen,22,WT,432913.0,2023
57648,Henkel U.S. Operations Corporation,Henkel U.S. Operations Corporation,56977,NY,MAT,NPCC,Industrial NAICS Non-Cogen,339,WT,898.93,2023
57649,Elm Creek Wind II LLC,Avangrid Renewables LLC,15399,MN,WNC,MRO,NAICS-22 Non-Cogen,22,WT,251066.0,2023
57663,Cimarron Windpower II,Duke Energy Renewables Services,65411,KS,WNC,MRO,NAICS-22 Non-Cogen,22,WT,475457.0,2023
57675,"Pioneer Trail Wind Farm, LLC","RWE Renewables Americas, LLC",56215,IL,ENC,SERC,NAICS-22 Non-Cogen,22,WT,433832.0,2023
57678,"Post Rock Wind Power Project, LLC",Pattern Operators LP,56545,KS,WNC,MRO,NAICS-22 Non-Cogen,22,WT,455751.0,2023
57700,Vasco Winds,"Vasco Winds, LLC",57024,CA,PACC,WECC,NAICS-22 Non-Cogen,22,WT,215994.0,2023
57701,Montezuma Wind II,"NextEra Energy Montezuma Wind II, LLC",57026,CA,PACC,WECC,NAICS-22 Non-Cogen,22,WT,196635.0,2023
57721,Berkshire Wind Power Project,Massachusetts Mun Wholes Electric Co,11806,MA,NEW,NPCC,Electric Utility,22,WT,30551.0,2023
57725,Shiloh IV Wind Project LLC,"EDF Renewable Asset Holdings, Inc.",57170,CA,PACC,WECC,NAICS-22 Non-Cogen,22,WT,294363.0,2023
57732,UMM Wind Turbine,University of Minnesota Morris Campus,57046,MN,WNC,MRO,Commercial NAICS Non-Cogen,611,WT,0.0,2023
57744,Laurel Hill Wind,Duke Energy Renewables Services,65411,PA,MAT,RFC,NAICS-22 Non-Cogen,22,WT,154149.0,2023
57748,Gordon Butte Wind LLC,Gordon Butte Wind LLC,57042,MT,MTN,WECC,NAICS-22 Non-Cogen,22,WT,66472.0,2023
57749,Sawtooth Wind Project,Idaho Winds LLC,57041,ID,MTN,WECC,NAICS-22 Non-Cogen,22,WT,56449.0,2023
57751,Los Vientos Wind 1A,Duke Energy Renewables Services,65411,TX,WSC,TRE,NAICS-22 Non-Cogen,22,WT,456799.0,2023
57752,Los Vientos Wind 1B,Duke Energy Renewables Services,65411,TX,WSC,TRE,NAICS-22 Non-Cogen,22,WT,251582.0,2023
57755,TPW Petersburg,TPW Petersburg LLC,57050,NE,WNC,MRO,NAICS-22 Non-Cogen,22,WT,151118.0,2023
57756,Coastal Energy Project,Coastal Community Action Program,57066,WA,PACC,WECC,NAICS-22 Non-Cogen,22,WT,11644.0,2023
57757,Pacific Wind LLC,"EDF Renewable Asset Holdings, Inc.",57170,CA,PACC,WECC,NAICS-22 Non-Cogen,22,WT,263952.0,2023
57760,Power County Wind Park South,Power County Wind Park South LLC,57068,ID,MTN,WECC,NAICS-22 Non-Cogen,22,WT,41240.0,2023
57761,Power County Wind Park North,Power County Wind Park North LLC,57069,ID,MTN,WECC,NAICS-22 Non-Cogen,22,WT,48081.0,2023
57762,Cimarron Wind Energy LLC,Cimarron Wind Energy LLC,58143,KS,WNC,MRO,NAICS-22 Non-Cogen,22,WT,485403.0,2023
57766,Rockland Wind Farm,Ridgeline Energy LLC,57075,ID,MTN,WECC,NAICS-22 Non-Cogen,22,WT,219435.0,2023
57767,Brown County Wind Turbine,Adams Electric Cooperative,57077,IL,ENC,SERC,Electric Utility,22,WT,2597.0,2023
57769,Mehoopany Wind Energy LLC,AE Power Services LLC,55963,PA,MAT,RFC,NAICS-22 Non-Cogen,22,WT,343329.0,2023
57774,Windstar 1,Nextera Energy Resources,64260,CA,PACC,WECC,NAICS-22 Non-Cogen,22,WT,192470.0,2023
57775,Kingman 1,Brookfield Renewable Trading and Marketing LP,63235,AZ,MTN,WECC,NAICS-22 Non-Cogen,22,WT,17264.0,2023
57787,Flat Ridge 2 Wind Energy LLC,AE Power Services LLC,55963,KS,WNC,MRO,NAICS-22 Non-Cogen,22,WT,966191.0,2023
57791,Foundation AB,"Foundation HA Energy Generation, LLC",56930,CA,PACC,WECC,NAICS-22 Non-Cogen,22,WT,2867.0,2023
57792,Foundation IE,"Foundation HA Energy Generation, LLC",56930,CA,PACC,WECC,NAICS-22 Non-Cogen,22,WT,391.0,2023
57800,Bison 2 Wind Energy Center,"ALLETE, Inc.",12647,ND,WNC,MRO,Electric Utility,22,WT,236839.0,2023
57801,Bison 3 Wind Energy Center,"ALLETE, Inc.",12647,ND,WNC,MRO,Electric Utility,22,WT,242113.0,2023
57802,Magic Valley Wind Farm I LLC,"RWE Renewables Americas, LLC",56215,TX,WSC,TRE,NAICS-22 Non-Cogen,22,WT,437716.0,2023
57803,Lime Wind,Lime Wind LLC,57122,OR,PACC,WECC,NAICS-22 Non-Cogen,22,WT,4787.0,2023
57813,GL Wind,GL Wind LLC,57127,MN,WNC,MRO,NAICS-22 Non-Cogen,22,WT,9480.0,2023
57823,WCROC Wind Farm,University of Minnesota WCROC,57138,MN,WNC,MRO,NAICS-22 Non-Cogen,22,WT,4550.0,2023
57830,Rippey Wind Farm,Greenbacker Renewable Energy Corporation,60025,IA,WNC,MRO,NAICS-22 Non-Cogen,22,WT,151084.0,2023
57832,Hawkeye Wind Farm,Greenbacker Renewable Energy Corporation,60025,IA,WNC,MRO,NAICS-22 Non-Cogen,22,WT,97114.0,2023
57833,Mustang Hills LLC,"Mustang Hills, LLC (Longroad)",65911,CA,PACC,WECC,NAICS-22 Non-Cogen,22,WT,248109.0,2023
57834,Pinyon Pine I,"Pinyon Pines Wind I, LLC",59868,CA,PACC,WECC,NAICS-22 Non-Cogen,22,WT,248319.0,2023
57835,Alta Wind VIII,Nextera Energy Resources,64260,CA,PACC,WECC,NAICS-22 Non-Cogen,22,WT,186410.0,2023
57837,Pinyon Pine II,"Pinyon Pines Wind II, LLC",59869,CA,PACC,WECC,NAICS-22 Non-Cogen,22,WT,188896.0,2023
57844,Franklin County Wind Farm,Interstate Power and Light Co,9417,IA,WNC,MRO,Electric Utility,22,WT,236198.0,2023
57851,Sigel Wind Park,DTE Electric Company,5109,MI,ENC,RFC,Electric Utility,22,WT,228269.0,2023
57852,Minden Wind Park,DTE Electric Company,5109,MI,ENC,RFC,Electric Utility,22,WT,103924.0,2023
57853,McKinley Wind Park,DTE Electric Company,5109,MI,ENC,RFC,Electric Utility,22,WT,48643.0,2023
57855,Ipswich Wind Turbine,Town of Ipswich - (MA),9442,MA,NEW,NPCC,Electric Utility,22,WT,3070.0,2023
57858,Caney River Wind Project,Caney River Wind Project,57191,KS,WNC,MRO,NAICS-22 Non-Cogen,22,WT,675243.0,2023
57862,"Wildcat Wind Farm I, LLC","RWE Renewables Americas, LLC",56215,IN,ENC,RFC,NAICS-22 Non-Cogen,22,WT,649922.0,2023
57866,Golden Spread Panhandle Wnd Rch,"Golden Spread Electric Cooperative, Inc",7349,TX,WSC,MRO,Electric Utility,22,WT,192543.0,2023
57867,Howard Wind Farm,Howard Wind LLC (Longroad),65910,NY,MAT,NPCC,NAICS-22 Non-Cogen,22,WT,107626.0,2023
57873,Eclipse Wind Farm,MidAmerican Energy Co,12341,IA,WNC,MRO,Electric Utility,22,WT,754226.0,2023
57874,Vienna Wind Farm,MidAmerican Energy Co,12341,IA,WNC,MRO,Electric Utility,22,WT,403254.0,2023
57875,Morning Light Wind Farm,MidAmerican Energy Co,12341,IA,WNC,MRO,Electric Utility,22,WT,351709.0,2023
57880,Eolos Wind Energy Research Field Station,Regents of the University of Minnesota,57215,MN,WNC,MRO,NAICS-22 Non-Cogen,22,WT,2281.0,2023
57887,Wildcat Wind,"Wildcat Wind, LLC",57257,NM,MTN,MRO,NAICS-22 Non-Cogen,22,WT,56495.0,2023
57888,Harvest 2,"Harvest II Windfarm, LLC",57256,MI,ENC,RFC,NAICS-22 Non-Cogen,22,WT,180199.0,2023
57890,"Horse Butte Wind I, LLC",Utah Associated Mun Power Sys,40575,ID,MTN,WECC,Electric Utility,22,WT,149368.0,2023
57913,Tule Wind LLC,Avangrid Renewables LLC,15399,CA,PACC,WECC,NAICS-22 Non-Cogen,22,WT,413516.0,2023
57927,Baffin Wind,Avangrid Renewables LLC,15399,TX,WSC,TRE,NAICS-22 Non-Cogen,22,WT,323548.0,2023
57935,Eva Creek Wind,Golden Valley Elec Assn Inc,7353,AK,PACN,,Electric Utility,22,WT,31127.0,2023
57947,Macho Springs Power I,Capital Power Corporation,59365,NM,MTN,WECC,NAICS-22 Non-Cogen,22,WT,131779.0,2023
57956,"Minco Wind II, LLC","FPLE Wind, LLC",56925,OK,WSC,MRO,NAICS-22 Non-Cogen,22,WT,296494.0,2023
57962,Brookfield Tehachapi 1,"Coram California Development, L.P.",60081,CA,PACC,WECC,NAICS-22 Non-Cogen,22,WT,220358.0,2023
57963,Musselshell Wind Project,Musselshell Wind Project LLC,57333,MT,MTN,WECC,NAICS-22 Non-Cogen,22,WT,19300.0,2023
57964,Shady Oaks Wind Farm,Algonquin Power Co,59050,IL,ENC,MRO,NAICS-22 Non-Cogen,22,WT,318802.0,2023
57965,Musselshell Wind Project Two LLC,Musselshell Wind Project Two LLC,57338,MT,MTN,WECC,NAICS-22 Non-Cogen,22,WT,23623.0,2023
57968,Cashton Greens Wind Farm,Cashton Greens Wind Farm LLC,57340,WI,ENC,MRO,NAICS-22 Non-Cogen,22,WT,10038.0,2023
57973,Spinning Spur Wind LLC,"EDF Renewable Asset Holdings, Inc.",57170,TX,WSC,MRO,NAICS-22 Non-Cogen,22,WT,346496.0,2023
57974,Bobcat Bluff Wind Project LLC,"EDF Renewable Asset Holdings, Inc.",57170,TX,WSC,TRE,NAICS-22 Non-Cogen,22,WT,517663.0,2023
57975,Spearville 3 LLC,"EDF Renewable Asset Holdings, Inc.",57170,KS,WNC,MRO,NAICS-22 Non-Cogen,22,WT,198181.0,2023
57976,Pocahontas Prairie Wind Farm,MidAmerican Energy Co,12341,IA,WNC,MRO,Electric Utility,22,WT,370575.0,2023
57979,Kingdom Community Wind,Green Mountain Power Corp,7601,VT,NEW,NPCC,Electric Utility,22,WT,155248.0,2023
57980,Busch Ranch Wind Energy Farm,"Black Hills Colorado Electric, LLC",56146,CO,MTN,WECC,Electric Utility,22,WT,85237.0,2023
57981,Senate Wind LLC,Algonquin Power Co,59050,TX,WSC,TRE,NAICS-22 Non-Cogen,22,WT,463145.0,2023
57983,Stephens Ranch Wind Energy LLC,Stephens Ranch Wind Energy LLC,57355,TX,WSC,TRE,NAICS-22 Non-Cogen,22,WT,1174573.0,2023
57984,Lake Winds Energy Park,Consumers Energy Co - (MI),4254,MI,ENC,RFC,Electric Utility,22,WT,241534.0,2023
57987,Canadian Hills Wind,Canadian Hills Wind LLC,57363,OK,WSC,MRO,NAICS-22 Non-Cogen,22,WT,377450.0,2023
57991,Highland North Wind Farm,Vitol PA Wind LLC,65287,PA,MAT,RFC,NAICS-22 Non-Cogen,22,WT,167338.0,2023
57995,NaturEner Rim Rock Energy,NaturEner Rim Rock Energy LLC,57370,MT,MTN,WECC,NAICS-22 Non-Cogen,22,WT,563641.0,2023
57996,Auwahi Wind Energy Hybrid,Auwahi Wind Energy LLC,57372,HI,PACN,,NAICS-22 Non-Cogen,22,WT,83708.0,2023
57998,Twin Ridges Wind Farm,Vitol PA Wind LLC,65287,PA,MAT,RFC,NAICS-22 Non-Cogen,22,WT,382545.0,2023
57999,Patton Wind Farm,Vitol PA Wind LLC,65287,PA,MAT,RFC,NAICS-22 Non-Cogen,22,WT,81248.0,2023
58000,"Anacacho Wind Farm, LLC","RWE Renewables Americas, LLC",56215,TX,WSC,TRE,NAICS-22 Non-Cogen,22,WT,316401.0,2023
58004,Granite Reliable Power,NexteraEnergy,64421,NH,NEW,NPCC,NAICS-22 Non-Cogen,22,WT,173252.0,2023
58008,California Ridge Wind Energy LLC,SunEdison LLC,59139,IL,ENC,SERC,NAICS-22 Non-Cogen,22,WT,676067.0,2023
58018,Shooting Star,"Shooting Star Power Partners, LLC",57395,KS,WNC,MRO,NAICS-22 Non-Cogen,22,WT,192380.0,2023
58019,High Mesa,"High Mesa Energy, LLC",57396,ID,MTN,WECC,NAICS-22 Non-Cogen,22,WT,84016.0,2023
58020,Beebe 1A,"Beebe Renewable Energy, LLC",57397,MI,ENC,RFC,NAICS-22 Non-Cogen,22,WT,182887.0,2023
58021,Whitetail,"Whitetail Wind Energy, LLC",57398,TX,WSC,TRE,NAICS-22 Non-Cogen,22,WT,166729.0,2023
58025,Mt Wachusett Community College,Mt Wachusett Community College,57401,MA,NEW,NPCC,Commercial NAICS Non-Cogen,611,WT,3847.14,2023
58026,Spruce Mountain WInd,CPV Spruce Mountain Wind LLC,57402,ME,NEW,NPCC,NAICS-22 Non-Cogen,22,WT,52936.0,2023
58038,Buffalo Center Wind LLC,Buffalo Center Wind LLC,57409,IA,WNC,MRO,NAICS-22 Non-Cogen,22,WT,4956.0,2023
58041,Chisholm View Wind Project,Chisholm View Wind Project,57412,OK,WSC,MRO,NAICS-22 Non-Cogen,22,WT,922349.0,2023
58044,"Anchor Wind, LLC","Acciona Energy USA Global, LLC",57416,IA,WNC,MRO,NAICS-22 Non-Cogen,22,WT,7798.0,2023
58045,Community Wind South,Greenbacker Renewable Energy Corporation,60025,MN,WNC,MRO,NAICS-22 Non-Cogen,22,WT,44398.0,2023
58048,BayWa r.e Mozart LLC,"Chopin Wind, LLC",57421,TX,WSC,TRE,NAICS-22 Non-Cogen,22,WT,59055.0,2023
58065,Charlestown Wind Turbine,MWRA Charlestown,57443,MA,NEW,NPCC,NAICS-22 Non-Cogen,22,WT,1134.0,2023
58071,Windwalkers LLC,Consolidated Edison Development Inc.,56769,IA,WNC,MRO,NAICS-22 Non-Cogen,22,WT,4426.0,2023
58078,Rocky Ridge Wind Project,Rocky Ridge Wind Project LLC,57451,OK,WSC,MRO,NAICS-22 Non-Cogen,22,WT,364400.0,2023
58080,Wolf Ridge Wind,NextEra Wolf Ridge LLC,57460,TX,WSC,TRE,NAICS-22 Non-Cogen,22,WT,375642.0,2023
58088,Stony Creek Wind Farm NY,Invenergy Services LLC,49893,NY,MAT,NPCC,NAICS-22 Non-Cogen,22,WT,221746.0,2023
58089,Roeder Family Wind Farm LLC,Consolidated Edison Development Inc.,56769,IA,WNC,MRO,NAICS-22 Non-Cogen,22,WT,5061.0,2023
58098,El Cabo Wind,Avangrid Renewables LLC,15399,NM,MTN,WECC,NAICS-22 Non-Cogen,22,WT,1132521.0,2023
58099,Montague Wind Power Facility LLC,Avangrid Renewables LLC,15399,OR,PACC,WECC,NAICS-22 Non-Cogen,22,WT,480516.0,2023
58101,Foundation Cemex River Plant,Foundation CA Fund VI Manager LLC,57476,CA,PACC,WECC,NAICS-22 Non-Cogen,22,WT,3268.0,2023
58102,Foundation Cemex BMQ,Foundation CA Fund VI Manager LLC,57476,CA,PACC,WECC,NAICS-22 Non-Cogen,22,WT,3542.0,2023
58103,Heritage Garden Wind Farm I LLC,DTE Sustainable Generation,64331,MI,ENC,RFC,NAICS-22 Non-Cogen,22,WT,67026.0,2023
58104,Foundation Superior Farms,Foundation CA Fund VI Manager LLC,57476,CA,PACC,WECC,Industrial NAICS Non-Cogen,311,WT,1365.0,2023
58105,Foundation Wal-Mart Red Bluff,Foundation CA Fund VI Manager LLC,57476,CA,PACC,WECC,Commercial NAICS Non-Cogen,421,WT,1774.0,2023
58106,Meadow Creek Project Company,Ridgeline Energy LLC,57075,ID,MTN,WECC,NAICS-22 Non-Cogen,22,WT,266174.0,2023
58111,Bishop Hill II Wind Farm,"Bishop Hill Energy II, LLC",59870,IL,ENC,SERC,NAICS-22 Non-Cogen,22,WT,228951.0,2023
58112,Foundation Cemex Madison,"Foundation CA Fund V Manager, LLC",57484,CA,PACC,WECC,NAICS-22 Non-Cogen,22,WT,1600.0,2023
58113,Foundation RRM,"Foundation CA Fund V Manager, LLC",57484,CA,PACC,WECC,NAICS-22 Non-Cogen,22,WT,9575.0,2023
58114,Foundation NWNA,"Foundation CA Fund V Manager, LLC",57484,CA,PACC,WECC,NAICS-22 Non-Cogen,22,WT,23004.0,2023
58121,Echo Wind Park,DTE Electric Company,5109,MI,ENC,RFC,Electric Utility,22,WT,358864.0,2023
58126,Limon Wind I,Limon,57503,CO,MTN,WECC,NAICS-22 Non-Cogen,22,WT,530231.0,2023
58127,Limon Wind II,Limon,57503,CO,MTN,WECC,NAICS-22 Non-Cogen,22,WT,456830.0,2023
58137,Ensign Wind LLC,NextEra Energy Resources Ensign Wind,58090,KS,WNC,MRO,NAICS-22 Non-Cogen,22,WT,483004.0,2023
58141,Groton Wind LLC,Avangrid Renewables LLC,15399,NH,NEW,NPCC,NAICS-22 Non-Cogen,22,WT,101816.0,2023
58154,North Sky River Energy LLC,North Sky River Energy LLC,58121,CA,PACC,WECC,NAICS-22 Non-Cogen,22,WT,386646.0,2023
58155,Perrin Ranch Wind LLC,Perrin Ranch Wind LLC,58132,AZ,MTN,WECC,NAICS-22 Non-Cogen,22,WT,222297.0,2023
58203,"Minco Wind III, LLC","FPLE Wind, LLC",56925,OK,WSC,MRO,NAICS-22 Non-Cogen,22,WT,421709.0,2023
58209,"NextEra-Blackwell Wind, LLC","Blackwell Wind, LLC",58180,OK,WSC,MRO,NAICS-22 Non-Cogen,22,WT,89320.0,2023
58218,Spion Kop Wind Farm,NorthWestern Energy (MT wind/thermal),56815,MT,MTN,WECC,Electric Utility,22,WT,112224.0,2023
58220,Haviland Plastic Products,Haviland Plastic Products Co,58187,OH,ENC,RFC,Industrial NAICS Non-Cogen,326,WT,11722.0,2023
58233,Wagner Wind LLC,Greenbacker Renewable Energy Corporation,60025,CA,PACC,WECC,NAICS-22 Non-Cogen,22,WT,13666.0,2023
58238,Georgia Mountain Community Wind Farm,Greenbacker Renewable Energy Corporation,60025,VT,NEW,NPCC,NAICS-22 Non-Cogen,22,WT,23604.0,2023
58242,Pattern Panhandle Wind LLC,Pattern Operators LP,56545,TX,WSC,TRE,NAICS-22 Non-Cogen,22,WT,535852.0,2023
58321,Goldthwaite Wind Energy Facility,Invenergy Services LLC,49893,TX,WSC,TRE,NAICS-22 Non-Cogen,22,WT,490146.0,2023
58322,Prairie Breeze,SunEdison LLC,59139,NE,WNC,MRO,NAICS-22 Non-Cogen,22,WT,765725.0,2023
58324,Vansycle II Wind Energy Center,FPL Energy Stateline II Inc,58298,OR,PACC,WECC,NAICS-22 Non-Cogen,22,WT,329169.0,2023
58351,Tuscola Bay Wind,Tuscola Bay Wind LLC,58340,MI,ENC,RFC,NAICS-22 Non-Cogen,22,WT,328113.0,2023
58363,Majestic II Wind,NextEra Energy Majestic Wind,58353,TX,WSC,TRE,NAICS-22 Non-Cogen,22,WT,180749.0,2023
58372,Blue Summit Wind LLC,Blue Summit Wind LLC,58360,TX,WSC,TRE,NAICS-22 Non-Cogen,22,WT,492554.0,2023
58394,Alta Wind X,"Alta Wind X, LLC",58379,CA,PACC,WECC,NAICS-22 Non-Cogen,22,WT,336516.0,2023
58395,Alta Wind XI,"Alta Wind XI, LLC",58380,CA,PACC,WECC,NAICS-22 Non-Cogen,22,WT,247648.0,2023
58404,Pantex,Pantex (NNSA),58388,TX,WSC,MRO,Commercial NAICS Non-Cogen,928,WT,23605.0,2023
58407,Luther College Wind Project,Luther College Wind Energy Project LLC,58389,IA,WNC,MRO,NAICS-22 Non-Cogen,22,WT,10.0,2023
58414,NLMU Wind,New London Municipal Utilities,13468,IA,WNC,MRO,Electric Utility,22,WT,4690.0,2023
58416,Headwaters Wind Farm LLC,Headwaters Wind Farm LLC,58412,IN,ENC,RFC,NAICS-22 Non-Cogen,22,WT,622926.0,2023
58425,Fire Island Wind,Fire Island Wind LLC,58422,AK,PACN,,NAICS-22 Non-Cogen,22,WT,46280.0,2023
58441,Swauk Wind LLC,Gamesa Wind US LLC,58430,WA,PACC,WECC,NAICS-22 Non-Cogen,22,WT,5965.0,2023
58444,Junction Hilltop Wind Farm,Junction Hilltop Management LLC,58439,IA,WNC,MRO,NAICS-22 Non-Cogen,22,WT,24156.0,2023
58456,Cumberland Rose,"Cumberland Rose Wind Energy, LLC",58444,IA,WNC,MRO,NAICS-22 Non-Cogen,22,WT,4908.0,2023
58457,Fontanelle,"Forward Fontanelle Power, LLC",58445,IA,WNC,MRO,NAICS-22 Non-Cogen,22,WT,5195.0,2023
58458,Greenfield Wind,"Greenfield Wind Power, LLC",58446,IA,WNC,MRO,NAICS-22 Non-Cogen,22,WT,4749.0,2023
58459,Meadow Ridge,"Meadow Ridge Wind Energy, LLC",58447,IA,WNC,MRO,NAICS-22 Non-Cogen,22,WT,5048.0,2023
58460,Sky Volt,"Sky Volt, LLC",58448,IA,WNC,MRO,NAICS-22 Non-Cogen,22,WT,4014.0,2023
58461,Wiota,"Wiota Wind Energy, LLC #1",58449,IA,WNC,MRO,NAICS-22 Non-Cogen,22,WT,5084.0,2023
58464,Broadview Energy Prime LLC,"Chopin Wind, LLC",57421,NM,MTN,MRO,NAICS-22 Non-Cogen,22,WT,33424.0,2023
58465,Broadview Energy Prime 2 LLC,"Chopin Wind, LLC",57421,NM,MTN,MRO,NAICS-22 Non-Cogen,22,WT,33424.0,2023
58474,Buffalo Dunes Wind Project,Buffalo Dunes Wind Project LLC,58461,KS,WNC,MRO,NAICS-22 Non-Cogen,22,WT,797468.0,2023
58511,Delta Wind Farm,Alaska Environmental Power,58488,AK,PACN,,NAICS-22 Non-Cogen,22,WT,3983.0,2023
58548,Huerfano River Wind,"Huerfano River Wind, LLC",58520,CO,MTN,WECC,NAICS-22 Non-Cogen,22,WT,12416.0,2023
58571,Tucannon River Wind Farm,Portland General Electric Co,15248,WA,PACC,WECC,Electric Utility,22,WT,678459.0,2023
58580,Pheasant Run Wind LLC,Pheasant Run Wind LLC,58539,MI,ENC,RFC,NAICS-22 Non-Cogen,22,WT,223005.0,2023
58587,Tuscola Wind II LLC,Tuscola Wind II LLC,58545,MI,ENC,RFC,NAICS-22 Non-Cogen,22,WT,261820.0,2023
58594,Steele Flats Wind Project LLC,Steele Flats Wind Project LLC,58551,NE,WNC,MRO,NAICS-22 Non-Cogen,22,WT,289323.0,2023
58596,"Grandview Wind Farm, LLC","RWE Renewables Americas, LLC",56215,TX,WSC,TRE,NAICS-22 Non-Cogen,22,WT,893125.0,2023
58608,Saddleback Ridge Wind Farm,"CPV Saddleback Ridge Wind, LLC",58565,ME,NEW,NPCC,NAICS-22 Non-Cogen,22,WT,82532.0,2023
58614,Patriot Wind Farm,Avangrid Renewables LLC,15399,TX,WSC,TRE,NAICS-22 Non-Cogen,22,WT,641357.0,2023
58620,Canton Mountain Wind,CPV Canton Mountain Wind LLC,58574,ME,NEW,NPCC,NAICS-22 Non-Cogen,22,WT,50088.0,2023
58630,RP Wind,Consolidated Edison Solutions Inc.,57365,OH,ENC,RFC,NAICS-22 Non-Cogen,22,WT,7605.0,2023
58657,Odell Wind Farm,Algonquin Power Co,59050,MN,WNC,MRO,NAICS-22 Non-Cogen,22,WT,739014.0,2023
58658,Courtenay Wind Farm,Northern States Power Co - Minnesota,13781,ND,WNC,MRO,Electric Utility,22,WT,694555.0,2023
58661,Cape Cod Air Force Station - 6 SWS,US Air Force,58604,MA,NEW,NPCC,Commercial NAICS Non-Cogen,928,WT,7043.0,2023
58666,Alexander Wind Farm LLC,SRIV Partnership LLC,62042,KS,WNC,MRO,NAICS-22 Non-Cogen,22,WT,188190.0,2023
58677,Gratiot County Wind LLC,Invenergy Services LLC,49893,MI,ENC,RFC,NAICS-22 Non-Cogen,22,WT,228114.0,2023
58681,Route 66 Wind Plant,Onward Energy,60453,TX,WSC,TRE,NAICS-22 Non-Cogen,22,WT,614753.0,2023
58683,"Osage Wind, LLC","Enel Green Power NA, Inc.",59380,OK,WSC,MRO,NAICS-22 Non-Cogen,22,WT,511878.0,2023
58686,Hancock Wind Plant,Onward Energy,60453,ME,NEW,NPCC,NAICS-22 Non-Cogen,22,WT,111364.0,2023
58690,Apple Blossom Wind Farm,"Apple Blossom Wind, LLC",60456,MI,ENC,RFC,NAICS-22 Non-Cogen,22,WT,229113.0,2023
58691,South Fork Wind Farm,"South Fork Wind, LLC",60458,MN,WNC,MRO,NAICS-22 Non-Cogen,22,WT,53996.0,2023
58692,Black Oak Wind Farm,"Black Oak Wind, LLC",58625,MN,WNC,MRO,NAICS-22 Non-Cogen,22,WT,272706.0,2023
58694,Walnut Ridge Wind Farm,"BHE Renewables, LLC",59359,IL,ENC,RFC,NAICS-22 Non-Cogen,22,WT,747579.0,2023
58695,Grande Prairie Wind Farm,"BHE Renewables, LLC",59359,NE,WNC,MRO,NAICS-22 Non-Cogen,22,WT,1012371.0,2023
58719,Brookfield,DTE Electric Company,5109,MI,ENC,RFC,Electric Utility,22,WT,218620.0,2023
58720,Pattern Panhandle Wind 2 LLC,Pattern Operators LP,56545,TX,WSC,TRE,NAICS-22 Non-Cogen,22,WT,595089.0,2023
58765,Miami Wind Energy Center,Invenergy Services LLC,49893,TX,WSC,TRE,NAICS-22 Non-Cogen,22,WT,965855.0,2023
58766,Wake Wind Energy Center,Southern Power Co,17650,TX,WSC,TRE,NAICS-22 Non-Cogen,22,WT,954034.0,2023
58767,Buckeye Wind Energy Center,Invenergy Services LLC,49893,KS,WNC,MRO,NAICS-22 Non-Cogen,22,WT,743712.0,2023
58768,Marsh Hill Wind Farm,Invenergy Services LLC,49893,NY,MAT,NPCC,NAICS-22 Non-Cogen,22,WT,38128.0,2023
58769,Spring Canyon Expansion Wind Energy Ctr,Spring Canyon Expansion Wind Energy Ctr,64662,CO,MTN,WECC,NAICS-22 Non-Cogen,22,WT,189150.0,2023
58771,Roosevelt County,Boralex US Operations LLC,66100,NM,MTN,MRO,NAICS-22 Non-Cogen,22,WT,1038931.0,2023
58772,Longhorn Wind,Boralex US Operations LLC,66100,TX,WSC,TRE,NAICS-22 Non-Cogen,22,WT,768728.0,2023
58773,TX Hereford Wind,"EDF Renewable Asset Holdings, Inc.",57170,TX,WSC,TRE,NAICS-22 Non-Cogen,22,WT,718144.0,2023
58774,Spinning Spur Wind II,"EDF Renewable Asset Holdings, Inc.",57170,TX,WSC,TRE,NAICS-22 Non-Cogen,22,WT,543867.0,2023
58775,Spinning Spur Wind III,Boralex US Operations LLC,66100,TX,WSC,TRE,NAICS-22 Non-Cogen,22,WT,762254.0,2023
58777,Cassadaga Wind Farm,"RWE Renewables Americas, LLC",56215,NY,MAT,NPCC,NAICS-22 Non-Cogen,22,WT,234729.0,2023
58780,Scioto Ridge Wind Farm,"RWE Renewables Americas, LLC",56215,OH,ENC,RFC,NAICS-22 Non-Cogen,22,WT,521333.0,2023
58830,Cross Winds Energy Park,Consumers Energy Co - (MI),4254,MI,ENC,RFC,Electric Utility,22,WT,669497.0,2023
58833,Red Horse 2,Red Horse 2,59146,AZ,MTN,WECC,NAICS-22 Non-Cogen,22,WT,68519.0,2023
58836,Lakeswind Power Partners,Lakeswind Power Partners,58710,MN,WNC,MRO,NAICS-22 Non-Cogen,22,WT,154705.0,2023
58837,Na Pua Makani Wind Project,Na Pua Makani Power Partners LLC,58718,HI,PACN,,NAICS-22 Non-Cogen,22,WT,93208.0,2023
58838,Keechi Wind,"Keechi Wind, LLC",62969,TX,WSC,TRE,NAICS-22 Non-Cogen,22,WT,411852.0,2023
58872,Bison 4 Wind Energy Center,"ALLETE, Inc.",12647,ND,WNC,MRO,Electric Utility,22,WT,608448.0,2023
58883,Highland Wind Project (IA),MidAmerican Energy Co,12341,IA,WNC,MRO,Electric Utility,22,WT,1616400.0,2023
58884,Lundgren Wind Project,MidAmerican Energy Co,12341,IA,WNC,MRO,Electric Utility,22,WT,805841.0,2023
58885,Macksburg Wind Project,MidAmerican Energy Co,12341,IA,WNC,MRO,Electric Utility,22,WT,322311.0,2023
58886,Wellsburg Wind Project,MidAmerican Energy Co,12341,IA,WNC,MRO,Electric Utility,22,WT,441755.0,2023
58887,Com Adam 1WF-1,FPC Services Inc.,58760,IL,ENC,RFC,NAICS-22 Non-Cogen,22,WT,6488.0,2023
58891,"Big Turtle Wind Farm, LLC",DTE Sustainable Generation,64331,MI,ENC,RFC,NAICS-22 Non-Cogen,22,WT,66082.0,2023
58898,Pilot Hill Wind Farm,"EDF Renewable Asset Holdings, Inc.",57170,IL,ENC,RFC,NAICS-22 Non-Cogen,22,WT,568025.0,2023
58900,Balko Wind LLC,Balko Wind LLC,58770,OK,WSC,MRO,NAICS-22 Non-Cogen,22,WT,975274.0,2023
58902,Kingfisher Wind LLC,Kingfisher Wind LLC,58773,OK,WSC,MRO,NAICS-22 Non-Cogen,22,WT,820274.0,2023
58904,Fourmile Ridge,"Fourmile Wind Energy, LLC",58784,MD,SAT,RFC,NAICS-22 Non-Cogen,22,WT,111412.0,2023
58908,Beebe 1B,"Beebe 1B Renewable Energy, LLC",58785,MI,ENC,RFC,NAICS-22 Non-Cogen,22,WT,118996.0,2023
58924,Sugar Creek Wind One LLC,Sugar Creek Wind One LLC,60568,IL,ENC,SERC,NAICS-22 Non-Cogen,22,WT,606875.0,2023
58925,Lincoln Land Wind,"Lincoln Land Wind, LLC",60569,IL,ENC,SERC,NAICS-22 Non-Cogen,22,WT,949341.0,2023
58927,Story City Wind Project,Hamilton Wind Energy LLC,58795,IA,WNC,MRO,NAICS-22 Non-Cogen,22,WT,2560.0,2023
58932,Traer Wind Project,City of Traer - (IA),19062,IA,WNC,MRO,Electric Utility,22,WT,5794.0,2023
58938,Origin Wind,"Enel Green Power NA, Inc.",59380,OK,WSC,MRO,NAICS-22 Non-Cogen,22,WT,519805.0,2023
58939,Anderson Wind I,"Chopin Wind, LLC",57421,NM,MTN,MRO,NAICS-22 Non-Cogen,22,WT,17575.0,2023
58940,Anderson Wind II,"Chopin Wind, LLC",57421,NM,MTN,MRO,NAICS-22 Non-Cogen,22,WT,35150.0,2023
58958,Camelot Wind LLC,Camelot Wind LLC,58821,MA,NEW,NPCC,NAICS-22 Non-Cogen,22,WT,2460.0,2023
58965,"Thunder Spirit Wind, LLC",Montana-Dakota Utilities Co,12199,ND,WNC,MRO,Electric Utility,22,WT,487744.0,2023
58966,Fairfield Wind,Greenbacker Renewable Energy Corporation,60025,MT,MTN,WECC,NAICS-22 Non-Cogen,22,WT,25762.0,2023
58979,Copenhagen Wind Farm,"EDF Renewable Asset Holdings, Inc.",57170,NY,MAT,NPCC,NAICS-22 Non-Cogen,22,WT,221831.0,2023
58981,"Broken Bow Wind II, LLC",Consolidated Edison Development Inc.,56769,NE,WNC,MRO,NAICS-22 Non-Cogen,22,WT,270086.0,2023
58992,Dept of Corrections NCCI Wind,Dept of Corrections NCCI Wind,58844,MA,NEW,NPCC,Commercial NAICS Non-Cogen,92214,WT,5216.0,2023
58994,Breckinridge Wind Project LLC,NextEra Energy Resources Breckinridge,59394,OK,WSC,MRO,NAICS-22 Non-Cogen,22,WT,364890.0,2023
58995,St. Olaf Wind Turbine,St. Olaf College,58828,MN,WNC,MRO,Commercial NAICS Non-Cogen,611,WT,2486.0,2023
58998,Goodwell Wind Project LLC,"Enel Green Power NA, Inc.",59380,OK,WSC,MRO,NAICS-22 Non-Cogen,22,WT,745738.0,2023
58999,Little Elk Wind Project LLC,"Enel Green Power NA, Inc.",59380,OK,WSC,MRO,NAICS-22 Non-Cogen,22,WT,310445.0,2023
59003,Two Dot Wind Farm,NorthWestern Energy (MT wind/thermal),56815,MT,MTN,WECC,Electric Utility,22,WT,33126.0,2023
59005,Mariah del Norte,"BHE Renewables, LLC",59359,TX,WSC,TRE,NAICS-22 Non-Cogen,22,WT,867827.0,2023
59021,Hoopeston Wind LLC,Hoopeston Wind LLC,58865,IL,ENC,SERC,NAICS-22 Non-Cogen,22,WT,334101.0,2023
59024,"Euclid Farm, Stamco N-54",Case Western Reserve University,58869,OH,ENC,RFC,NAICS-22 Non-Cogen,22,WT,560.0,2023
59034,Shannon Wind,Shannon Wind LLC,58872,TX,WSC,TRE,NAICS-22 Non-Cogen,22,WT,526366.0,2023
59053,Michelangelo Wind 3 LLC,Michelangelo Wind 3 LLC,58887,IA,WNC,MRO,NAICS-22 Non-Cogen,22,WT,8607.0,2023
59061,Radfords Run Wind Farm,"RWE Renewables Americas, LLC",56215,IL,ENC,RFC,NAICS-22 Non-Cogen,22,WT,1058352.0,2023
59063,Stella Wind Farm,"RWE Renewables Americas, LLC",56215,TX,WSC,TRE,NAICS-22 Non-Cogen,22,WT,599375.0,2023
59065,Drift Sand Wind Project LLC,"Enel Green Power NA, Inc.",59380,OK,WSC,MRO,NAICS-22 Non-Cogen,22,WT,383423.0,2023
59066,Bruennings Breeze Wind Farm,"RWE Renewables Americas, LLC",56215,TX,WSC,TRE,NAICS-22 Non-Cogen,22,WT,568276.0,2023
59068,"Colbeck's Corner, LLC","RWE Renewables Americas, LLC",56215,TX,WSC,TRE,NAICS-22 Non-Cogen,22,WT,851239.0,2023
59070,Jericho Power,Jericho Power LLC,58891,NH,NEW,NPCC,NAICS-22 Non-Cogen,22,WT,11861.0,2023
59071,Carroll Area Wind Farm,SRIV Partnership LLC,62042,IA,WNC,MRO,NAICS-22 Non-Cogen,22,WT,70274.0,2023
59076,Chopin Wind LLC,"Chopin Wind, LLC",57421,OR,PACC,WECC,NAICS-22 Non-Cogen,22,WT,25634.0,2023
59083,Limon III Wind LLC,Limon,57503,CO,MTN,WECC,NAICS-22 Non-Cogen,22,WT,766238.0,2023
59084,Marshall Wind Farm,"BHE Renewables, LLC",59359,KS,WNC,MRO,NAICS-22 Non-Cogen,22,WT,213739.0,2023
59118,Cameron Wind 1 LLC,Cameron Wind 1 LLC,58939,TX,WSC,TRE,NAICS-22 Non-Cogen,22,WT,345986.0,2023
59147,Fair Wind,"Fair Wind Power Partners, LLC",58962,MD,SAT,RFC,NAICS-22 Non-Cogen,22,WT,86154.0,2023
59187,Beethoven Wind,NorthWestern Energy - (SD),13809,SD,WNC,MRO,Electric Utility,22,WT,274538.0,2023
59193,Chapman Ranch Wind I,Chapman Ranch Wind LLC,58998,TX,WSC,TRE,NAICS-22 Non-Cogen,22,WT,595197.0,2023
59200,Border Winds Wind Farm,Northern States Power Co - Minnesota,13781,ND,WNC,MRO,Electric Utility,22,WT,583349.0,2023
59201,Pleasant Valley Wind Farm,Northern States Power Co - Minnesota,13781,MN,WNC,MRO,Electric Utility,22,WT,746827.0,2023
59222,Passadumkeag Windpark LLC,Southern Power Co,17650,ME,NEW,NPCC,NAICS-22 Non-Cogen,22,WT,129942.0,2023
59223,Optimum Wind 5 LLC,Optimum Wind 5 LLC,59017,IA,WNC,MRO,NAICS-22 Non-Cogen,22,WT,8190.0,2023
59224,Optimum Wind 6 LLC,Optimum Wind 6 LLC,59018,IA,WNC,MRO,NAICS-22 Non-Cogen,22,WT,9238.0,2023
59225,Optimum Wind 7 LLC,Optimum Wind 7 LLC,59019,IA,WNC,MRO,NAICS-22 Non-Cogen,22,WT,10133.0,2023
59226,Optimum Wind 4 LLC,Optimum Wind 4 LLC,59024,IA,WNC,MRO,NAICS-22 Non-Cogen,22,WT,8299.0,2023
59227,Optimum Wind 3 LLC,Optimum Wind 3 LLC,59025,IA,WNC,MRO,NAICS-22 Non-Cogen,22,WT,7136.0,2023
59228,Leonardo Wind 1 LLC,Leonardo Wind 1 LLC,59022,IA,WNC,MRO,NAICS-22 Non-Cogen,22,WT,11210.0,2023
59230,Venus Wind 3 LLC,Venus Wind 3 LLC,59021,IA,WNC,MRO,NAICS-22 Non-Cogen,22,WT,5487.0,2023
59231,Michelangelo Wind 1 LLC,Michelangelo Wind 1 LLC,59026,IA,WNC,MRO,NAICS-22 Non-Cogen,22,WT,8572.0,2023
59232,Michelangelo Wind 4 LLC,Michelangelo Wind 4 LLC,59027,IA,WNC,MRO,NAICS-22 Non-Cogen,22,WT,9260.0,2023
59234,Arbuckle Mountain Wind Farm LLC,Arbuckle Mountain Wind Farm LLC,59039,OK,WSC,MRO,NAICS-22 Non-Cogen,22,WT,354618.0,2023
59235,Rising Tree Wind Farm II,Rising Tree Wind Farm II LLC,59040,CA,PACC,WECC,NAICS-22 Non-Cogen,22,WT,47713.0,2023
59236,Rising Tree Wind Farm III,Rising Tree Wind Farm III LLC,59042,CA,PACC,WECC,NAICS-22 Non-Cogen,22,WT,261726.0,2023
59238,Windthorst-2,"EDF Renewable Asset Holdings, Inc.",57170,TX,WSC,TRE,NAICS-22 Non-Cogen,22,WT,200964.0,2023
59244,Lorenzo Wind,"Lorenzo Wind, LLC",61133,TX,WSC,MRO,NAICS-22 Non-Cogen,22,WT,349571.0,2023
59245,Fluvanna,Fluvanna Wind Energy LLC,60042,TX,WSC,TRE,NAICS-22 Non-Cogen,22,WT,497772.0,2023
59247,Hale Community Wind Farm,Southwestern Public Service Co,17718,TX,WSC,MRO,NAICS-22 Non-Cogen,22,WT,1978407.0,2023
59284,Mammoth Plains,Mammoth Plains Wind Project,60768,OK,WSC,MRO,NAICS-22 Non-Cogen,22,WT,739758.0,2023
59292,Rattlesnake Creek Wind Project,"Rattlesnake Creek Wind Project, LLC",61414,NE,WNC,MRO,NAICS-22 Non-Cogen,22,WT,955937.0,2023
59295,WED NK Green,WED NK Green LLC,59097,RI,NEW,NPCC,NAICS-22 Non-Cogen,22,WT,2159.0,2023
59296,Northwest Ohio Wind,"Northwest Ohio Wind, LLC",59098,OH,ENC,RFC,NAICS-22 Non-Cogen,22,WT,278021.0,2023
59301,WED Coventry 1,"WED Coventry One, LLC",59105,RI,NEW,NPCC,NAICS-22 Non-Cogen,22,WT,2343.0,2023
59302,WED Coventry 2,"WED Coventry Two, LLC",59106,RI,NEW,NPCC,NAICS-22 Non-Cogen,22,WT,7272.0,2023
59305,WED Coventry 3,"WED Coventry Three, LLC",59107,RI,NEW,NPCC,NAICS-22 Non-Cogen,22,WT,2348.0,2023
59306,WED Coventry 4,"WED Coventry Four, LLC",59108,RI,NEW,NPCC,NAICS-22 Non-Cogen,22,WT,2159.0,2023
59311,Seiling Wind I,NextEra Energy Seiling Wind,59115,OK,WSC,MRO,NAICS-22 Non-Cogen,22,WT,720296.0,2023
59312,Seiling Wind II,NextEra Energy Seiling Wind,59115,OK,WSC,MRO,NAICS-22 Non-Cogen,22,WT,353472.0,2023
59313,WED Coventry 5,Greenbacker Renewable Energy Corporation,60025,RI,NEW,NPCC,NAICS-22 Non-Cogen,22,WT,2381.0,2023
59314,WED Coventry 6,Greenbacker Renewable Energy Corporation,60025,RI,NEW,NPCC,NAICS-22 Non-Cogen,22,WT,6793.0,2023
59320,Los Vientos Windpower III,Duke Energy Renewables Services,65411,TX,WSC,TRE,NAICS-22 Non-Cogen,22,WT,536491.0,2023
59321,Los Vientos Windpower IV,Duke Energy Renewables Services,65411,TX,WSC,TRE,NAICS-22 Non-Cogen,22,WT,575454.0,2023
59328,Golden Acorn Casino,"Foundation HA Energy Generation, LLC",56930,CA,PACC,WECC,Commercial NAICS Non-Cogen,713,WT,4846.0,2023
59329,City of Soledad Water Reclamation,"Foundation HA Energy Generation, LLC",56930,CA,PACC,WECC,NAICS-22 Non-Cogen,22,WT,4323.0,2023
59330,Taylor Farms,"Foundation HA Energy Generation, LLC",56930,CA,PACC,WECC,NAICS-22 Non-Cogen,22,WT,3985.0,2023
59331,Anheuser-Busch #2,"Foundation HA Energy Generation, LLC",56930,CA,PACC,WECC,Industrial NAICS Non-Cogen,312,WT,3511.0,2023
59332,Mesquite Creek Wind,Duke Energy Renewables Services,65411,TX,WSC,TRE,NAICS-22 Non-Cogen,22,WT,554682.0,2023
59384,South Plains Wind Phase I,"Evergreen Wind, LLC",59155,TX,WSC,TRE,NAICS-22 Non-Cogen,22,WT,560592.0,2023
59417,Pleasant Hill Wind Energy Project,Pleasant Hill Wind Energy LLC,59188,TX,WSC,MRO,NAICS-22 Non-Cogen,22,WT,32015.0,2023
59435,Oak Tree Energy,Consolidated Edison Development Inc.,56769,SD,WNC,MRO,NAICS-22 Non-Cogen,22,WT,66695.0,2023
59442,Logans Gap Wind LLC,Pattern Operators LP,56545,TX,WSC,TRE,NAICS-22 Non-Cogen,22,WT,625818.0,2023
59448,Waxdale,"S.C. Johnson & Son, Inc.",59216,WI,ENC,RFC,Industrial NAICS Cogen,325,WT,6545.0,2023
59460,"Kay Wind, LLC",Southern Power Co,17650,OK,WSC,MRO,NAICS-22 Non-Cogen,22,WT,940111.0,2023
59475,Palo Duro Wind,Palo Duro Wind,59238,TX,WSC,MRO,NAICS-22 Non-Cogen,22,WT,1028959.0,2023
59490,Jett Creek Windfarm (Burnt River),Jett Creek,59860,OR,PACC,WECC,NAICS-22 Non-Cogen,22,WT,25727.0,2023
59491,Benson Creek Windfarm (Burnt River),Benson Creek,59861,OR,PACC,WECC,NAICS-22 Non-Cogen,22,WT,26776.0,2023
59492,Durbin Creek Windfarm (Burnt River),Durbin Creek,59862,OR,PACC,WECC,NAICS-22 Non-Cogen,22,WT,22936.0,2023
59493,Prospector Windfarm (Burnt River),Prospector,59863,OR,PACC,WECC,NAICS-22 Non-Cogen,22,WT,25188.0,2023
59494,Willow Spring Windfarm (Burnt River),Willow Spring,59864,OR,PACC,WECC,NAICS-22 Non-Cogen,22,WT,28990.0,2023
59547,Fowler Ridge IV Wind Farm LLC,Pattern Operators LP,56545,IN,ENC,RFC,NAICS-22 Non-Cogen,22,WT,387658.0,2023
59621,TX Jumbo Road Wind,"TX Jumbo Road Wind, LLC",59871,TX,WSC,TRE,NAICS-22 Non-Cogen,22,WT,928115.0,2023
59622,Future Generation Wind,Consolidated Edison Solutions Inc.,57365,MA,NEW,NPCC,NAICS-22 Non-Cogen,22,WT,12218.0,2023
59629,Jericho Rise Wind Farm LLC,Jericho Rise Wind Farm LLC,59362,NY,MAT,NPCC,NAICS-22 Non-Cogen,22,WT,183425.0,2023
59637,Adams Wind,MidAmerican Energy Co,12341,IA,WNC,MRO,Electric Utility,22,WT,440076.0,2023
59639,"631-56 Airport Owner, LLC","631-56 Airport Owner, LLC",59395,MA,NEW,NPCC,Industrial NAICS Non-Cogen,335,WT,0.0,2023
59654,Sendero,"Sendero Wind Energy, LLC",59428,TX,WSC,TRE,NAICS-22 Non-Cogen,22,WT,272460.0,2023
59655,Campbell County Wind Farm,Consolidated Edison Development Inc.,56769,SD,WNC,MRO,NAICS-22 Non-Cogen,22,WT,318839.0,2023
59684,"Lindahl Wind Project, LLC","Enel Green Power NA, Inc.",59380,ND,WNC,MRO,NAICS-22 Non-Cogen,22,WT,525955.0,2023
59692,NBC Field's Point Wind Farm,Narragansett Bay Commission,59463,RI,NEW,NPCC,Commercial NAICS Non-Cogen,22132,WT,5781.0,2023
59712,"San Roman Wind I, LLC","Acciona Energy USA Global, LLC",57416,TX,WSC,TRE,NAICS-22 Non-Cogen,22,WT,167183.0,2023
59724,Scituate Wind,Scituate Wind LLC,59493,MA,NEW,NPCC,NAICS-22 Non-Cogen,22,WT,1884.0,2023
59725,Fairhaven Wind,Fairhaven Wind LLC,59494,MA,NEW,NPCC,NAICS-22 Non-Cogen,22,WT,3018.0,2023
59732,Green Pastures Wind I,"Green Pastures Wind I, LLC",59501,TX,WSC,TRE,NAICS-22 Non-Cogen,22,WT,89399.0,2023
59733,Green Pastures Wind II,"Green Pastures Wind II, LLC",59502,TX,WSC,TRE,NAICS-22 Non-Cogen,22,WT,178717.0,2023
59734,Briscoe Wind Farm,"Briscoe Wind Farm, LLC",65757,TX,WSC,TRE,NAICS-22 Non-Cogen,22,WT,414570.0,2023
59735,Kirkwood Wind Turbine,Kirkwood Community College,59504,IA,WNC,MRO,NAICS-22 Non-Cogen,22,WT,223.0,2023
59736,"Valentine Wind, LLC","Valentine Wind, LLC",59506,NE,WNC,MRO,NAICS-22 Non-Cogen,22,WT,4711.0,2023
59757,Pryor Mountain Wind,PacifiCorp,14354,MT,MTN,WECC,Electric Utility,22,WT,723768.0,2023
59776,Heartland Community College,Heartland Community College,59543,IL,ENC,SERC,Commercial NAICS Non-Cogen,611,WT,943.0,2023
59797,Bayonne MUA- Leitner-Poma Wind Turbine,"SUEZ North America, Inc.",59568,NJ,MAT,RFC,NAICS-22 Non-Cogen,22,WT,0.0,2023
59817,Tooele Army Depot(CSG),Tooele Army Depot,59598,UT,MTN,WECC,NAICS-22 Non-Cogen,22,WT,2111.0,2023
59825,South Louisburg Solar,Cypress Creek Renewables,61060,NC,SAT,SERC,NAICS-22 Non-Cogen,22,WT,9795.0,2023
59837,Slate Creek Wind Project LLC,"EDF Renewable Asset Holdings, Inc.",57170,KS,WNC,MRO,NAICS-22 Non-Cogen,22,WT,512049.0,2023
59838,Milo Wind Project LLC,Boralex US Operations LLC,66100,NM,MTN,MRO,NAICS-22 Non-Cogen,22,WT,200608.0,2023
59888,Bloom Wind,CP Bloom Wind LLC,64781,KS,WNC,MRO,NAICS-22 Non-Cogen,22,WT,615303.0,2023
59902,Cardinal Point Wind,Cardinal Point LLC,64782,IL,ENC,MRO,NAICS-22 Non-Cogen,22,WT,544020.0,2023
59903,New Frontier Wind,Meadowlark Wind I LLC,64799,ND,WNC,MRO,NAICS-22 Non-Cogen,22,WT,375216.0,2023
59943,Rattlesnake Den,SunEdison LLC,59139,TX,WSC,TRE,NAICS-22 Non-Cogen,22,WT,491684.0,2023
59953,Antrim Wind,Antrim Wind Energy LLC,59714,NH,NEW,NPCC,NAICS-22 Non-Cogen,22,WT,68792.0,2023
59965,Latigo Wind Park,AES Distributed Energy,61012,UT,MTN,WECC,NAICS-22 Non-Cogen,22,WT,151105.0,2023
59968,"Desert Wind Farm, LLC",Avangrid Renewables LLC,15399,NC,SAT,SERC,NAICS-22 Non-Cogen,22,WT,519101.0,2023
59972,Bearkat,"Bearkat Wind Energy 1, LLC",63428,TX,WSC,TRE,NAICS-22 Non-Cogen,22,WT,596030.0,2023
59974,Golden West Power Partners LLC,"Golden West Power Partners, LLC",59729,CO,MTN,WECC,NAICS-22 Non-Cogen,22,WT,699847.0,2023
59975,Carousel Wind Farm LLC,"Carousel Wind Farm, LLC",59730,CO,MTN,WECC,NAICS-22 Non-Cogen,22,WT,583850.0,2023
60013,"Grant Wind, LLC",Southern Power Co,17650,OK,WSC,MRO,NAICS-22 Non-Cogen,22,WT,538605.0,2023
60015,Findlay Wind Farm,Findlay Wind Farm,59760,OH,ENC,RFC,Industrial NAICS Non-Cogen,326,WT,7166.0,2023
60049,Golden Hills Wind,"Golden Hills Wind, LLC",59780,CA,PACC,WECC,NAICS-22 Non-Cogen,22,WT,247776.0,2023
60059,Los Vientos V Wind Power,Duke Energy Renewables Services,65411,TX,WSC,TRE,NAICS-22 Non-Cogen,22,WT,334556.0,2023
60069,"Cedar Bluff Wind, LLC","Cedar Bluff Wind, LLC",59817,KS,WNC,MRO,NAICS-22 Non-Cogen,22,WT,802464.0,2023
60087,South Plains II,Onward Energy,60453,TX,WSC,TRE,NAICS-22 Non-Cogen,22,WT,997935.0,2023
60088,Sunflower Wind Project,Onward Energy,60453,ND,WNC,MRO,NAICS-22 Non-Cogen,22,WT,404919.0,2023
60104,"Javelina Wind Energy, LLC","Javelina Wind Energy, LLC",59882,TX,WSC,TRE,NAICS-22 Non-Cogen,22,WT,867875.0,2023
60126,Harpster Wind,"OEE XVII, LLC",59899,OH,ENC,RFC,Commercial NAICS Non-Cogen,486,WT,2918.0,2023
60128,Zephyr Wind,"OEE XIX, LLC",59905,OH,ENC,RFC,Industrial NAICS Non-Cogen,332,WT,10062.0,2023
60132,New Creek Wind,"New Creek Wind, LLC",62967,WV,SAT,SERC,NAICS-22 Non-Cogen,22,WT,294423.0,2023
60143,Peak View Wind Farm,"Black Hills Colorado Electric, LLC",56146,CO,MTN,WECC,Electric Utility,22,WT,183411.0,2023
60145,"Broadview Energy JN, LLC",Pattern Operators LP,56545,NM,MTN,WECC,NAICS-22 Non-Cogen,22,WT,687998.0,2023
60152,"Broadview Energy KW, LLC",Pattern Operators LP,56545,NM,MTN,WECC,NAICS-22 Non-Cogen,22,WT,544747.0,2023
60210,Cotton Plains Wind Farm,"Cotton Plains Wind I, LLC",59979,TX,WSC,TRE,NAICS-22 Non-Cogen,22,WT,198961.0,2023
60217,Rocksprings,"Rocksprings Val Verde Wind, LLC",59999,TX,WSC,TRE,NAICS-22 Non-Cogen,22,WT,427736.0,2023
60218,Frontier Windpower,Duke Energy Renewables Services,65411,OK,WSC,MRO,NAICS-22 Non-Cogen,22,WT,493613.0,2023
60256,Bluestem,"Bluestem Wind Energy, LLC",60044,OK,WSC,MRO,NAICS-22 Non-Cogen,22,WT,750277.0,2023
60259,"Pioneer Wind Park, LLC",AES Distributed Energy,61012,WY,MTN,WECC,NAICS-22 Non-Cogen,22,WT,226285.0,2023
60262,Prairie Breeze II,Invenergy Services LLC,49893,NE,WNC,MRO,NAICS-22 Non-Cogen,22,WT,270409.0,2023
60270,Blue Cloud Wind Energy LLC,"RWE Renewables Americas, LLC",56215,TX,WSC,MRO,NAICS-22 Non-Cogen,22,WT,537529.0,2023
60314,Prairie Breeze III,Invenergy Services LLC,49893,NE,WNC,MRO,NAICS-22 Non-Cogen,22,WT,131327.0,2023
60317,"Grady Wind Energy Center, LLC",Pattern Operators LP,56545,NM,MTN,WECC,NAICS-22 Non-Cogen,22,WT,849074.0,2023
60326,O'Brien Wind,MidAmerican Energy Co,12341,IA,WNC,MRO,Electric Utility,22,WT,834611.0,2023
60329,"Ringer Hill Wind Farm, LLC",Ringer Hill Wind LLC,62892,PA,MAT,RFC,NAICS-22 Non-Cogen,22,WT,99927.0,2023
60338,Electra Wind Farm,"Electra Wind, LLC",60128,TX,WSC,TRE,NAICS-22 Non-Cogen,22,WT,855276.0,2023
60339,Horse Creek Wind Farm,"Horse Creek Wind, LLC",60129,TX,WSC,TRE,NAICS-22 Non-Cogen,22,WT,818758.0,2023
60342,Ida Grove Wind,MidAmerican Energy Co,12341,IA,WNC,MRO,Electric Utility,22,WT,939797.0,2023
60354,Brady II Wind Energy Center,"Brady Wind II, LLC",60149,ND,WNC,MRO,NAICS-22 Non-Cogen,22,WT,638826.0,2023
60355,Brady Wind Energy Center,"Brady Wind, LLC",60148,ND,WNC,MRO,NAICS-22 Non-Cogen,22,WT,615513.0,2023
60366,Old Settler Wind,"Old Settler Wind, LLC",60155,TX,WSC,TRE,NAICS-22 Non-Cogen,22,WT,558762.0,2023
60404,Pisgah Mountain Wind,"Pisgah Mountain, LLC",60207,ME,NEW,NPCC,NAICS-22 Non-Cogen,22,WT,24180.0,2023
60414,Bethel Wind Farm LLC,Southern Power Co,17650,TX,WSC,MRO,NAICS-22 Non-Cogen,22,WT,1126771.0,2023
60470,Paulding Wind Farm III,Paulding Wind Farm III LLC,60258,OH,ENC,RFC,NAICS-22 Non-Cogen,22,WT,299463.0,2023
60471,Green River Wind Farm,"Green River Wind Farm Phase 1, LLC",60259,IL,ENC,RFC,NAICS-22 Non-Cogen,22,WT,503781.0,2023
60486,Greenfield Wind - MT,Greenbacker Renewable Energy Corporation,60025,MT,MTN,WECC,NAICS-22 Non-Cogen,22,WT,83748.0,2023
60502,"Tyler Bluff Wind Project, LLC",Southern Power Co,17650,TX,WSC,TRE,NAICS-22 Non-Cogen,22,WT,354095.0,2023
60503,Crowned Ridge Wind Energy Center,"Crowned Ridge Wind, LLC",61416,SD,WNC,MRO,NAICS-22 Non-Cogen,22,WT,641868.0,2023
60504,Blazing Star Wind Farm 1,Northern States Power Co - Minnesota,13781,MN,WNC,MRO,Electric Utility,22,WT,806817.0,2023
60505,Crocker Wind Farm,"Crocker Wind Farm, LLC",60290,SD,WNC,MRO,NAICS-22 Non-Cogen,22,WT,768627.0,2023
60541,Wind GEM,"Wind GEM, LLC",60302,IA,WNC,MRO,NAICS-22 Non-Cogen,22,WT,4778.0,2023
60545,"Grant Plains Wind, LLC",Southern Power Co,17650,OK,WSC,MRO,NAICS-22 Non-Cogen,22,WT,506669.0,2023
60551,Big Level Wind,Big Level Wind LLC,60328,PA,MAT,RFC,NAICS-22 Non-Cogen,22,WT,254596.0,2023
60574,"Great Western Wind Energy, LLC","EDF Renewable Asset Holdings, Inc.",57170,OK,WSC,MRO,NAICS-22 Non-Cogen,22,WT,882820.0,2023
60587,Kelly Creek Wind Project,"EDF Renewable Asset Holdings, Inc.",57170,IL,ENC,RFC,NAICS-22 Non-Cogen,22,WT,592418.0,2023
60592,Rush Springs Wind,Rush Springs Wind Project,60819,OK,WSC,MRO,NAICS-22 Non-Cogen,22,WT,921001.0,2023
60594,Voyager Wind I,Terra-Gen Operating Co-Wind,2770,CA,PACC,WECC,NAICS-22 Non-Cogen,22,WT,324280.0,2023
60596,Baron Winds Farm,"RWE Renewables Americas, LLC",56215,NY,MAT,NPCC,NAICS-22 Non-Cogen,22,WT,265649.0,2023
60619,Rush Creek Wind,Public Service Co of Colorado,15466,CO,MTN,WECC,Electric Utility,22,WT,2110347.0,2023
60620,"Ninnescah Wind Energy, LLC",Ninnescah Wind Energy LLC,60364,KS,WNC,MRO,NAICS-22 Non-Cogen,22,WT,783807.0,2023
60639,Kingman Wind,"Kingman Wind Energy, LLC",60371,KS,WNC,MRO,NAICS-22 Non-Cogen,22,WT,748607.0,2023
60645,"Javelina Wind Energy II, LLC","Javelina Wind Energy II, LLC",60384,TX,WSC,TRE,NAICS-22 Non-Cogen,22,WT,727918.0,2023
60655,Rock Creek Wind Project,"Enel Green Power NA, Inc.",59380,MO,WNC,MRO,NAICS-22 Non-Cogen,22,WT,1023059.0,2023
60657,"Salt Fork Wind Project, LLC",Southern Power Co,17650,TX,WSC,TRE,NAICS-22 Non-Cogen,22,WT,691346.0,2023
60672,Osborn Wind Energy,Osborn Wind Energy LLC,60397,MO,WNC,MRO,NAICS-22 Non-Cogen,22,WT,650452.0,2023
60687,"Cimarron Bend Wind Project I, LLC","Cimarron Bend Wind Project I, LLC",60406,KS,WNC,MRO,NAICS-22 Non-Cogen,22,WT,800918.0,2023
60688,"Cimarron Bend Wind Project II, LLC","Cimarron Bend Wind Project II, LLC",60407,KS,WNC,MRO,NAICS-22 Non-Cogen,22,WT,775004.0,2023
60689,Western Plains Wind Farm,"Evergy Kansas Central, Inc",22500,KS,WNC,MRO,Electric Utility,22,WT,1063155.0,2023
60700,Wind Colebrook South,Wind Colebrook South,60430,CT,NEW,NPCC,NAICS-22 Non-Cogen,22,WT,8890.0,2023
60743,"Rattlesnake Power, LLC","Rattlesnake Power, LLC",60443,TX,WSC,TRE,NAICS-22 Non-Cogen,22,WT,553594.0,2023
60856,Astra Wind Farm,Astra Wind LLC,60515,TX,WSC,TRE,NAICS-22 Non-Cogen,22,WT,567014.0,2023
60873,Prairie Wind Farm,MidAmerican Energy Co,12341,IA,WNC,MRO,Electric Utility,22,WT,567458.0,2023
60883,"Deerfield Wind Energy, LLC","Deerfield Wind Energy, LLC",60537,MI,ENC,RFC,NAICS-22 Non-Cogen,22,WT,482044.0,2023
60901,Willow Springs Wind Farm,"Willow Springs Windfarm, LLC",60542,TX,WSC,TRE,NAICS-22 Non-Cogen,22,WT,845897.0,2023
60902,Dermott Wind,"Dermott Wind, LLC",60543,TX,WSC,TRE,NAICS-22 Non-Cogen,22,WT,872033.0,2023
60905,"Oliver Wind III, LLC","Oliver Wind III, LLC",60562,ND,WNC,MRO,NAICS-22 Non-Cogen,22,WT,412136.0,2023
60911,Green Energy Machine,"Green Energy Machine, LLC",60567,IA,WNC,MRO,NAICS-22 Non-Cogen,22,WT,6317.0,2023
60931,CCC Hastings Wind Turbine,"CCC Hastings Renewable Energy, LLC",60578,NE,WNC,MRO,NAICS-22 Non-Cogen,22,WT,6879.0,2023
60932,Creston Ridge Wind Farm,"Creston Ridge, LLC",60577,NE,WNC,MRO,NAICS-22 Non-Cogen,22,WT,26078.0,2023
60983,Buckthorn Wind,"Buckthorn Wind Project, LLC",60617,TX,WSC,TRE,NAICS-22 Non-Cogen,22,WT,368382.0,2023
60987,Santa Rita Wind Energy,"BHE Renewables, LLC",59359,TX,WSC,TRE,NAICS-22 Non-Cogen,22,WT,1246352.0,2023
60991,Sterling I Wind Farm,AEM Wind LLC,60634,NM,MTN,MRO,NAICS-22 Non-Cogen,22,WT,123081.0,2023
60999,Reading Wind Project,Southern Power Co,17650,KS,WNC,MRO,NAICS-22 Non-Cogen,22,WT,627152.0,2023
61001,Cactus Flats Wind Energy Project,Southern Power Co,17650,TX,WSC,TRE,NAICS-22 Non-Cogen,22,WT,459805.0,2023
61002,"WED Portsmouth One, LLC",Greenbacker Renewable Energy Corporation,60025,RI,NEW,NPCC,NAICS-22 Non-Cogen,22,WT,4169.0,2023
61004,Whirlpool Corporation - Ottawa Wind Farm,OEE XXIV LLC,60644,OH,ENC,RFC,Industrial NAICS Non-Cogen,335,WT,3782.0,2023
61005,Whirlpool Corporation - Marion Wind Farm,OEE XXIII LLC,60645,OH,ENC,RFC,Industrial NAICS Non-Cogen,335,WT,8896.0,2023
61032,Heart of Texas Wind Project,Scout Clean Energy LLC,63074,TX,WSC,TRE,NAICS-22 Non-Cogen,22,WT,619232.0,2023
61039,Deerfield Wind LLC,Avangrid Renewables LLC,15399,VT,NEW,NPCC,NAICS-22 Non-Cogen,22,WT,90676.0,2023
61040,Twin Buttes II Wind,Avangrid Renewables LLC,15399,CO,MTN,WECC,NAICS-22 Non-Cogen,22,WT,283755.0,2023
61041,"Roaring Brook, LLC",Avangrid Renewables LLC,15399,NY,MAT,NPCC,NAICS-22 Non-Cogen,22,WT,170128.0,2023
61044,La Joya NM,Avangrid Renewables LLC,15399,NM,MTN,WECC,NAICS-22 Non-Cogen,22,WT,1076276.0,2023
61046,Tatanka Ridge,Tatanka Ridge LLC,63897,SD,WNC,MRO,NAICS-22 Non-Cogen,22,WT,560752.0,2023
61047,Coyote Ridge,Coyote Ridge LLC,63083,SD,WNC,MRO,NAICS-22 Non-Cogen,22,WT,382648.0,2023
61056,Seward Wind Farm,Seward Wind LLC,61275,NE,WNC,MRO,NAICS-22 Non-Cogen,22,WT,7040.0,2023
61066,Foundation CDCR LAC,"Foundation CA Fund VIII Manager, LLC",60690,CA,PACC,WECC,NAICS-22 Non-Cogen,22,WT,4216.0,2023
61067,Foundation Scheid Vineyards,"Foundation CA Fund VIII Manager, LLC",60690,CA,PACC,WECC,NAICS-22 Non-Cogen,22,WT,4018.0,2023
61070,Saratoga Wind Farm,Madison Gas & Electric Co,11479,IA,WNC,MRO,Electric Utility,22,WT,259690.0,2023
61077,Orient Wind Farm,MidAmerican Energy Co,12341,IA,WNC,MRO,Electric Utility,22,WT,1740522.0,2023
61079,Beaver Creek Wind,MidAmerican Energy Co,12341,IA,WNC,MRO,Electric Utility,22,WT,1299752.0,2023
61100,"Burke Wind, LLC",Burke Wind LLC,60714,ND,WNC,MRO,NAICS-22 Non-Cogen,22,WT,769129.0,2023
61106,Pine River Wind Park,DTE Electric Company,5109,MI,ENC,RFC,Electric Utility,22,WT,345176.0,2023
61155,Big Timber Wind Farm,Consolidated Edison Development Inc.,56769,MT,MTN,WECC,NAICS-22 Non-Cogen,22,WT,73180.0,2023
61161,Harvest Ridge Wind Farm,Harvest Ridge Wind Farm,60719,IL,ENC,SERC,NAICS-22 Non-Cogen,22,WT,691663.0,2023
61212,Flat Top Wind I,"BHE Renewables, LLC",59359,TX,WSC,TRE,NAICS-22 Non-Cogen,22,WT,814525.0,2023
61221,Redbed Plains Wind Farm,Redbed Plains Wind Farm LLC,60859,OK,WSC,MRO,NAICS-22 Non-Cogen,22,WT,379335.0,2023
61222,Golden Hills North Wind Energy Center,"Golden Hills Interconnection Wind, LLC",60811,CA,PACC,WECC,NAICS-22 Non-Cogen,22,WT,143373.0,2023
61261,Rock Falls Wind Farm LLC,Public Service Co of Oklahoma,15474,OK,WSC,MRO,Electric Utility,22,WT,378248.0,2023
61269,Thunder Ranch Wind Project,"Thunder Ranch Wind Project, LLC",60881,OK,WSC,MRO,NAICS-22 Non-Cogen,22,WT,977647.0,2023
61270,Red Dirt Wind Project,"Red Dirt Wind Project, LLC",60882,OK,WSC,MRO,NAICS-22 Non-Cogen,22,WT,843980.0,2023
61303,Bluff Point Wind Facility,"Bluff Point Wind, LLC",60944,IN,ENC,RFC,NAICS-22 Non-Cogen,22,WT,375199.0,2023
61330,Hog Creek Wind Project,Hog Creek Wind Project LLC,60969,OH,ENC,RFC,NAICS-22 Non-Cogen,22,WT,195053.0,2023
61343,Karankawa Wind LLC,Avangrid Renewables LLC,15399,TX,WSC,TRE,NAICS-22 Non-Cogen,22,WT,855332.0,2023
61344,Otter Creek Wind Farm LLC,Avangrid Renewables LLC,15399,IL,ENC,RFC,NAICS-22 Non-Cogen,22,WT,434749.0,2023
61356,Valfilm Wind Project,OEE XXV LLC,60996,OH,ENC,RFC,Industrial NAICS Non-Cogen,325211,WT,6940.0,2023
61357,Red Pine Wind Project,"EDF Renewable Asset Holdings, Inc.",57170,MN,WNC,MRO,NAICS-22 Non-Cogen,22,WT,609889.0,2023
61402,Foard City Wind,"Foard City Wind, LLC",61037,TX,WSC,TRE,NAICS-22 Non-Cogen,22,WT,1163892.0,2023
61407,Cottonwood Wind Energy Center,Cottonwood Wind Project,61042,NE,WNC,MRO,NAICS-22 Non-Cogen,22,WT,409999.0,2023
61417,Gopher Creek Wind Farm,Fluvanna Wind Energy 2 LLC,61054,TX,WSC,TRE,NAICS-22 Non-Cogen,22,WT,538594.0,2023
61442,Foundation California Training Facility,"Foundation CA Fund IX Manager, LLC",61070,CA,PACC,WECC,NAICS-22 Non-Cogen,22,WT,5981.0,2023
61443,Foundation Mann Packing,"Foundation CA Fund IX Manager, LLC",61070,CA,PACC,WECC,NAICS-22 Non-Cogen,22,WT,5914.0,2023
61444,Foundation SaIinas Valley State Prison,"Foundation CA Fund IX Manager, LLC",61070,CA,PACC,WECC,NAICS-22 Non-Cogen,22,WT,5372.0,2023
61540,Fort Hays State University Wind Farm,Fort Hays State University,61149,KS,WNC,MRO,Commercial NAICS Non-Cogen,611,WT,12589.0,2023
61564,Upland Prairie,Interstate Power and Light Co,9417,IA,WNC,MRO,Electric Utility,22,WT,1063249.0,2023
61565,English Farms,Interstate Power and Light Co,9417,IA,WNC,MRO,Electric Utility,22,WT,523515.0,2023
61582,Voyager Wind II,Terra-Gen Operating Co-Wind,2770,CA,PACC,WECC,NAICS-22 Non-Cogen,22,WT,427092.0,2023
61583,Voyager Wind III,Terra-Gen Operating Co-Wind,2770,CA,PACC,WECC,NAICS-22 Non-Cogen,22,WT,116627.0,2023
61584,Voyager Wind IV,Terra-Gen Operating Co-Wind,2770,CA,PACC,WECC,NAICS-22 Non-Cogen,22,WT,70165.0,2023
61589,UL Advanced Wind Turbine Test Facility,West Texas A&M University,61188,TX,WSC,MRO,Commercial NAICS Non-Cogen,611,WT,7907.0,2023
61609,"Heartland Divide Wind Project, LLC","Heartland Divide Wind Project, LLC",61214,IA,WNC,MRO,NAICS-22 Non-Cogen,22,WT,408823.0,2023
61638,Turtle Creek Wind Farm LLC,Turtle Creek Wind Farm LLC,61330,IA,WNC,MRO,NAICS-22 Non-Cogen,22,WT,635687.0,2023
61644,August Wind Farm,"August Wind Energy, LLC",61254,IA,WNC,MRO,NAICS-22 Non-Cogen,22,WT,6759.0,2023
61650,Blazing Star 2 Wind Farm,Northern States Power Co - Minnesota,13781,MN,WNC,MRO,Electric Utility,22,WT,816815.0,2023
61660,Whirlpool Corp-Greenville Wind Farm,OEE XXVI LLC,61278,OH,ENC,RFC,NAICS-22 Non-Cogen,22,WT,10253.0,2023
61668,"Creston Ridge II, LLC","Creston Ridge II, LLC",61280,NE,WNC,MRO,NAICS-22 Non-Cogen,22,WT,24581.0,2023
61673,Arkwright Summit Wind Farm LLC,Arkwright Summit Wind Farm LLC,58261,NY,MAT,NPCC,NAICS-22 Non-Cogen,22,WT,224137.0,2023
61674,Wildcat Ranch Wind Project,"Wildcat Ranch Wind Project, LLC",61291,TX,WSC,MRO,NAICS-22 Non-Cogen,22,WT,659970.0,2023
61677,Perennial Windfarm,"Perennial Wind, LLC",61288,NE,WNC,MRO,NAICS-22 Non-Cogen,22,WT,32989.0,2023
61734,Seneca Nation Cattaraugus Wind Turbine,Seneca Nation,61363,NY,MAT,NPCC,Commercial NAICS Non-Cogen,441,WT,2997.0,2023
61735,Hilltopper Wind Project,"Hilltopper Wind Project, LLC",61365,IL,ENC,SERC,NAICS-22 Non-Cogen,22,WT,547814.0,2023
61745,Aurora County Wind,Consolidated Edison Development Inc.,56769,SD,WNC,MRO,NAICS-22 Non-Cogen,22,WT,70845.0,2023
61746,Brule County Wind,Consolidated Edison Development Inc.,56769,SD,WNC,MRO,NAICS-22 Non-Cogen,22,WT,64637.0,2023
61747,"Foxtail Wind, LLC","Foxtail Wind, LLC",61374,ND,WNC,MRO,Electric Utility,22,WT,578786.0,2023
61756,Meadow Lake Wind Farm VI LLC,Meadow Lake Wind Farm VI LLC,61381,IN,ENC,RFC,NAICS-22 Non-Cogen,22,WT,607454.0,2023
61773,"Palmas Wind, LLC","Acciona Energy USA Global, LLC",57416,TX,WSC,TRE,NAICS-22 Non-Cogen,22,WT,352805.0,2023
61775,Town of Otis Wind Energy Project,Town of Otis,61397,MA,NEW,NPCC,Commercial NAICS Non-Cogen,92,WT,2795.0,2023
61776,"Midway Wind, LLC","Midway Wind, LLC",61396,TX,WSC,TRE,NAICS-22 Non-Cogen,22,WT,438114.0,2023
61782,Live Oak Wind Project,Engie North America,56201,TX,WSC,TRE,NAICS-22 Non-Cogen,22,WT,759859.0,2023
61784,Upstream Wind Energy LLC,Invenergy Services LLC,49893,NE,WNC,MRO,NAICS-22 Non-Cogen,22,WT,776094.0,2023
61787,Bishop Hill III,Invenergy Services LLC,49893,IL,ENC,SERC,NAICS-22 Non-Cogen,22,WT,404332.0,2023
61788,Hilltop Power,"Hilltop Power, LLC",61415,MN,WNC,MRO,NAICS-22 Non-Cogen,22,WT,4027.0,2023
61789,"Diamond Vista Wind Project, LLC","Enel Green Power Diamond Vista Wind Project, LLC",61413,KS,WNC,MRO,NAICS-22 Non-Cogen,22,WT,1065260.0,2023
61836,"Minco Wind IV, LLC","Minco Wind IV, LLC",61458,OK,WSC,MRO,NAICS-22 Non-Cogen,22,WT,463062.0,2023
61848,"PYCO Industries, Inc. Wind Farm","PYCO Industries, Inc.",61470,TX,WSC,TRE,Industrial NAICS Non-Cogen,311,WT,-279.0,2023
61858,"Stillwater Wind, LLC",Pattern Operators LP,56545,MT,MTN,WECC,NAICS-22 Non-Cogen,22,WT,256730.0,2023
61865,"Rio Bravo Windpower, LLC","Rio Bravo Windpower, LLC",61485,TX,WSC,TRE,NAICS-22 Non-Cogen,22,WT,321019.0,2023
61866,Wildhorse Mountain Wind Facility,Southern Power Co,17650,OK,WSC,MRO,NAICS-22 Non-Cogen,22,WT,414274.0,2023
61876,"Persimmon Creek Wind Farm 1, LLC","Evergy Kansas Central, Inc",22500,OK,WSC,MRO,Electric Utility,22,WT,827708.0,2023
61889,Sholes Wind Energy Center,"Sholes Wind Energy Center, LLC",61502,NE,WNC,MRO,NAICS-22 Non-Cogen,22,WT,700683.0,2023
61911,Ivester Wind Farm,MidAmerican Energy Co,12341,IA,WNC,MRO,Electric Utility,22,WT,321806.0,2023
61916,Pegasus Wind,"Pegasus Wind, LLC",61521,MI,ENC,RFC,NAICS-22 Non-Cogen,22,WT,350691.0,2023
61921,Tahoka Wind,"Tahoka Wind, LLC",61527,TX,WSC,TRE,NAICS-22 Non-Cogen,22,WT,1117878.0,2023
61925,Casa Mesa Wind Energy Center Hybrid,"Casa Mesa Wind, LLC",61531,NM,MTN,WECC,NAICS-22 Non-Cogen,22,WT,178381.0,2023
61926,"Armadillo Flats Wind Project, LLC","Armadillo Flats Wind Project, LLC",61530,OK,WSC,MRO,NAICS-22 Non-Cogen,22,WT,875906.0,2023
61957,"Pratt Wind, LLC","Pratt Wind, LLC",61537,KS,WNC,MRO,NAICS-22 Non-Cogen,22,WT,971669.0,2023
61969,"Torrecillas Wind Energy, LLC","Torrecillas Wind Energy, LLC",61562,TX,WSC,TRE,NAICS-22 Non-Cogen,22,WT,956878.0,2023
61970,"Blue Summit II Wind, LLC","Blue Summit II Wind, LLC",61563,TX,WSC,TRE,NAICS-22 Non-Cogen,22,WT,366160.0,2023
61984,"Solomon Forks Wind Project, LLC",Engie North America,56201,KS,WNC,MRO,NAICS-22 Non-Cogen,22,WT,1040667.0,2023
61990,TAC-Distributed Energy Resource Hybrid,Ameren Illinois,61576,IL,ENC,SERC,Electric Utility,22,WT,106.0,2023
62035,Glaciers Edge Wind Project,"EDF Renewable Asset Holdings, Inc.",57170,IA,WNC,MRO,NAICS-22 Non-Cogen,22,WT,812885.0,2023
62038,Santa Rita East,Invenergy Services LLC,49893,TX,WSC,TRE,NAICS-22 Non-Cogen,22,WT,1059341.0,2023
62079,Whispering Willow North,Interstate Power and Light Co,9417,IA,WNC,MRO,Electric Utility,22,WT,703411.0,2023
62080,Richland,Interstate Power and Light Co,9417,IA,WNC,MRO,Electric Utility,22,WT,520709.0,2023
62081,Golden Plains,Interstate Power and Light Co,9417,IA,WNC,MRO,Electric Utility,22,WT,750126.0,2023
62103,Kossuth,Wisconsin Power & Light Co,20856,IA,WNC,MRO,Electric Utility,22,WT,522933.0,2023
62106,"WED Green Hill, LLC","WED Green Hill, LLC",61648,RI,NEW,NPCC,NAICS-22 Non-Cogen,22,WT,5779.0,2023
62107,"WED Plainfield II, LLC","WED Plainfield II, LLC",61649,RI,NEW,NPCC,NAICS-22 Non-Cogen,22,WT,5931.0,2023
62108,"WED Plainfield III, LLC","WED Plainfield III, LLC",61650,RI,NEW,NPCC,NAICS-22 Non-Cogen,22,WT,5823.0,2023
62109,"WED Plainfield, LLC","WED Plainfield, LLC",61651,RI,NEW,NPCC,NAICS-22 Non-Cogen,22,WT,4751.0,2023
62110,"WED Shun I, LLC","WED Shun I, LLC",61652,RI,NEW,NPCC,NAICS-22 Non-Cogen,22,WT,6684.0,2023
62111,"WED Shun II, LLC","WED Shun II, LLC",61653,RI,NEW,NPCC,NAICS-22 Non-Cogen,22,WT,6103.0,2023
62112,"WED Shun III, LLC","WED Shun III, LLC",61654,RI,NEW,NPCC,NAICS-22 Non-Cogen,22,WT,6442.0,2023
62113,Strauss Wind Farm,Strauss Wind LLC,61668,CA,PACC,WECC,NAICS-22 Non-Cogen,22,WT,20420.0,2023
62130,Roseman,"Roseman Energy, LLC",61676,IA,WNC,MRO,NAICS-22 Non-Cogen,22,WT,6931.0,2023
62132,Arbor Hill Wind Farm,MidAmerican Energy Co,12341,IA,WNC,MRO,Electric Utility,22,WT,1069343.0,2023
62133,North English,MidAmerican Energy Co,12341,IA,WNC,MRO,Electric Utility,22,WT,1285704.0,2023
62142,Amadeus Wind Farm,Amadeus Wind LLC,61683,TX,WSC,TRE,NAICS-22 Non-Cogen,22,WT,805300.0,2023
62161,Galactic Wind,Galactic Wind,61667,WI,ENC,MRO,Commercial NAICS Non-Cogen,519,WT,20290.0,2023
62172,Birch,Birch Power LLC,61706,IA,WNC,MRO,NAICS-22 Non-Cogen,22,WT,6613.0,2023
62207,Reloj del Sol Wind Farm,Reloj del Sol Wind Farm LLC,61727,TX,WSC,TRE,NAICS-22 Non-Cogen,22,WT,239217.0,2023
62220,"East Fork Wind Project, LLC",Engie North America,56201,KS,WNC,MRO,NAICS-22 Non-Cogen,22,WT,738800.0,2023
62227,"Seymour Hills Wind Project, LLC",Engie North America,56201,TX,WSC,TRE,NAICS-22 Non-Cogen,22,WT,133588.0,2023
62247,Prevailing Wind Park,AES Distributed Energy,61012,SD,WNC,MRO,NAICS-22 Non-Cogen,22,WT,786987.0,2023
62258,Mesteno,Duke Energy Renewables Services,65411,TX,WSC,TRE,NAICS-22 Non-Cogen,22,WT,427671.0,2023
62259,Ranchero Wind Farm LLC,Ranchero Wind Farm LLC,61771,TX,WSC,TRE,NAICS-22 Non-Cogen,22,WT,1212182.0,2023
62269,"Stoneray Power Partners, LLC","EDF Renewable Asset Holdings, Inc.",57170,MN,WNC,MRO,NAICS-22 Non-Cogen,22,WT,321729.0,2023
62290,Polaris Wind Park,DTE Electric Company,5109,MI,ENC,RFC,Electric Utility,22,WT,412674.0,2023
62291,"Palmer's Creek Wind Farm, LLC","Palmer's Creek Wind Farm, LLC",61815,MN,WNC,MRO,NAICS-22 Non-Cogen,22,WT,135519.0,2023
62333,"Polk County Renewables, LLC","Polk County Renewables, LLC",61845,NE,WNC,MRO,NAICS-22 Non-Cogen,22,WT,7820.0,2023
62356,Lockett Windfarm,"Lockett Windfarm, LLC",61886,TX,WSC,TRE,NAICS-22 Non-Cogen,22,WT,747443.0,2023
62364,Nobles 2 Wind Project,"Nobles 2 Power Partners, LLC",61890,MN,WNC,MRO,NAICS-22 Non-Cogen,22,WT,953493.0,2023
62380,"Emmons-Logan Wind, LLC","Emmons-Logan Wind, LLC",61915,ND,WNC,MRO,NAICS-22 Non-Cogen,22,WT,861843.0,2023
62411,Griffin Trail Wind,"Griffin Trail Wind, LLC",61942,TX,WSC,TRE,NAICS-22 Non-Cogen,22,WT,773068.0,2023
62416,Cranell Wind Farm LLC,"RWE Renewables Americas, LLC",56215,TX,WSC,TRE,NAICS-22 Non-Cogen,22,WT,579192.0,2023
62417,Peyton Creek Wind Farm LLC,"RWE Renewables Americas, LLC",56215,TX,WSC,TRE,NAICS-22 Non-Cogen,22,WT,388713.0,2023
62431,Willow Creek Wind Power LLC,Willow Creek Wind Power LLC,61981,SD,WNC,MRO,NAICS-22 Non-Cogen,22,WT,371164.0,2023
62442,"Lake Region Community Hybrid, LLC","Lake Region Community Hybrid, LLC",61893,MN,WNC,MRO,NAICS-22 Non-Cogen,22,WT,7396.0,2023
62445,Busch Ranch II Wind Farm,Black Hills Electric Generation LLC,61973,CO,MTN,WECC,NAICS-22 Non-Cogen,22,WT,183445.0,2023
62475,Kings Point Wind Energy Center,Empire District Electric Co,5860,MO,WNC,MRO,Electric Utility,22,WT,528222.0,2023
62478,North Fork Ridge Wind Energy Center,Empire District Electric Co,5860,MO,WNC,MRO,Electric Utility,22,WT,500083.0,2023
62481,Neosho Ridge Wind Energy Center,Empire District Electric Co,5860,KS,WNC,MRO,Electric Utility,22,WT,1083440.0,2023
62482,Beech Ridge II Wind Energy Center,Southern Power Co,17650,WV,SAT,RFC,NAICS-22 Non-Cogen,22,WT,142623.0,2023
62488,Prairie Queen Wind Farm,Prairie Queen Wind Farm LLC,62010,KS,WNC,MRO,NAICS-22 Non-Cogen,22,WT,632368.0,2023
62489,Crossing Trails Wind Power Project LLC.,EDP Renewables North America LLC,61785,CO,MTN,WECC,NAICS-22 Non-Cogen,22,WT,399334.0,2023
62494,Skeleton Creek Energy Center Hybrid,Skeleton Creek Energy Center,62023,OK,WSC,MRO,NAICS-22 Non-Cogen,22,WT,919048.0,2023
62516,TB Flats,PacifiCorp,14354,WY,MTN,WECC,Electric Utility,22,WT,1316768.0,2023
62562,"High Lonesome Wind Power, LLC Hybrid","High Lonesome Wind Power, LLC",62046,TX,WSC,TRE,NAICS-22 Non-Cogen,22,WT,1057927.0,2023
62563,High Prairie Wind Farm,Union Electric Co - (MO),19436,MO,WNC,SERC,Electric Utility,22,WT,875410.0,2023
62566,Blue Summit III Wind,"Blue Summit III Wind, LLC",62063,TX,WSC,TRE,NAICS-22 Non-Cogen,22,WT,724631.0,2023
62570,Jiminy Peak Wind QF,"Jiminy Peak Mountain Resort, LLC",62069,MA,NEW,NPCC,Commercial NAICS Non-Cogen,721,WT,0.0,2023
62587,Mesquite Star,Mesquite Star LLC,62085,TX,WSC,TRE,NAICS-22 Non-Cogen,22,WT,1110336.0,2023
62591,Ekola Flats,PacifiCorp,14354,WY,MTN,WECC,Electric Utility,22,WT,753554.0,2023
62592,Headwaters Wind Farm II LLC,EDP Renewables North America LLC,61785,IN,ENC,RFC,NAICS-22 Non-Cogen,22,WT,538622.0,2023
62606,Whitney Hill Wind Power LLC,Whitney Hill Wind Power LLC,62103,IL,ENC,SERC,NAICS-22 Non-Cogen,22,WT,174425.0,2023
62618,Hidalgo Wind Farm II,Hidalgo Wind Farm II LLC,62106,TX,WSC,TRE,NAICS-22 Non-Cogen,22,WT,152776.0,2023
62620,Sage Draw Wind,"Sage Draw Wind, LLC",62113,TX,WSC,TRE,NAICS-22 Non-Cogen,22,WT,1116291.0,2023
62624,"White Cloud Wind Project, LLC","White Cloud Wind Project, LLC",62079,MO,WNC,MRO,NAICS-22 Non-Cogen,22,WT,836127.0,2023
62630,Jumbo Hill Wind Project,Engie North America,56201,TX,WSC,TRE,NAICS-22 Non-Cogen,22,WT,593004.0,2023
62642,GE-Lubbock,GE Wind Energy LLC,58270,TX,WSC,MRO,NAICS-22 Non-Cogen,22,WT,24258.0,2023
62653,Zephyr Wind Project - 2.0,OEE XXX LLC,62128,OH,ENC,RFC,Industrial NAICS Non-Cogen,332,WT,10442.0,2023
62654,Foundation Dole Fresh Vegetables,Foundation CA Fund X Manager LLC,62130,CA,PACC,WECC,NAICS-22 Non-Cogen,22,WT,18074.0,2023
62711,Plum Creek Wind Project (NE),"Plum Creek Wind, LLC",62633,NE,WNC,MRO,NAICS-22 Non-Cogen,22,WT,833503.0,2023
62715,Wildcat Creek Wind Farm LLC,Wildcat Creek Wind Farm LLC,62635,TX,WSC,TRE,NAICS-22 Non-Cogen,22,WT,560099.0,2023
62736,Harbec Energy,Harbec Energy,62657,NY,MAT,NPCC,Industrial NAICS Cogen,326,WT,544.0,2023
62745,Wheatridge Hybrid,"Wheatridge Wind Holdings, LLC",62668,OR,PACC,WECC,NAICS-22 Non-Cogen,22,WT,564553.0,2023
62752,LafargeHolcim - Paulding Wind Project,OEE XXVIII LLC,62644,OH,ENC,RFC,Industrial NAICS Non-Cogen,32731,WT,11195.0,2023
62765,El Campo Wind,"El Campo Wind, LLC (Longroad)",65905,TX,WSC,TRE,NAICS-22 Non-Cogen,22,WT,731425.0,2023
62783,Blackjack Creek Wind Farm,"RWE Renewables Americas, LLC",56215,TX,WSC,TRE,NAICS-22 Non-Cogen,22,WT,321269.0,2023
62795,Ida Grove II,MidAmerican Energy Co,12341,IA,WNC,MRO,Electric Utility,22,WT,647198.0,2023
62809,BMP Wind (TX),BMP Wind LLC,62659,TX,WSC,TRE,NAICS-22 Non-Cogen,22,WT,780755.0,2023
62815,Fairbanks Wind Park,DTE Electric Company,5109,MI,ENC,RFC,Electric Utility,22,WT,193675.0,2023
62836,Maryneal Windpower,Duke Energy Renewables Services,65411,TX,WSC,TRE,NAICS-22 Non-Cogen,22,WT,550903.0,2023
62837,Frontier Windpower II,Duke Energy Renewables Services,65411,OK,WSC,MRO,NAICS-22 Non-Cogen,22,WT,638756.0,2023
62840,"Mountain Breeze Wind, LLC","Leeward Asset Management, LLC",50123,CO,MTN,WECC,NAICS-22 Non-Cogen,22,WT,545481.0,2023
62853,Maverick Creek Wind,Algonquin Power Co,59050,TX,WSC,TRE,NAICS-22 Non-Cogen,22,WT,1471533.0,2023
62855,West Raymond Wind Farm LLC,"RWE Renewables Americas, LLC",56215,TX,WSC,TRE,NAICS-22 Non-Cogen,22,WT,780386.0,2023
62857,RoxWind,RoxWind LLC,62743,ME,NEW,NPCC,NAICS-22 Non-Cogen,22,WT,10400.0,2023
62871,Boiling Springs Wind Farm,"RWE Renewables Americas, LLC",56215,OK,WSC,MRO,NAICS-22 Non-Cogen,22,WT,594920.0,2023
62891,Rosewater Wind Farm,Rosewater Wind Farm LLC,62761,IN,ENC,RFC,NAICS-22 Non-Cogen,22,WT,287122.0,2023
62897,Holiday Hill Community Wind,Greenbacker Renewable Energy Corporation,60025,MA,NEW,NPCC,NAICS-22 Non-Cogen,22,WT,9525.0,2023
62909,"Raymond Wind Farm, LLC","RWE Renewables Americas, LLC",56215,TX,WSC,TRE,NAICS-22 Non-Cogen,22,WT,639313.0,2023
62935,"Orchard Windfarm 1, LLC","Orchard Windfarm, LLC",62758,OR,PACC,WECC,NAICS-22 Non-Cogen,22,WT,25543.0,2023
62936,Rattlesnake Flat,"Rattlesnake Flat, LLC",62778,WA,PACC,WECC,NAICS-22 Non-Cogen,22,WT,345599.0,2023
62938,Glen Ullin Energy Center,ALLETE Clean Energy,59496,ND,WNC,MRO,NAICS-22 Non-Cogen,22,WT,399046.0,2023
62939,South Peak Wind,ALLETE Clean Energy,59496,MT,MTN,WECC,NAICS-22 Non-Cogen,22,WT,248245.0,2023
62943,Deuel Harvest Wind Energy LLC,Southern Power Co,17650,SD,WNC,MRO,NAICS-22 Non-Cogen,22,WT,1029857.0,2023
62944,Timber Road IV,Paulding Wind Farm IV LLC,62796,OH,ENC,RFC,NAICS-22 Non-Cogen,22,WT,379200.0,2023
62952,Cheyenne Ridge Wind Farm,Public Service Co of Colorado,15466,CO,MTN,WECC,Electric Utility,22,WT,1847444.0,2023
62956,Thunderhead Wind Energy LLC,Invenergy Services LLC,49893,NE,WNC,MRO,NAICS-22 Non-Cogen,22,WT,1138154.0,2023
63003,Midland Wind,Avangrid Renewables LLC,15399,IL,ENC,SERC,NAICS-22 Non-Cogen,22,WT,27641.0,2023
63025,Clear Creek Wind,"Clear Creek Wind, LLC",62855,MO,WNC,MRO,NAICS-22 Non-Cogen,22,WT,578996.0,2023
63030,"Canadian Breaks, LLC",Canadian Breaks LLC,64495,TX,WSC,TRE,NAICS-22 Non-Cogen,22,WT,824746.0,2023
63053,Palo Alto Wind Farm,MidAmerican Energy Co,12341,IA,WNC,MRO,Electric Utility,22,WT,1421787.0,2023
63100,Prairie Hill Wind Project,Engie North America,56201,TX,WSC,TRE,NAICS-22 Non-Cogen,22,WT,343670.0,2023
63101,Las Lomas Wind Project,Engie North America,56201,TX,WSC,TRE,NAICS-22 Non-Cogen,22,WT,579160.0,2023
63102,Dakota Range III Wind Project,Engie North America,56201,SD,WNC,MRO,NAICS-22 Non-Cogen,22,WT,517709.0,2023
63103,Triple H Wind Project,Engie North America,56201,SD,WNC,MRO,NAICS-22 Non-Cogen,22,WT,918415.0,2023
63104,King Plains Wind Project,Engie North America,56201,OK,WSC,MRO,NAICS-22 Non-Cogen,22,WT,806276.0,2023
63114,Mohave County Wind Farm,Mohave County Wind Farm,62916,AZ,MTN,WECC,NAICS-22 Non-Cogen,22,WT,961409.0,2023
63132,Weaver Wind,"Weaver Wind, LLC (Longroad)",65906,ME,NEW,NPCC,NAICS-22 Non-Cogen,22,WT,199532.0,2023
63133,Roundhouse Wind Energy Project,"Roundhouse Renewable Energy, LLC",62913,WY,MTN,WECC,NAICS-22 Non-Cogen,22,WT,849586.0,2023
63205,Skookumchuck Wind Facility,Southern Power Co,17650,WA,PACC,WECC,NAICS-22 Non-Cogen,22,WT,414972.0,2023
63209,Aviator Wind,"Aviator Wind, LLC",62993,TX,WSC,TRE,NAICS-22 Non-Cogen,22,WT,1823482.0,2023
63251,"Lone Tree Wind, LLC","Leeward Asset Management, LLC",50123,IL,ENC,RFC,NAICS-22 Non-Cogen,22,WT,267165.0,2023
63258,Aurora Wind Project,"Aurora Wind Project, LLC",63021,ND,WNC,MRO,NAICS-22 Non-Cogen,22,WT,948467.0,2023
63269,Crowned Ridge Wind II Energy Center,Northern States Power Co - Minnesota,13781,SD,WNC,MRO,Electric Utility,22,WT,776431.0,2023
63287,Cerro Gordo Wind Farm,Cerro Gordo Wind Farm,63072,IA,WNC,MRO,NAICS-22 Non-Cogen,22,WT,171166.0,2023
63327,"Diamond Spring, LLC",ALLETE Clean Energy,59496,OK,WSC,MRO,NAICS-22 Non-Cogen,22,WT,926767.0,2023
63384,Bennington Wind,Minonk Stewardship Wind LLC,63139,IL,ENC,SERC,NAICS-22 Non-Cogen,22,WT,331303.0,2023
63389,"Jordan Creek Wind Farm, LLC","Jordan Creek Wind Farm, LLC",63128,IN,ENC,RFC,NAICS-22 Non-Cogen,22,WT,1152079.0,2023
63393,"Cuming County Renewables, LLC",Cuming County Renewables. LLC,63124,NE,WNC,MRO,NAICS-22 Non-Cogen,22,WT,9966.0,2023
63431,Cisco,ALLETE Clean Energy,59496,MN,WNC,MRO,NAICS-22 Non-Cogen,22,WT,16917.0,2023
63432,Lincoln Heights I,ALLETE Clean Energy,59496,MN,WNC,MRO,NAICS-22 Non-Cogen,22,WT,8496.0,2023
63433,Lincoln Heights II,ALLETE Clean Energy,59496,MN,WNC,MRO,NAICS-22 Non-Cogen,22,WT,10570.0,2023
63436,Corriedale Wind Energy,Black Hills Service Company LLC,56771,WY,MTN,WECC,Electric Utility,22,WT,203856.0,2023
63460,"Rock County Wind Fuel, LLC","Rock County Wind Fuel, LLC",63189,MN,WNC,MRO,NAICS-22 Non-Cogen,22,WT,18334.0,2023
63479,"Traverse Wind Project, LLC",Southwestern Electric Power Co,17698,OK,WSC,MRO,Electric Utility,22,WT,3211975.0,2023
63482,Point Wind,Terra-Gen Operating Co-Wind,2770,CA,PACC,WECC,NAICS-22 Non-Cogen,22,WT,215351.0,2023
63489,"Sundance Wind Project, LLC",Public Service Co of Oklahoma,15474,OK,WSC,MRO,Electric Utility,22,WT,676487.0,2023
63494,"Maverick Wind Project, LLC",Public Service Co of Oklahoma,15474,OK,WSC,TRE,Electric Utility,22,WT,912097.0,2023
63502,Oso Grande Wind Farm,Tucson Electric Power Co,24211,NM,MTN,WECC,Electric Utility,22,WT,551841.0,2023
63521,CED Mason City Wind,Consolidated Edison Development Inc.,56769,IA,WNC,MRO,NAICS-22 Non-Cogen,22,WT,26514.0,2023
63574,Atchison County Wind,Union Electric Co - (MO),19436,MO,WNC,MRO,Electric Utility,22,WT,873471.0,2023
63578,Sagamore Wind,Southwestern Public Service Co,17718,NM,MTN,MRO,Electric Utility,22,WT,2139460.0,2023
63590,Ponderosa Wind Energy Center,"Ponderosa Wind, LLC",63299,OK,WSC,MRO,NAICS-22 Non-Cogen,22,WT,920763.0,2023
63601,Isabella Wind Park,DTE Electric Company,5109,MI,ENC,RFC,Electric Utility,22,WT,674352.0,2023
63624,"La Chalupa, LLC","Acciona Energy USA Global, LLC",57416,TX,WSC,TRE,NAICS-22 Non-Cogen,22,WT,479027.0,2023
63639,Contrail Wind Farm,MidAmerican Energy Co,12341,IA,WNC,MRO,Electric Utility,22,WT,338001.0,2023
63640,Southern Hills Wind Farm,MidAmerican Energy Co,12341,IA,WNC,MRO,Electric Utility,22,WT,760896.0,2023
63641,Diamond Trail Wind Farm,MidAmerican Energy Co,12341,IA,WNC,MRO,Electric Utility,22,WT,818328.0,2023
63655,Coyote Wind LLC,"EDF Renewable Asset Holdings, Inc.",57170,TX,WSC,TRE,NAICS-22 Non-Cogen,22,WT,645663.0,2023
63666,"Bitter Ridge Wind Farm, LLC","Bitter Ridge Wind Farm, LLC",63373,IN,ENC,RFC,NAICS-22 Non-Cogen,22,WT,366798.0,2023
63686,Crescent Wind Park,Consumers Energy Co - (MI),4254,MI,ENC,RFC,Electric Utility,22,WT,355991.0,2023
63687,Gratiot Farms Wind Project,Consumers Energy Co - (MI),4254,MI,ENC,RFC,Electric Utility,22,WT,341715.0,2023
63689,Red Lake Falls Community Hybrid,Consolidated Edison Development Inc.,56769,MN,WNC,MRO,NAICS-22 Non-Cogen,22,WT,15088.0,2023
63710,Golden Hill Wind,Avangrid Renewables LLC,15399,OR,PACC,WECC,NAICS-22 Non-Cogen,22,WT,596989.0,2023
63738,Helena Wind,"Helena Wind, LLC",63437,TX,WSC,TRE,NAICS-22 Non-Cogen,22,WT,776697.0,2023
63739,Las Majadas Wind Farm,"Las Majadas Wind Farm, LLC",63431,TX,WSC,TRE,NAICS-22 Non-Cogen,22,WT,904324.0,2023
63803,"Bronco Plains Wind, LLC","Bronco Plains Wind, LLC",63487,CO,MTN,WECC,NAICS-22 Non-Cogen,22,WT,1053315.0,2023
63914,Cedar Springs I,"Cedar Springs Wind, LLC",63580,WY,MTN,WECC,NAICS-22 Non-Cogen,22,WT,791303.0,2023
63915,Cedar Springs II,PacifiCorp,14354,WY,MTN,WECC,Electric Utility,22,WT,580916.0,2023
63916,Cedar Springs III,"Cedar Springs Wind III, LLC",63582,WY,MTN,WECC,NAICS-22 Non-Cogen,22,WT,556242.0,2023
63941,Oasis Alta,Terra-Gen Operating Co-Wind,2770,CA,PACC,WECC,NAICS-22 Non-Cogen,22,WT,45402.0,2023
63981,Red Cloud Wind LLC,Pattern Operators LP,56545,NM,MTN,WECC,NAICS-22 Non-Cogen,22,WT,1163277.0,2023
63988,Blooming Grove Wind Energy Center,Invenergy Services LLC,49893,IL,ENC,SERC,NAICS-22 Non-Cogen,22,WT,866645.0,2023
64003,Iron Star Wind Project,Engie North America,56201,KS,WNC,MRO,NAICS-22 Non-Cogen,22,WT,1160322.0,2023
64047,Caddo Wind,ALLETE Clean Energy,59496,OK,WSC,MRO,NAICS-22 Non-Cogen,22,WT,786307.0,2023
64051,"Orchard Windfarm 2, LLC","Orchard Windfarm, LLC",62758,OR,PACC,WECC,NAICS-22 Non-Cogen,22,WT,25571.0,2023
64052,"Orchard Windfarm 3, LLC","Orchard Windfarm, LLC",62758,OR,PACC,WECC,NAICS-22 Non-Cogen,22,WT,25441.0,2023
64053,"Orchard Windfarm 4, LLC","Orchard Windfarm, LLC",62758,OR,PACC,WECC,NAICS-22 Non-Cogen,22,WT,25571.0,2023
64054,Clines Corners Wind Farm LLC,Pattern Operators LP,56545,NM,MTN,WECC,NAICS-22 Non-Cogen,22,WT,1064009.0,2023
64057,Wheatridge 1,Portland General Electric Co,15248,OR,PACC,WECC,Electric Utility,22,WT,273253.0,2023
64065,Duran Mesa LLC,Pattern Operators LP,56545,NM,MTN,WECC,NAICS-22 Non-Cogen,22,WT,363168.0,2023
64066,Tecolote Wind LLC,Pattern Operators LP,56545,NM,MTN,WECC,NAICS-22 Non-Cogen,22,WT,837187.0,2023
64074,Cimarron Bend III,"Enel Kansas, LLC",61372,KS,WNC,MRO,NAICS-22 Non-Cogen,22,WT,694623.0,2023
64088,"Alta Farms II Wind Project, LLC","Alta Farms II Wind Project, LLC",63722,IL,ENC,SERC,NAICS-22 Non-Cogen,22,WT,358911.0,2023
64130,"REG Juhl Glenville Wind, LLC","REG Juhl Glenville Wind, LLC",63761,MN,WNC,MRO,NAICS-22 Non-Cogen,22,WT,8456.0,2023
64138,Irish Creek Wind,"Irish Creek Wind, LLC",63765,KS,WNC,MRO,NAICS-22 Non-Cogen,22,WT,1004177.0,2023
64139,"Haystack Wind Project, LLC","Haystack Wind Project, LLC",63764,NE,WNC,MRO,NAICS-22 Non-Cogen,22,WT,869336.0,2023
64149,"Western Trail Wind, LLC",Orsted Onshore North America,63773,TX,WSC,TRE,NAICS-22 Non-Cogen,22,WT,834295.0,2023
64164,"Azure Sky Wind Project, LLC Hybrid","Azure Sky Wind Project, LLC",63784,TX,WSC,TRE,NAICS-22 Non-Cogen,22,WT,787094.0,2023
64165,Priddy Wind Project,Engie North America,56201,TX,WSC,TRE,NAICS-22 Non-Cogen,22,WT,948304.0,2023
64172,"Rockhaven Wind Project, LLC","Rockhaven Wind Project, LLC",63783,OK,WSC,MRO,NAICS-22 Non-Cogen,22,WT,518375.0,2023
64177,CED Manchester Wind,Consolidated Edison Development Inc.,56769,IA,WNC,MRO,NAICS-22 Non-Cogen,22,WT,22758.0,2023
64178,CED Centerville Wind,Consolidated Edison Development Inc.,56769,IA,WNC,MRO,NAICS-22 Non-Cogen,22,WT,25816.0,2023
64183,Independence Wind Farm,Independence Wind Energy LLC,63802,IA,WNC,MRO,NAICS-22 Non-Cogen,22,WT,212077.0,2023
64230,Indiana Crossroads Wind Farm LLC,Indiana Crossroads Wind Farms LLC,63835,IN,ENC,RFC,NAICS-22 Non-Cogen,22,WT,814217.0,2023
64309,Soldier Creek Wind,Soldier Creek Wind LLC,63887,KS,WNC,MRO,NAICS-22 Non-Cogen,22,WT,1068105.0,2023
64323,Coachella Hills Wind,Terra-Gen Operating Co-Wind,2770,CA,PACC,WECC,NAICS-22 Non-Cogen,22,WT,155367.0,2023
64326,Summit Winds,Greenbacker Renewable Energy Corporation,60025,CA,PACC,WECC,NAICS-22 Non-Cogen,22,WT,180016.0,2023
64332,Two Dot Wind Broadview East LLC,Two Dot Wind Broadview East LLC,63903,MT,MTN,WECC,NAICS-22 Non-Cogen,22,WT,4200.0,2023
64336,"Little Blue Wind Project, LLC","Little Blue Wind Project, LLC",63956,NE,WNC,MRO,NAICS-22 Non-Cogen,22,WT,952715.0,2023
64340,White Rock West Wind Project,"White Rock Wind West, LLC",63960,OK,WSC,MRO,NAICS-22 Non-Cogen,22,WT,15162.0,2023
64377,Milligan 1 Wind Farm,"Milligan 1 Wind, LLC",63993,NE,WNC,MRO,NAICS-22 Non-Cogen,22,WT,1023780.0,2023
64381,"Glacier Sands Wind Power, LLC","Glacier Sands Wind Power, LLC",63995,IL,ENC,MRO,NAICS-22 Non-Cogen,22,WT,611757.0,2023
64407,Flat Ridge 3,"Flat Ridge 3 Wind Energy, LLC",64000,KS,WNC,MRO,NAICS-22 Non-Cogen,22,WT,495168.0,2023
64433,Black Rock Wind,"Black Rock Wind Force, LLC",64068,WV,SAT,RFC,NAICS-22 Non-Cogen,22,WT,350807.0,2023
64544,Ranchland Wind Project II,"Ranchland Wind Project II, LLC",64178,TX,WSC,TRE,NAICS-22 Non-Cogen,22,WT,469937.0,2023
64551,Ranchland Wind Project I,"Ranchland Wind Project I, LLC",64177,TX,WSC,TRE,NAICS-22 Non-Cogen,22,WT,395484.0,2023
64591,"El Algodon Alto Wind Farm, LLC","El Algodon Alto Wind Farm, LLC",64209,TX,WSC,TRE,NAICS-22 Non-Cogen,22,WT,634782.0,2023
64623,Freeborn Wind Farm,Northern States Power Co - Minnesota,13781,MN,WNC,MRO,Electric Utility,22,WT,755759.0,2023
64638,"Borderlands Wind, LLC","Borderlands Wind, LLC",64250,NM,MTN,WECC,NAICS-22 Non-Cogen,22,WT,278392.0,2023
64639,TG East,TG East Wind Project LLC,64251,TX,WSC,TRE,NAICS-22 Non-Cogen,22,WT,1043395.0,2023
64661,Heartland Divide II,Heartland Divide II,64259,IA,WNC,MRO,NAICS-22 Non-Cogen,22,WT,744045.0,2023
64662,"Sac County Wind, LLC",Sac County Wind,64261,IA,WNC,MRO,NAICS-22 Non-Cogen,22,WT,328558.0,2023
64665,Great Prairie Wind,Great Prairie Wind LLC,64976,TX,WSC,MRO,NAICS-22 Non-Cogen,22,WT,3887512.0,2023
64688,Plymouth Wind,MidAmerican Energy Co,12341,IA,WNC,MRO,Electric Utility,22,WT,772158.0,2023
64710,White Mesa Wind,"White Mesa Wind, LLC",64288,TX,WSC,TRE,NAICS-22 Non-Cogen,22,WT,1739675.0,2023
64750,Glass Sands Wind Facility,Southern Power Co,17650,OK,WSC,MRO,NAICS-22 Non-Cogen,22,WT,449799.0,2023
64872,"Panorama Wind, LLC","Leeward Asset Management, LLC",50123,CO,MTN,WECC,NAICS-22 Non-Cogen,22,WT,529081.0,2023
65048,Hubbard Wind,Hubbard Wind LLC,64468,TX,WSC,TRE,NAICS-22 Non-Cogen,22,WT,1070416.0,2023
65059,"Niyol Wind, LLC","Niyol Wind, LLC",64461,CO,MTN,WECC,NAICS-22 Non-Cogen,22,WT,717619.0,2023
65129,Jayhawk Wind Energy Center,Invenergy Services LLC,49893,KS,WNC,MRO,NAICS-22 Non-Cogen,22,WT,582171.0,2023
65143,Big Turtle Wind Farm 2,DTE Electric Company,5109,MI,ENC,RFC,Electric Utility,22,WT,62098.0,2023
65162,Lacy Creek Wind Energy Center,"Lacy Creek Wind, LLC",64533,TX,WSC,TRE,NAICS-22 Non-Cogen,22,WT,1230199.0,2023
65282,Red Barn Energy,Wisconsin Public Service Corp,20860,WI,ENC,MRO,Electric Utility,22,WT,150735.0,2023
65306,Limestone Wind Project,"Limestone Wind Project, LLC",64611,TX,WSC,TRE,NAICS-22 Non-Cogen,22,WT,815248.0,2023
65316,Sapphire Sky Wind Energy LLC,Invenergy Services LLC,49893,IL,ENC,SERC,NAICS-22 Non-Cogen,22,WT,716682.0,2023
65328,Meridian Wind Park,DTE Electric Company,5109,MI,ENC,RFC,Electric Utility,22,WT,296025.0,2023
65335,Appaloosa Run Wind,"Appaloosa Run Wind, LLC",64655,TX,WSC,TRE,NAICS-22 Non-Cogen,22,WT,694547.0,2023
65350,Ford County Wind Farm LLC,Ford Ridge,64683,IL,ENC,SERC,NAICS-22 Non-Cogen,22,WT,460239.0,2023
65390,"Ledyard Windpower, LLC",Duke Energy Renewables Services,65411,IA,WNC,MRO,NAICS-22 Non-Cogen,22,WT,666504.0,2023
65478,"Green Providence Wind I, LLC","Green Providence Wind I, LLC",64795,RI,NEW,NPCC,NAICS-22 Non-Cogen,22,WT,1453.0,2023
65479,"Green Providence Wind II, LLC","Green Providence Wind II, LLC",64796,RI,NEW,NPCC,NAICS-22 Non-Cogen,22,WT,3104.0,2023
65484,Western Plains Wind,"Western Plains Wind, LLC",64806,KS,WNC,MRO,Industrial NAICS Non-Cogen,325193,WT,11273.0,2023
65495,"Ball Hill Wind Energy, LLC","Ball Hill Wind Energy, LLC",64804,NY,MAT,NPCC,NAICS-22 Non-Cogen,22,WT,49687.0,2023
65496,"Bluestone Wind, LLC","Bluestone Wind, LLC",64805,NY,MAT,NPCC,NAICS-22 Non-Cogen,22,WT,51066.0,2023
65498,Garden 2 Solar Park,DTE Sustainable Generation,64331,MI,ENC,RFC,NAICS-22 Non-Cogen,22,WT,2678.0,2023
65511,25 Mile Creek,"Enel Green Power NA, Inc.",59380,OK,WSC,MRO,NAICS-22 Non-Cogen,22,WT,1035630.0,2023
65522,Number Three Wind Project,Invenergy Services LLC,49893,NY,MAT,NPCC,NAICS-22 Non-Cogen,22,WT,137712.5,2023
65546,Inertia Wind Project,"Inertia Wind Project, LLC",64847,TX,WSC,TRE,NAICS-22 Non-Cogen,22,WT,1170609.0,2023
65577,Clearwater Wind I,Clearwater Energy Resources LLC,64896,MT,MTN,WECC,NAICS-22 Non-Cogen,22,WT,1315806.0,2023
65713,Rock Aetna Power Partners,Northern States Power Co - Minnesota,13781,MN,WNC,MRO,Electric Utility,22,WT,79301.0,2023
65714,Northern Wind,Northern States Power Co - Minnesota,13781,MN,WNC,MRO,Electric Utility,22,WT,319614.0,2023
65715,Great Pathfinder Wind,Great Pathfinder Wind,64989,IA,WNC,MRO,NAICS-22 Non-Cogen,22,WT,623785.0,2023
65725,Kossuth County Wind,"Kossuth County Wind, LLC",64979,IA,WNC,MRO,NAICS-22 Non-Cogen,22,WT,284607.0,2023
65737,Schumann Wind Farm,"Chopin Wind, LLC",57421,OR,PACC,WECC,NAICS-22 Non-Cogen,22,WT,22162.0,2023
65738,"Sunflower Energy Center, LLC","Sunflower Energy Center, LLC",64992,KS,WNC,MRO,NAICS-22 Non-Cogen,22,WT,348746.0,2023
65741,"Sandy Ridge Wind 2, LLC",Algonquin Power Co,59050,PA,MAT,RFC,NAICS-22 Non-Cogen,22,WT,69139.0,2023
65742,Deerfield Wind Energy 2,"Deerfield Wind Energy 2, LLC",64998,MI,ENC,RFC,NAICS-22 Non-Cogen,22,WT,181371.0,2023
65761,Buffalo Ridge Wind,"Buffalo Ridge Wind, LLC",65012,MN,WNC,MRO,NAICS-22 Non-Cogen,22,WT,427551.0,2023
65763,Young Wind,"Young Wind, LLC",65013,TX,WSC,TRE,NAICS-22 Non-Cogen,22,WT,1580027.0,2023
65764,Walleye Wind,"Walleye Wind, LLC",65015,MN,WNC,MRO,NAICS-22 Non-Cogen,22,WT,450012.0,2023
65790,Castle Gap Wind,"Castle Gap Wind Power, LLC",65044,TX,WSC,TRE,NAICS-22 Non-Cogen,22,WT,495814.0,2023
65971,"Seven Cowboy Wind Project, LLC","Seven Cowboy Wind Project, LLC",65148,OK,WSC,MRO,NAICS-22 Non-Cogen,22,WT,751370.0,2023
66001,Chevelon Butte Wind Farm,AES Clean Energy,64904,AZ,MTN,WECC,NAICS-22 Non-Cogen,22,WT,235585.0,2023
66014,"Bronco Plains Wind II, LLC","Bronco Plains Wind II, LLC",65166,CO,MTN,WECC,NAICS-22 Non-Cogen,22,WT,43524.0,2023
66052,Eight Point Wind,"Eight Point Wind, LLC",65225,NY,MAT,NPCC,Electric Utility,22,WT,232445.0,2023
66093,Moraine Sands Wind Power,"Moraine Sands Wind Power, LLC",65268,IL,ENC,SERC,NAICS-22 Non-Cogen,22,WT,55460.0,2023
66156,"High Banks Wind, LLC","High Banks Wind, LLC",65295,KS,WNC,MRO,NAICS-22 Non-Cogen,22,WT,304007.0,2023
66184,Clearwater Wind II,"Clearwater Wind II, LLC",65312,MT,MTN,WECC,NAICS-22 Non-Cogen,22,WT,30267.0,2023
66195,"SPPW1, LLC","SPPW1, LLC",65318,NE,WNC,MRO,NAICS-22 Non-Cogen,22,WT,23565.0,2023
66261,Martin Marietta Wind Project,OEE XXXIII LLC,65369,OH,ENC,RFC,NAICS-22 Non-Cogen,22,WT,0.0,2023
66283,Silver Maple,WEB Silver Maple Wind LLC,65402,ME,NEW,NPCC,NAICS-22 Non-Cogen,22,WT,52064.0,2023
66321,"King Creek Wind Farm 1, LLC","King Creek Wind Farm 1, LLC",65408,TX,WSC,TRE,NAICS-22 Non-Cogen,22,WT,489963.0,2023
66323,"King Creek Wind Farm 2, LLC","King Creek Wind Farm 2, LLC",65409,TX,WSC,TRE,NAICS-22 Non-Cogen,22,WT,567332.0,2023
66496,"Sweetland Wind Farm, LLC","Sweetland Wind Farm, LLC",65553,SD,WNC,MRO,NAICS-22 Non-Cogen,22,WT,174601.0,2023
66540,Shamrock Wind,Shamrock Wind LLC,65578,TX,WSC,TRE,NAICS-22 Non-Cogen,22,WT,23087.0,2023
66568,Shady Oaks Wind 2,"Shady Oaks Wind 2, LLC",65614,IL,ENC,RFC,NAICS-22 Non-Cogen,22,WT,84834.0,2023
66668,Chickasaw Wind Farm,MidAmerican Energy Co,12341,IA,WNC,MRO,Electric Utility,22,WT,14258.0,2023
67002,"North Bend Wind Project, LLC","North Bend Wind Project, LLC",65929,SD,WNC,,NAICS-22 Non-Cogen,22,WT,37767.0,2023
67026,Roundhouse Renewable Energy II,"Roundhouse Renewable Energy II, LLC",65948,WY,MTN,,NAICS-22 Non-Cogen,22,WT,6.0,2023
67160,Springfield Wind,Arkansas River Power Authority,712,CO,MTN,,Electric Utility,22,WT,5034.0,2023
99999,State-Fuel Level Increment,State-Fuel Level Increment,99999,HI,PACN,,NAICS-22 Non-Cogen,99999,WT,35546.559,2023
99999,State-Fuel Level Increment,State-Fuel Level Increment,99999,SD,WNC,,NAICS-22 Non-Cogen,99999,WT,30147.476,2023
99999,State-Fuel Level Increment,State-Fuel Level Increment,99999,WY,MTN,,Electric Utility,99999,WT,5068.748,2023
99999,State-Fuel Level Increment,State-Fuel Level Increment,99999,TX,WSC,,NAICS-22 Non-Cogen,99999,WT,292094.19,2023
99999,State-Fuel Level Increment,State-Fuel Level Increment,99999,NY,MAT,,NAICS-22 Non-Cogen,99999,WT,27252.486,2023
99999,State-Fuel Level Increment,State-Fuel Level Increment,99999,MA,NEW,,NAICS-22 Non-Cogen,99999,WT,6544.966,2023
99999,State-Fuel Level Increment,State-Fuel Level Increment,99999,IA,WNC,,NAICS-22 Non-Cogen,99999,WT,3605.01,2023
99999,State-Fuel Level Increment,State-Fuel Level Increment,99999,CT,NEW,,NAICS-22 Non-Cogen,99999,WT,998.53,2023
99999,State-Fuel Level Increment,State-Fuel Level Increment,99999,CA,PACC,,NAICS-22 Non-Cogen,99999,WT,19622.917,2023
99999,State-Fuel Level Increment,State-Fuel Level Increment,99999,AK,PACN,,Electric Utility,99999,WT,2236.855,2023
1,Sand Point,"Sand Point Generating, LLC",63560,AK,PACN,,Electric Utility,22,WT,0.0,2024
90,Snake River,Nome Joint Utility Systems,13642,AK,PACN,,Electric Utility,22,WT,1476.0,2024
508,Lamar Plant,City of Lamar - (CO),10633,CO,MTN,WECC,Electric Utility,22,WT,12557.0,2024
692,Medicine Bow,SRIV Partnership LLC,62042,WY,MTN,WECC,NAICS-22 Non-Cogen,22,WT,8375.0,2024
944,Geneseo,City of Geneseo - (IL),7095,IL,ENC,MRO,Electric Utility,22,WT,5968.0,2024
1172,Osage (IA),City of Osage - (IA),14201,IA,WNC,MRO,Electric Utility,22,WT,4622.0,2024
1998,Mountain Lake,City of Mountain Lake - (MN),13048,MN,WNC,MRO,Electric Utility,22,WT,2431.0,2024
2022,Willmar,Willmar Municipal Utilities,20737,MN,WNC,MRO,Electric Utility,22,WT,3106.0,2024
2024,Worthington,City of Worthington - (MN),21013,MN,WNC,MRO,Electric Utility,22,WT,8861.0,2024
6304,Kotzebue Hybrid,Kotzebue Electric Assn Inc,10451,AK,PACN,,Electric Utility,22,WT,2848.0,2024
7381,Searsburg Wind Turbine,Green Mountain Power Corp,7601,VT,NEW,NPCC,Electric Utility,22,WT,9562.0,2024
7501,Princeton Wind Farm,Town of Princeton - (MA),15371,MA,NEW,NPCC,Electric Utility,22,WT,3680.0,2024
7526,Solano Wind,Sacramento Municipal Util Dist,16534,CA,PACC,WECC,Electric Utility,22,WT,639926.0,2024
7771,Springview,Bluestem LLC,58190,NE,WNC,MRO,NAICS-22 Non-Cogen,22,WT,9707.0,2024
7855,Moorhead Wind Turbine,City of Moorhead - (MN),12894,MN,WNC,MRO,Electric Utility,22,WT,1241.0,2024
7886,Wind Turbine,Madison Gas & Electric Co,11479,WI,ENC,MRO,Electric Utility,22,WT,13397.0,2024
7927,Buffalo Mountain,Tennessee Valley Authority,18642,TN,ESC,SERC,Electric Utility,22,WT,0.0,2024
7936,Nine Canyon,Energy Northwest,20160,WA,PACC,WECC,Electric Utility,22,WT,209258.0,2024
7965,Salt Valley Wind Plant,Lincoln Electric System,11018,NE,WNC,MRO,Electric Utility,22,WT,980.0,2024
7966,Iowa Distributed Wind Generation Project,City of Algona - (IA),309,IA,WNC,MRO,Electric Utility,22,WT,4581.0,2024
10005,Dinosaur Point,International Turbine Res Inc,9397,CA,PACC,WECC,NAICS-22 Non-Cogen,22,WT,1168.0,2024
10191,Tehachapi Wind Resource I,CalWind Resources Inc,2719,CA,PACC,WECC,NAICS-22 Non-Cogen,22,WT,14117.0,2024
10586,Cameron Ridge LLC,Terra-Gen Operating Co-Wind,2770,CA,PACC,WECC,NAICS-22 Non-Cogen,22,WT,143994.0,2024
10597,Ridgetop Energy LLC,Terra-Gen Operating Co-Wind,2770,CA,PACC,WECC,NAICS-22 Non-Cogen,22,WT,27038.0,2024
10718,Karen Avenue Wind Farm,San Gorgonio Farms Inc,16630,CA,PACC,WECC,NAICS-22 Non-Cogen,22,WT,23382.0,2024
10823,Deer Island Treatment Plant,Massachusetts Wtr Rauth-Deer I,11427,MA,NEW,NPCC,Commercial NAICS Cogen,22132,WT,697.95,2024
50281,San Gorgonio Farms Wind Farm,San Gorgonio Farms Inc,16630,CA,PACC,WECC,NAICS-22 Non-Cogen,22,WT,61311.0,2024
50532,Victory Garden (Tehachapi),Wind Stream Operations LLC,56899,CA,PACC,WECC,NAICS-22 Non-Cogen,22,WT,32973.0,2024
50533,Painted Hills Wind Park,Terra-Gen Operating Co-Wind,2770,CA,PACC,WECC,NAICS-22 Non-Cogen,22,WT,175436.0,2024
50536,Sky River Wind Energy Center,Sky River Wind LLC,64156,CA,PACC,WECC,NAICS-22 Non-Cogen,22,WT,244989.0,2024
50552,Salka Cabazon Wind,Salka Cabazon Wind LLC,66081,CA,PACC,WECC,NAICS-22 Non-Cogen,22,WT,7870.0,2024
50553,Edom Hills Project 1 LLC,Edom Hills Project 1 LLC,65490,CA,PACC,WECC,NAICS-22 Non-Cogen,22,WT,12181.0,2024
50690,San Gorgonio Westwinds II LLC,Terra-Gen Operating Co-Wind,2770,CA,PACC,WECC,NAICS-22 Non-Cogen,22,WT,124431.0,2024
50754,Oak Creek Energy Systems I,Terra-Gen Operating Co-Wind,2770,CA,PACC,WECC,NAICS-22 Non-Cogen,22,WT,54496.0,2024
50820,East Winds Project,Terra-Gen Operating Co-Wind,2770,CA,PACC,WECC,NAICS-22 Non-Cogen,22,WT,7145.0,2024
50821,Mojave 16/17/18,Terra-Gen Operating Co-Wind,2770,CA,PACC,WECC,NAICS-22 Non-Cogen,22,WT,73909.0,2024
52142,Mojave 3/4/5,Terra-Gen Operating Co-Wind,2770,CA,PACC,WECC,NAICS-22 Non-Cogen,22,WT,132783.0,2024
52162,85 A,Wind Wall 1 LLC,64311,CA,PACC,WECC,NAICS-22 Non-Cogen,22,WT,71157.0,2024
52163,85 B,Wind Wall 1 LLC,64311,CA,PACC,WECC,NAICS-22 Non-Cogen,22,WT,97633.0,2024
54298,Coram Energy LLC (ECT),Nextera Energy Resources,64260,CA,PACC,WECC,NAICS-22 Non-Cogen,22,WT,17603.0,2024
54299,Coram Energy LLC,Nextera Energy Resources,64260,CA,PACC,WECC,NAICS-22 Non-Cogen,22,WT,9538.0,2024
54300,Coram Energy LLC (4.5MW),Nextera Energy Resources,64260,CA,PACC,WECC,NAICS-22 Non-Cogen,22,WT,9538.0,2024
54453,EDF Renewable Windfarm V Inc,"EDF Renewable Asset Holdings, Inc.",57170,CA,PACC,WECC,NAICS-22 Non-Cogen,22,WT,20191.0,2024
54454,San Gorgonio Windplant WPP1993,"FPL Energy Operating Services, Inc.",49963,CA,PACC,WECC,NAICS-22 Non-Cogen,22,WT,201967.0,2024
54647,TPC Windfarms LLC,Terra-Gen Operating Co-Wind,2770,CA,PACC,WECC,NAICS-22 Non-Cogen,22,WT,46488.0,2024
54686,Difwind Farms Ltd VI,Terra-Gen Operating Co-Wind,2770,CA,PACC,WECC,NAICS-22 Non-Cogen,22,WT,14939.0,2024
54750,Coram Tehachapi,Nextera Energy Resources,64260,CA,PACC,WECC,NAICS-22 Non-Cogen,22,WT,0.0,2024
54793,Storm Lake 1,ALLETE Clean Energy,59496,IA,WNC,MRO,NAICS-22 Non-Cogen,22,WT,84692.0,2024
54909,Tehachapi Wind Resource II,CalWind Resources Inc,2719,CA,PACC,WECC,NAICS-22 Non-Cogen,22,WT,46054.0,2024
54931,Ridgetop,Terra-Gen Operating Co-Wind,2770,CA,PACC,WECC,NAICS-22 Non-Cogen,22,WT,145880.0,2024
54979,Big Spring Wind Power Facility,Terra-Gen Operating Co-Wind,2770,TX,WSC,TRE,NAICS-22 Non-Cogen,22,WT,55977.0,2024
55125,Vansycle,ESI Vansycle Partners LP,6017,OR,PACC,WECC,NAICS-22 Non-Cogen,22,WT,59989.0,2024
55208,Lake Benton I,ALLETE Clean Energy,59496,MN,WNC,MRO,NAICS-22 Non-Cogen,22,WT,243845.0,2024
55265,Lake Benton II,Northern States Power Co - Minnesota,13781,MN,WNC,MRO,Electric Utility,22,WT,437872.0,2024
55287,Storm Lake II,ALLETE Clean Energy,59496,IA,WNC,MRO,NAICS-22 Non-Cogen,22,WT,114211.0,2024
55339,Phoenix Wind Power LLC,Avangrid Power LLC,15399,CA,PACC,WECC,NAICS-22 Non-Cogen,22,WT,2750.0,2024
55342,Woodstock Windfarm,Consolidated Edison Development Inc.,56769,MN,WNC,MRO,NAICS-22 Non-Cogen,22,WT,28494.0,2024
55353,Lakota Ridge LLC,"Lakota Ridge, LLC (Longroad)",65888,MN,WNC,MRO,NAICS-22 Non-Cogen,22,WT,16666.0,2024
55354,Shaokatan Hills LLC,"Shaokatan Hills, LLC (Longroad)",65889,MN,WNC,MRO,NAICS-22 Non-Cogen,22,WT,12068.0,2024
55560,FPL Energy Vansycle LLC (WA),FPL Energy Vansycle LLC,6607,WA,PACC,WECC,NAICS-22 Non-Cogen,22,WT,370273.0,2024
55561,Tsar Nicholas LLC,CHI Operations Inc,54725,MN,WNC,MRO,NAICS-22 Non-Cogen,22,WT,3717.0,2024
55562,Sun River LLC,CHI Operations Inc,54725,MN,WNC,MRO,NAICS-22 Non-Cogen,22,WT,3717.0,2024
55563,Julia Hills LLC,CHI Operations Inc,54725,MN,WNC,MRO,NAICS-22 Non-Cogen,22,WT,3717.0,2024
55564,Jessica Mills LLC,CHI Operations Inc,54725,MN,WNC,MRO,NAICS-22 Non-Cogen,22,WT,3717.0,2024
55565,Jack River LLC,CHI Operations Inc,54725,MN,WNC,MRO,NAICS-22 Non-Cogen,22,WT,3717.0,2024
55566,Autumn Hills LLC,CHI Operations Inc,54725,MN,WNC,MRO,NAICS-22 Non-Cogen,22,WT,3717.0,2024
55567,Winters Spawn LLC,CHI Operations Inc,54725,MN,WNC,MRO,NAICS-22 Non-Cogen,22,WT,4759.0,2024
55568,Twin Lake Hills LLC,CHI Operations Inc,54725,MN,WNC,MRO,NAICS-22 Non-Cogen,22,WT,4759.0,2024
55569,Spartan Hills LLC,CHI Operations Inc,54725,MN,WNC,MRO,NAICS-22 Non-Cogen,22,WT,4759.0,2024
55570,Soliloquoy Ridge LLC,CHI Operations Inc,54725,MN,WNC,MRO,NAICS-22 Non-Cogen,22,WT,4759.0,2024
55571,Ruthton Ridge LLC,CHI Operations Inc,54725,MN,WNC,MRO,NAICS-22 Non-Cogen,22,WT,4759.0,2024
55572,Hope Creek LLC,CHI Operations Inc,54725,MN,WNC,MRO,NAICS-22 Non-Cogen,22,WT,4759.0,2024
55573,Hadley Ridge LLC,CHI Operations Inc,54725,MN,WNC,MRO,NAICS-22 Non-Cogen,22,WT,4759.0,2024
55574,Florence Hills LLC,CHI Operations Inc,54725,MN,WNC,MRO,NAICS-22 Non-Cogen,22,WT,4759.0,2024
55576,Agassiz Beach LLC,CHI Operations Inc,54725,MN,WNC,MRO,NAICS-22 Non-Cogen,22,WT,4326.0,2024
55579,Llano Estacado Wind Ranch,Llano Estacado Wind Ranch,62136,TX,WSC,MRO,NAICS-22 Non-Cogen,22,WT,94797.0,2024
55581,King Mountain Wind Ranch 1,FPL Energy Upton Wind LP,6354,TX,WSC,TRE,NAICS-22 Non-Cogen,22,WT,547713.0,2024
55719,Mountain View I & II,AES Distributed Energy,61012,CA,PACC,WECC,NAICS-22 Non-Cogen,22,WT,278193.0,2024
55734,Gray County Wind Energy,Gray County Wind Energy LLC,7531,KS,WNC,MRO,NAICS-22 Non-Cogen,22,WT,264095.0,2024
55739,Condon Windpower LLC,ALLETE Clean Energy,59496,OR,PACC,WECC,NAICS-22 Non-Cogen,22,WT,76991.0,2024
55741,Ridge Crest Wind Partners,Terra-Gen Operating Co-Wind,2770,CO,MTN,WECC,NAICS-22 Non-Cogen,22,WT,0.0,2024
55742,Montfort Wind Energy Center,Wisconsin Electric Power Co,20847,WI,ENC,RFC,Electric Utility,22,WT,58197.0,2024
55747,NWP Indian Mesa Wind Farm,NWP Indian Mesa Wind Farm LP,13866,TX,WSC,TRE,NAICS-22 Non-Cogen,22,WT,205620.0,2024
55769,Madison Windpower LLC,Madison Windpower LLC,49880,NY,MAT,NPCC,NAICS-22 Non-Cogen,22,WT,7505.0,2024
55782,Noble Ridge LLC,RENEW Energy Inc,56689,MN,WNC,MRO,NAICS-22 Non-Cogen,22,WT,61.0,2024
55790,Fenner Wind,CHI Energy Inc,34688,NY,MAT,NPCC,NAICS-22 Non-Cogen,22,WT,64361.0,2024
55795,Woodward Mountain II,Pecos Wind II LP,14629,TX,WSC,TRE,NAICS-22 Non-Cogen,22,WT,168014.0,2024
55796,Woodward Mountain I,Pecos Wind I LP,14628,TX,WSC,TRE,NAICS-22 Non-Cogen,22,WT,168014.0,2024
55803,Somerset Windpower LLC,"Sequitur Renewables, LLC",65240,PA,MAT,RFC,NAICS-22 Non-Cogen,22,WT,5557.0,2024
55804,"Old Gold Energy Center, LLC","Old Gold Energy Center, LLC",66075,IA,WNC,MRO,NAICS-22 Non-Cogen,22,WT,78406.0,2024
55805,Mill Run Windpower LLC,"Sequitur Renewables, LLC",65240,PA,MAT,RFC,NAICS-22 Non-Cogen,22,WT,15119.0,2024
55809,Kas Brothers Windfarm,Kas Brothers Windfarm LLC,10046,MN,WNC,MRO,NAICS-22 Non-Cogen,22,WT,1764.0,2024
55816,Hawkeye Power Partners LLC,Hawkeye Power Partners LLC,8294,IA,WNC,MRO,NAICS-22 Non-Cogen,22,WT,176054.0,2024
55871,Klondike Wind Power,Avangrid Power LLC,15399,OR,PACC,WECC,NAICS-22 Non-Cogen,22,WT,17760.0,2024
55968,Trent Wind Farm,Trent Wind Farm LLC,19171,TX,WSC,TRE,NAICS-22 Non-Cogen,22,WT,515025.0,2024
55986,Mountaineer Wind Energy Center,"Sequitur Renewables, LLC",65240,WV,SAT,RFC,NAICS-22 Non-Cogen,22,WT,66473.0,2024
55989,FPL Energy Vansycle LLC (OR),FPL Energy Vansycle LLC,6607,OR,PACC,WECC,NAICS-22 Non-Cogen,22,WT,257036.0,2024
55992,Desert Sky,Desert Sky Wind Farm LP,49796,TX,WSC,TRE,NAICS-22 Non-Cogen,22,WT,496721.0,2024
55995,Minot Wind Project,Basin Electric Power Coop,1307,ND,WNC,MRO,Electric Utility,22,WT,18178.0,2024
56001,Waymart Wind,"Sequitur Renewables, LLC",65240,PA,MAT,RFC,NAICS-22 Non-Cogen,22,WT,85858.0,2024
56002,Minwind,"Community Renewables, LLC",60580,MN,WNC,MRO,NAICS-22 Non-Cogen,22,WT,276.0,2024
56010,Hancock County Wind Energy Center,"FPL Energy Hancock County Wind, LLC",6850,IA,WNC,MRO,NAICS-22 Non-Cogen,22,WT,268412.0,2024
56011,Cabazon Wind Partners,Shell Wind Energy Inc.,17058,CA,PACC,WECC,NAICS-22 Non-Cogen,22,WT,96732.0,2024
56012,Whitewater Hill Wind Partners,Shell Wind Energy Inc.,17058,CA,PACC,WECC,NAICS-22 Non-Cogen,22,WT,128315.0,2024
56052,"Meyersdale Windpower, LLC","Sequitur Renewables, LLC",65240,PA,MAT,RFC,NAICS-22 Non-Cogen,22,WT,32831.0,2024
56054,G McNeilus Wind Farm Dodge Center,Justin McNeilus,6985,MN,WNC,MRO,NAICS-22 Non-Cogen,22,WT,93955.0,2024
56075,High Winds LLC,"FPLE High Winds, LLC",8565,CA,PACC,WECC,NAICS-22 Non-Cogen,22,WT,233297.0,2024
56081,Blue Canyon Windpower,Blue Canyon Windpower LLC,1881,OK,WSC,MRO,NAICS-22 Non-Cogen,22,WT,10015.0,2024
56092,South Dakota Wind Energy Cente,FPL Energy South Dakota Wind LLC,34721,SD,WNC,MRO,NAICS-22 Non-Cogen,22,WT,79652.0,2024
56093,TransAlta Wyoming Wind,TransAlta Wyoming Wind LLC,58608,WY,MTN,WECC,NAICS-22 Non-Cogen,22,WT,318843.0,2024
56094,Oklahoma Wind Energy Center,FPL Energy Oklahoma Wind LLC,34719,OK,WSC,MRO,NAICS-22 Non-Cogen,22,WT,145380.0,2024
56097,New Mexico Wind Energy Center,FPL Energy New Mexico Wind LLC,34717,NM,MTN,WECC,NAICS-22 Non-Cogen,22,WT,546700.0,2024
56099,FPL Energy North Dakota Wind I/II,FPL Energy North Dakota Wind LLC,34723,ND,WNC,MRO,NAICS-22 Non-Cogen,22,WT,136726.0,2024
56106,Kimball Wind,"Kimball Wind, LLC",61369,NE,WNC,MRO,NAICS-22 Non-Cogen,22,WT,120997.0,2024
56111,Brazos Wind Farm,Shell Wind Energy Inc.,17058,TX,WSC,TRE,NAICS-22 Non-Cogen,22,WT,658677.0,2024
56112,Mountain View III,Avangrid Power LLC,15399,CA,PACC,WECC,NAICS-22 Non-Cogen,22,WT,75745.0,2024
56160,"Mendota Hills, LLC","Leeward Asset Management, LLC",50123,IL,ENC,RFC,NAICS-22 Non-Cogen,22,WT,263731.0,2024
56162,Ainsworth Wind,Nebraska Public Power District,13337,NE,WNC,MRO,Electric Utility,22,WT,60798.0,2024
56172,Flying Cloud Power Partners LLC,Avangrid Power LLC,15399,IA,WNC,MRO,NAICS-22 Non-Cogen,22,WT,80981.0,2024
56173,Colorado Green Holdings LLC,Avangrid Power LLC,15399,CO,MTN,WECC,NAICS-22 Non-Cogen,22,WT,594897.0,2024
56174,Moraine Wind LLC,Avangrid Power LLC,15399,MN,WNC,MRO,NAICS-22 Non-Cogen,22,WT,61038.0,2024
56195,Combine Hills I,Eurus Combine Hills I LLC,49844,OR,PACC,WECC,NAICS-22 Non-Cogen,22,WT,72954.0,2024
56199,TG Windfarm LLC,TG Windfarm LLC,61141,MN,WNC,MRO,NAICS-22 Non-Cogen,22,WT,288.0,2024
56200,CG Windfarm LLC,CG Windfarm LLC,61140,MN,WNC,MRO,NAICS-22 Non-Cogen,22,WT,144.0,2024
56201,Bisson Windfarm LLC,Bisson Windfarm LLC,61139,MN,WNC,MRO,NAICS-22 Non-Cogen,22,WT,288.0,2024
56202,Tofteland Windfarm LLC,Tofteland Windfarm LLC,49867,MN,WNC,MRO,NAICS-22 Non-Cogen,22,WT,288.0,2024
56203,Westridge Windfarm LLC,Westridge Windfarm LLC,61142,MN,WNC,MRO,NAICS-22 Non-Cogen,22,WT,288.0,2024
56204,Fey Windfarm LLC,Fey Windfarm LLC,49869,MN,WNC,MRO,NAICS-22 Non-Cogen,22,WT,5112.0,2024
56205,Windcurrent Farms LLC,Windcurrent Farms LLC,49870,MN,WNC,MRO,NAICS-22 Non-Cogen,22,WT,5125.0,2024
56206,K-Brink Windfarm LLC,"K-brink Windfarm, LLC",61120,MN,WNC,MRO,NAICS-22 Non-Cogen,22,WT,3324.0,2024
56207,DL Windy Acres LLC,Brewster,56800,MN,WNC,MRO,NAICS-22 Non-Cogen,22,WT,4061.0,2024
56208,S&P Windfarm LLC,Brewster,56800,MN,WNC,MRO,NAICS-22 Non-Cogen,22,WT,4061.0,2024
56209,Boeve Windfarm LLC,Boeve Windfarm LLC,49874,MN,WNC,MRO,NAICS-22 Non-Cogen,22,WT,5290.0,2024
56210,B&K Energy Systems LLC,Brewster,56800,MN,WNC,MRO,NAICS-22 Non-Cogen,22,WT,4061.0,2024
56211,Sweetwater Wind 1 LLC,"Leeward Asset Management, LLC",50123,TX,WSC,TRE,NAICS-22 Non-Cogen,22,WT,140839.0,2024
56212,Sweetwater Wind 2 LLC,"Leeward Asset Management, LLC",50123,TX,WSC,TRE,NAICS-22 Non-Cogen,22,WT,340592.0,2024
56225,Aeolus Wind Facility,Aeolus Wind LLC,49903,TX,WSC,MRO,NAICS-22 Non-Cogen,22,WT,0.0,2024
56226,Bowling Green Wind,"American Mun Power-Ohio, Inc",40577,OH,ENC,RFC,Electric Utility,22,WT,3588.0,2024
56240,Buffalo Gap Wind Farm,AES Distributed Energy,61012,TX,WSC,TRE,NAICS-22 Non-Cogen,22,WT,178961.0,2024
56251,Intrepid,MidAmerican Energy Co,12341,IA,WNC,MRO,Electric Utility,22,WT,549404.0,2024
56252,Century,MidAmerican Energy Co,12341,IA,WNC,MRO,Electric Utility,22,WT,572028.0,2024
56255,Hopkins Ridge Wind,Puget Sound Energy Inc,15500,WA,PACC,WECC,Electric Utility,22,WT,408571.0,2024
56270,Callahan Divide Wind Energy Center,"FPL Energy Callahan Wind, LLC",50012,TX,WSC,TRE,NAICS-22 Non-Cogen,22,WT,414319.0,2024
56271,Diablo Winds LLC,"Sequitur Renewables, LLC",65240,CA,PACC,WECC,NAICS-22 Non-Cogen,22,WT,20472.0,2024
56273,Weatherford Wind Energy Center,"FPL Energy Weatherford, LLC",50014,OK,WSC,MRO,NAICS-22 Non-Cogen,22,WT,602458.0,2024
56275,Helzel & Schwarzhoff 86,Wind Stream Operations LLC,56899,CA,PACC,WECC,NAICS-22 Non-Cogen,22,WT,3268.0,2024
56276,ZCO,Wind Stream Operations LLC,56899,CA,PACC,WECC,NAICS-22 Non-Cogen,22,WT,1375.0,2024
56290,Maple Ridge Wind Farm,"Flat Rock Windpower, LLC",54684,NY,MAT,NPCC,NAICS-22 Non-Cogen,22,WT,636554.0,2024
56291,Horse Hollow Wind Energy Center,FPL Energy Horse Hollow LLC,50063,TX,WSC,TRE,NAICS-22 Non-Cogen,22,WT,2458071.0,2024
56293,Caprock Wind Farm,"Leeward Asset Management, LLC",50123,NM,MTN,MRO,NAICS-22 Non-Cogen,22,WT,209923.0,2024
56295,Kumeyaay Wind,"Leeward Asset Management, LLC",50123,CA,PACC,WECC,NAICS-22 Non-Cogen,22,WT,127222.0,2024
56296,Trimont Area Wind Farm,Avangrid Power LLC,15399,MN,WNC,MRO,NAICS-22 Non-Cogen,22,WT,378939.0,2024
56297,Crescent Ridge,"Leeward Asset Management, LLC",50123,IL,ENC,RFC,NAICS-22 Non-Cogen,22,WT,216460.0,2024
56299,Wind Park Bear Creek,"Leeward Asset Management, LLC",50123,PA,MAT,RFC,NAICS-22 Non-Cogen,22,WT,59262.0,2024
56300,Jersey-Atlantic Wind Farm,"Leeward Asset Management, LLC",50123,NJ,MAT,RFC,NAICS-22 Non-Cogen,22,WT,19390.0,2024
56301,Wolverine Creek,Invenergy Services LLC,49893,ID,MTN,WECC,NAICS-22 Non-Cogen,22,WT,163510.0,2024
56302,Oasis Wind,Terra-Gen Operating Co-Wind,2770,CA,PACC,WECC,NAICS-22 Non-Cogen,22,WT,238350.0,2024
56303,Elk River Wind,Avangrid Power LLC,15399,KS,WNC,MRO,NAICS-22 Non-Cogen,22,WT,294845.0,2024
56304,San Juan Mesa Wind Project LLC,NRG Energy Gas & Wind Holdings Inc,59883,NM,MTN,MRO,NAICS-22 Non-Cogen,22,WT,201277.0,2024
56307,Adams Wind Farm,Consolidated Edison Development Inc.,56769,MN,WNC,MRO,NAICS-22 Non-Cogen,22,WT,20245.0,2024
56308,Fossil Gulch,Greenbacker Renewable Energy Corporation,60025,ID,MTN,WECC,NAICS-22 Non-Cogen,22,WT,24479.0,2024
56311,Sweetwater Wind 3 LLC,"Leeward Asset Management, LLC",50123,TX,WSC,TRE,NAICS-22 Non-Cogen,22,WT,469987.0,2024
56320,Spring Canyon,Invenergy Services LLC,49893,CO,MTN,WECC,NAICS-22 Non-Cogen,22,WT,154354.0,2024
56322,Wild Horse,Puget Sound Energy Inc,15500,WA,PACC,WECC,Electric Utility,22,WT,636124.0,2024
56335,Blue Canyon Windpower II,Blue Canyon Windpower II LLC,54707,OK,WSC,MRO,NAICS-22 Non-Cogen,22,WT,543123.0,2024
56336,Aragonne Wind LLC,"Leeward Asset Management, LLC",50123,NM,MTN,WECC,NAICS-22 Non-Cogen,22,WT,782718.0,2024
56337,Sweetwater Wind 4 LLC,"Leeward Asset Management, LLC",50123,TX,WSC,TRE,NAICS-22 Non-Cogen,22,WT,621909.0,2024
56338,High Trail Wind Farm LLC,High Trail Wind Farm LLC,54709,IL,ENC,RFC,NAICS-22 Non-Cogen,22,WT,548497.0,2024
56347,Cedar Ridge,Wisconsin Power & Light Co,20856,WI,ENC,MRO,Electric Utility,22,WT,174585.0,2024
56351,Spearville,Evergy Metro,10000,KS,WNC,MRO,Electric Utility,22,WT,133638.0,2024
56355,Whispering Willow Wind Farm - East,Interstate Power and Light Co,9417,IA,WNC,MRO,Electric Utility,22,WT,425170.0,2024
56357,FPL Energy Burleigh County Wind,FPL Energy Burleigh County Wind LLC,54717,ND,WNC,MRO,NAICS-22 Non-Cogen,22,WT,189725.0,2024
56359,Klondike Windpower II,Avangrid Power LLC,15399,OR,PACC,WECC,NAICS-22 Non-Cogen,22,WT,245821.0,2024
56360,Leaning Juniper,PacifiCorp,14354,OR,PACC,WECC,Electric Utility,22,WT,275219.0,2024
56361,Big Horn Wind Project,Avangrid Power LLC,15399,WA,PACC,WECC,NAICS-22 Non-Cogen,22,WT,495963.0,2024
56362,Shiloh I Wind Project,Avangrid Power LLC,15399,CA,PACC,WECC,NAICS-22 Non-Cogen,22,WT,389607.0,2024
56369,Casselman Wind Power Project,Avangrid Power LLC,15399,PA,MAT,RFC,NAICS-22 Non-Cogen,22,WT,82333.0,2024
56371,Cedar Creek Wind,"Leeward Asset Management, LLC",50123,CO,MTN,WECC,NAICS-22 Non-Cogen,22,WT,657494.0,2024
56372,Sweetwater Wind 5,"Leeward Asset Management, LLC",50123,TX,WSC,TRE,NAICS-22 Non-Cogen,22,WT,163229.0,2024
56376,Pike County Wind Power,Illinois Rural Electric Coop,9209,IL,ENC,SERC,Electric Utility,22,WT,340.0,2024
56377,Judith Gap Wind Energy Center,Invenergy Services LLC,49893,MT,MTN,WECC,NAICS-22 Non-Cogen,22,WT,415024.0,2024
56378,Pakini Nui Wind Farm,Apollo Energy Corp,794,HI,PACN,,NAICS-22 Non-Cogen,22,WT,111762.0,2024
56379,Victory Wind Farm,MidAmerican Energy Co,12341,IA,WNC,MRO,Electric Utility,22,WT,378356.0,2024
56380,Centennial Wind Farm,Oklahoma Gas & Electric Co,14063,OK,WSC,MRO,Electric Utility,22,WT,170209.0,2024
56383,Northern Iowa Windpower II,Avangrid Power LLC,15399,IA,WNC,MRO,NAICS-22 Non-Cogen,22,WT,130225.0,2024
56386,Top of Iowa Windfarm III,Madison Gas & Electric Co,11479,IA,WNC,MRO,Electric Utility,22,WT,43805.0,2024
56391,Blue Sky Green Field Wind Project,Wisconsin Electric Power Co,20847,WI,ENC,RFC,Electric Utility,22,WT,329955.0,2024
56392,FPL Energy Oliver Wind I LLC,FPL Energy Oliver County Wind,55696,ND,WNC,MRO,NAICS-22 Non-Cogen,22,WT,176783.0,2024
56394,Forest Creek Wind Farm LLC,"Big Sky Wind, LLC",56215,TX,WSC,TRE,NAICS-22 Non-Cogen,22,WT,180942.0,2024
56395,Mesquite Wind Power LLC,Mesquite Wind LLC,54759,TX,WSC,TRE,NAICS-22 Non-Cogen,22,WT,387748.0,2024
56399,Lempster Wind LLC,Avangrid Power LLC,15399,NH,NEW,NPCC,NAICS-22 Non-Cogen,22,WT,61406.0,2024
56408,Agriwind,"Agriwind Holdings, LLC",65300,IL,ENC,RFC,NAICS-22 Non-Cogen,22,WT,12695.0,2024
56409,Stahl Wind Energy,"Stahl Wind Energy, LLC (Longroad)",65897,MN,WNC,MRO,NAICS-22 Non-Cogen,22,WT,2418.0,2024
56410,Carstensen Wind,"Carstensen Wind, LLC (Longroad)",65898,MN,WNC,MRO,NAICS-22 Non-Cogen,22,WT,1679.0,2024
56411,Northern Lights Wind LLC,Northern Lights Wind LLC (Longroad),65899,MN,WNC,MRO,NAICS-22 Non-Cogen,22,WT,2358.0,2024
56412,Lucky Wind,"Lucky Wind, LLC (Longroad)",65909,MN,WNC,MRO,NAICS-22 Non-Cogen,22,WT,2161.0,2024
56413,Greenback Energy,"Greenback Energy, LLC (Longroad)",65907,MN,WNC,MRO,NAICS-22 Non-Cogen,22,WT,4915.0,2024
56414,Redwood Falls Wind,Southern Minnesota Mun P Agny,40580,MN,WNC,MRO,Electric Utility,22,WT,9747.0,2024
56415,Fairmont Wind,Southern Minnesota Mun P Agny,40580,MN,WNC,MRO,Electric Utility,22,WT,14567.0,2024
56416,Michigan Wind 1,"Michigan Wind 1, LLC",54800,MI,ENC,RFC,NAICS-22 Non-Cogen,22,WT,157543.0,2024
56424,Mower County Wind Energy Center,Northern States Power Co - Minnesota,13781,MN,WNC,MRO,Electric Utility,22,WT,343317.0,2024
56432,Wildorado Wind LLC,"Wildorado Wind, LLC",64668,TX,WSC,MRO,NAICS-22 Non-Cogen,22,WT,692051.0,2024
56433,Pine Tree Wind Power Project,Los Angeles Department of Water & Power,11208,CA,PACC,WECC,Electric Utility,22,WT,115402.0,2024
56434,Burley Butte Windpark,Idaho Wind Partners 1 LLC,56592,ID,MTN,WECC,NAICS-22 Non-Cogen,22,WT,61090.0,2024
56435,Golden Valley Wind Park LLC,Idaho Wind Partners 1 LLC,56592,ID,MTN,WECC,NAICS-22 Non-Cogen,22,WT,34804.0,2024
56437,Milner Dam Wind Park LLC,Idaho Wind Partners 1 LLC,56592,ID,MTN,WECC,NAICS-22 Non-Cogen,22,WT,56204.0,2024
56439,Oregon Trail Wind Park,Idaho Wind Partners 1 LLC,56592,ID,MTN,WECC,NAICS-22 Non-Cogen,22,WT,40576.0,2024
56440,Pilgrim Stage Wind Park,Idaho Wind Partners 1 LLC,56592,ID,MTN,WECC,NAICS-22 Non-Cogen,22,WT,34265.0,2024
56441,Salmon Falls Wind Park,Idaho Wind Partners 1 LLC,56592,ID,MTN,WECC,NAICS-22 Non-Cogen,22,WT,64379.0,2024
56442,Thousand Springs Wind Park,Idaho Wind Partners 1 LLC,56592,ID,MTN,WECC,NAICS-22 Non-Cogen,22,WT,34126.0,2024
56443,Tuana Gulch Wind Park,Idaho Wind Partners 1 LLC,56592,ID,MTN,WECC,NAICS-22 Non-Cogen,22,WT,29310.0,2024
56446,Buena Vista Energy LLC,"Leeward Asset Management, LLC",50123,CA,PACC,WECC,NAICS-22 Non-Cogen,22,WT,89644.0,2024
56448,Mars Hill Wind Farm Project,"Evergreen Wind, LLC",59155,ME,NEW,NPCC,NAICS-22 Non-Cogen,22,WT,118868.0,2024
56449,Kaheawa Pastures Wind Farm Hybrid,"Evergreen Wind, LLC",59155,HI,PACN,,NAICS-22 Non-Cogen,22,WT,79792.0,2024
56450,GSG LLC,"Leeward Asset Management, LLC",50123,IL,ENC,RFC,NAICS-22 Non-Cogen,22,WT,298688.0,2024
56451,Allegheny Ridge Wind Farm,"Leeward Asset Management, LLC",50123,PA,MAT,RFC,NAICS-22 Non-Cogen,22,WT,180245.0,2024
56457,Post Wind Farm LP,FPL Energy Red Canyon LLC,54870,TX,WSC,TRE,NAICS-22 Non-Cogen,22,WT,314763.0,2024
56459,MinnDakota Wind LLC,Avangrid Power LLC,15399,MN,WNC,MRO,NAICS-22 Non-Cogen,22,WT,282911.0,2024
56460,Twin Buttes Wind Project,Avangrid Power LLC,15399,CO,MTN,WECC,NAICS-22 Non-Cogen,22,WT,232984.0,2024
56466,Marengo Wind Plant,PacifiCorp,14354,WA,PACC,WECC,Electric Utility,22,WT,692749.0,2024
56468,Klondike Windpower III,Avangrid Power LLC,15399,OR,PACC,WECC,NAICS-22 Non-Cogen,22,WT,730530.0,2024
56470,Locust Ridge,Avangrid Power LLC,15399,PA,MAT,RFC,NAICS-22 Non-Cogen,22,WT,50370.0,2024
56479,Sand Bluff Wind Farm,"Big Sky Wind, LLC",56215,TX,WSC,TRE,NAICS-22 Non-Cogen,22,WT,318241.0,2024
56483,Post Oak Wind LLC,Mesquite Wind LLC,54759,TX,WSC,TRE,NAICS-22 Non-Cogen,22,WT,415854.0,2024
56484,Buffalo Gap 2 Wind Farm,AES Distributed Energy,61012,TX,WSC,TRE,NAICS-22 Non-Cogen,22,WT,393227.0,2024
56485,Biglow Canyon Wind Farm,Portland General Electric Co,15248,OR,PACC,WECC,Electric Utility,22,WT,1005857.0,2024
56487,White Creek Wind Farm,White Creek Wind 1 LLC,55907,WA,PACC,WECC,NAICS-22 Non-Cogen,22,WT,563726.0,2024
56488,Smoky Hills Wind Project Phase I,Smoky Hills Wind Farm I LLC,55886,KS,WNC,MRO,NAICS-22 Non-Cogen,22,WT,250750.0,2024
56493,Buffalo Mountain Energy Center,Invenergy Services LLC,49893,TN,ESC,SERC,NAICS-22 Non-Cogen,22,WT,13186.0,2024
56494,Prairie Star Wind Farm,High Prairie Wind Farm II LLC,54904,MN,WNC,MRO,NAICS-22 Non-Cogen,22,WT,298198.0,2024
56495,NedPower Mount Storm,Clearway Energy Operating LLC,64536,WV,SAT,RFC,NAICS-22 Non-Cogen,22,WT,524920.0,2024
56501,Pomeroy Wind Farm,MidAmerican Energy Co,12341,IA,WNC,MRO,Electric Utility,22,WT,955481.0,2024
56506,Scurry County Wind LP,Invenergy Services LLC,49893,TX,WSC,TRE,NAICS-22 Non-Cogen,22,WT,205397.0,2024
56536,Cow Branch,"Cow Branch Wind Power, LLC",55734,MO,WNC,SERC,NAICS-22 Non-Cogen,22,WT,60979.0,2024
56537,Conception,"CR Clearing, LLC",55735,MO,WNC,SERC,NAICS-22 Non-Cogen,22,WT,108114.0,2024
56538,Loess Hills,Loess Hills Wind Farm LLC,55736,MO,WNC,SERC,NAICS-22 Non-Cogen,22,WT,6411.0,2024
56543,Eastridge Wind Project,Eastridge Wind Project,62005,MN,WNC,MRO,NAICS-22 Non-Cogen,22,WT,18625.0,2024
56544,Windom Wind Project,Midwest Power Partners LLC,60661,MN,WNC,MRO,NAICS-22 Non-Cogen,22,WT,33404.0,2024
56555,Bluegrass Ridge,"Wind Capital Holdings, LLC",55737,MO,WNC,SERC,NAICS-22 Non-Cogen,22,WT,82273.0,2024
56560,Porterhouse Wind (4) LLC,UPC Power Solutions,65983,TX,WSC,MRO,NAICS-22 Non-Cogen,22,WT,8739.0,2024
56561,Filet Wind (5) LLC,UPC Power Solutions,65983,TX,WSC,MRO,NAICS-22 Non-Cogen,22,WT,3340.0,2024
56562,Tenderloin Wind (6) LLC,UPC Power Solutions,65983,TX,WSC,MRO,NAICS-22 Non-Cogen,22,WT,4383.0,2024
56563,Peetz Table Wind Energy,FPL Peetz Table Wind Energy,55785,CO,MTN,WECC,NAICS-22 Non-Cogen,22,WT,686759.0,2024
56570,Terra-Gen VG Wind LLC,Terra-Gen Operating Co-Wind,2770,CA,PACC,WECC,NAICS-22 Non-Cogen,22,WT,5568.0,2024
56573,FPL Energy Oliver Wind II LLC,FPL Energy Oliver County Wind II LLC,54799,ND,WNC,MRO,NAICS-22 Non-Cogen,22,WT,180941.0,2024
56575,Steel Winds Wind Farm,"Evergreen Wind, LLC",59155,NY,MAT,NPCC,NAICS-22 Non-Cogen,22,WT,54913.0,2024
56577,Shane's Wind Machine,Shane's Wind Machine LLC,55832,MN,WNC,MRO,NAICS-22 Non-Cogen,22,WT,6756.0,2024
56580,Blue Breezes LLC,Midwest Power Partners LLC,60661,MN,WNC,MRO,NAICS-22 Non-Cogen,22,WT,2441.0,2024
56581,Blue Breezes II LLC,Midwest Power Partners LLC,60661,MN,WNC,MRO,NAICS-22 Non-Cogen,22,WT,2441.0,2024
56586,Sunset Breeze LLC,Midwest Power Partners LLC,60661,MN,WNC,MRO,NAICS-22 Non-Cogen,22,WT,2030.0,2024
56587,Minnesota Breeze LLC,Midwest Power Partners LLC,60661,MN,WNC,MRO,NAICS-22 Non-Cogen,22,WT,2030.0,2024
56588,G Flow Wind LLC,Midwest Power Partners LLC,60661,MN,WNC,MRO,NAICS-22 Non-Cogen,22,WT,2030.0,2024
56589,Wolf Wind Enterprises LLC,Midwest Power Partners LLC,60661,MN,WNC,MRO,NAICS-22 Non-Cogen,22,WT,2030.0,2024
56590,Green Acres Breeze LLC,Midwest Power Partners LLC,60661,MN,WNC,MRO,NAICS-22 Non-Cogen,22,WT,2030.0,2024
56591,Horseshoe Bend Wind Park,"Cycle Holdings, LLC",61185,MT,MTN,WECC,NAICS-22 Non-Cogen,22,WT,108.0,2024
56592,Champion Wind Farm LLC,"Big Sky Wind, LLC",56215,TX,WSC,TRE,NAICS-22 Non-Cogen,22,WT,94859.0,2024
56593,Roscoe Wind Farm LLC,"Big Sky Wind, LLC",56215,TX,WSC,TRE,NAICS-22 Non-Cogen,22,WT,374817.0,2024
56594,Munnsville Wind Farm LLC,"Big Sky Wind, LLC",56215,NY,MAT,NPCC,NAICS-22 Non-Cogen,22,WT,81973.0,2024
56605,"Langdon Renewables, LLC",FPL Energy Langdon Wind LLC,55799,ND,WNC,MRO,NAICS-22 Non-Cogen,22,WT,482360.0,2024
56607,Prairie Winds ND1,Basin Electric Power Coop,1307,ND,WNC,MRO,Electric Utility,22,WT,310646.0,2024
56608,Prairie Winds SD1,Basin Electric Power Coop,1307,SD,WNC,MRO,Electric Utility,22,WT,378925.0,2024
56613,Logan Wind Energy,Logan Wind Energy LLC,55862,CO,MTN,WECC,NAICS-22 Non-Cogen,22,WT,486298.0,2024
56614,Old Trail Wind Farm,Old Trail Wind Farm LLC,55866,IL,ENC,RFC,NAICS-22 Non-Cogen,22,WT,566055.0,2024
56617,Fenton Wind Farm,"EDF Renewable Asset Holdings, Inc.",57170,MN,WNC,MRO,NAICS-22 Non-Cogen,22,WT,271975.0,2024
56618,Clinton,"Valcour Operating Services, LLC",63858,NY,MAT,NPCC,NAICS-22 Non-Cogen,22,WT,148803.0,2024
56619,Ellenburg,"Valcour Operating Services, LLC",63858,NY,MAT,NPCC,NAICS-22 Non-Cogen,22,WT,143067.0,2024
56620,Bliss (NY),"Valcour Operating Services, LLC",63858,NY,MAT,NPCC,NAICS-22 Non-Cogen,22,WT,170716.0,2024
56621,Sleeping Bear LLC,NRG Energy Gas & Wind Holdings Inc,59883,OK,WSC,MRO,NAICS-22 Non-Cogen,22,WT,63316.0,2024
56622,Providence Heights Wind LLC,Avangrid Power LLC,15399,IL,ENC,RFC,NAICS-22 Non-Cogen,22,WT,141209.0,2024
56623,Elkhorn Valley Wind Farm,Telocaset Wind Power Partners,55880,OR,PACC,WECC,NAICS-22 Non-Cogen,22,WT,282865.0,2024
56626,"Ewington Energy Systems, LLC","Ewington Energy Systems, LLC",57158,MN,WNC,MRO,NAICS-22 Non-Cogen,22,WT,85509.0,2024
56630,Taconite Ridge 1 Wind Energy Center,"ALLETE, Inc.",12647,MN,WNC,MRO,Electric Utility,22,WT,47388.0,2024
56633,Dutch Hill Wind Project,"Evergreen Wind, LLC",59155,NY,MAT,NPCC,NAICS-22 Non-Cogen,22,WT,87227.0,2024
56634,Cohocton Wind Project,"Evergreen Wind, LLC",59155,NY,MAT,NPCC,NAICS-22 Non-Cogen,22,WT,203530.0,2024
56635,Harvest,"Harvest Windfarm, LLC",55873,MI,ENC,RFC,NAICS-22 Non-Cogen,22,WT,115775.0,2024
56636,Mountain Home,"Hot Springs Windfarm, LLC",55891,ID,MTN,WECC,NAICS-22 Non-Cogen,22,WT,37975.0,2024
56637,Bennett Creek Windfarm LLC - Mountain Home,Bennett Creek Windfarm LLC,55890,ID,MTN,WECC,NAICS-22 Non-Cogen,22,WT,43236.0,2024
56638,Buffalo Gap 3 Wind Farm,AES Distributed Energy,61012,TX,WSC,TRE,NAICS-22 Non-Cogen,22,WT,302193.0,2024
56640,Camp Grove Wind Farm,Orion Energy Group LLC,55931,IL,ENC,RFC,NAICS-22 Non-Cogen,22,WT,406411.0,2024
56644,Stanton Wind Energy LLC,Invenergy Services LLC,49893,TX,WSC,TRE,NAICS-22 Non-Cogen,22,WT,253949.0,2024
56645,Osceola Windpower LLC,Osceola Windpower LLC,55901,IA,WNC,MRO,NAICS-22 Non-Cogen,22,WT,403261.0,2024
56647,Butler Ridge,Butler Ridge Wind Energy Center,56484,WI,ENC,MRO,NAICS-22 Non-Cogen,22,WT,139864.0,2024
56648,Majestic 1 Wind Farm,NextEra Energy Majestic Wind,58353,TX,WSC,MRO,NAICS-22 Non-Cogen,22,WT,365054.0,2024
56649,South Trent Wind Farm,NRG Energy Inc,55397,TX,WSC,TRE,NAICS-22 Non-Cogen,22,WT,252492.0,2024
56650,Wessington Springs,Wessington Wind,59102,SD,WNC,MRO,NAICS-22 Non-Cogen,22,WT,231026.0,2024
56651,North Allegheny Windpower Project,Duke Energy Renewables Services,65411,PA,MAT,RFC,NAICS-22 Non-Cogen,22,WT,125042.0,2024
56654,Hatchet Ridge Wind Project,Pattern Operators LP,56545,CA,PACC,WECC,NAICS-22 Non-Cogen,22,WT,268184.0,2024
56659,Michigan Wind 2,"Michigan Wind 2, LLC",56951,MI,ENC,RFC,NAICS-22 Non-Cogen,22,WT,326587.0,2024
56661,Pattern Gulf Wind,Pattern Operators LP,56545,TX,WSC,TRE,NAICS-22 Non-Cogen,22,WT,695050.0,2024
56665,Dempsey Ridge Wind Farm,Acciona Wind Energy USA LLC,55918,OK,WSC,MRO,NAICS-22 Non-Cogen,22,WT,116503.0,2024
56666,Goodnoe Hills,PacifiCorp,14354,WA,PACC,WECC,Electric Utility,22,WT,275498.0,2024
56669,Tatanka Wind Power LLC,Acciona Wind Energy USA LLC,55918,ND,WNC,MRO,NAICS-22 Non-Cogen,22,WT,280207.0,2024
56670,Velva Windfarm LLC,Acciona Wind Energy USA LLC,55918,ND,WNC,MRO,NAICS-22 Non-Cogen,22,WT,25185.0,2024
56673,Whirlwind Energy Center,Whirlwind Energy LLC,55922,TX,WSC,TRE,NAICS-22 Non-Cogen,22,WT,101474.0,2024
56677,Charles City Wind Farm,MidAmerican Energy Co,12341,IA,WNC,MRO,Electric Utility,22,WT,274131.0,2024
56679,Benton County Wind Farm,Orion Energy Group LLC,55931,IN,ENC,RFC,NAICS-22 Non-Cogen,22,WT,357634.0,2024
56699,Forward Windpower LLC,"Forward Windpower, LLC",64632,PA,MAT,RFC,NAICS-22 Non-Cogen,22,WT,47793.0,2024
56700,Lookout Windpower LLC,"Lookout Windpower, LLC",64650,PA,MAT,RFC,NAICS-22 Non-Cogen,22,WT,89245.0,2024
56702,Tuolumne Wind Project,Turlock Irrigation District,19281,WA,PACC,WECC,Electric Utility,22,WT,399695.0,2024
56750,Jeffers Wind 20 LLC,Northern States Power Co - Minnesota,13781,MN,WNC,MRO,Electric Utility,22,WT,195364.0,2024
56751,Spanish Fork Wind Park 2 LLC,"Spanish Fork Wind Park 2, LLC",64661,UT,MTN,WECC,NAICS-22 Non-Cogen,22,WT,44775.0,2024
56752,Mountain Wind Power LLC,Mountain Wind Power LLC,64651,WY,MTN,WECC,NAICS-22 Non-Cogen,22,WT,131623.0,2024
56753,Mountain Wind Power II LLC,Mountain Wind Power II LLC,64652,WY,MTN,WECC,NAICS-22 Non-Cogen,22,WT,170130.0,2024
56754,Goat Wind LP,Goat Wind LLC,64644,TX,WSC,TRE,NAICS-22 Non-Cogen,22,WT,222544.0,2024
56755,Odin Wind Farm LLC,"Aspenall Energies (Delaware), LLC",66952,MN,WNC,MRO,NAICS-22 Non-Cogen,22,WT,28982.0,2024
56763,Capricorn Ridge Wind LLC,Capricorn Ridge Wind LLC,55958,TX,WSC,TRE,NAICS-22 Non-Cogen,22,WT,1985234.0,2024
56764,Winnebago Wind Power Project,Avangrid Power LLC,15399,IA,WNC,MRO,NAICS-22 Non-Cogen,22,WT,59313.0,2024
56765,Barton Windpower LLC,Avangrid Power LLC,15399,IA,WNC,MRO,NAICS-22 Non-Cogen,22,WT,360941.0,2024
56767,Farmers City Wind LLC,Avangrid Power LLC,15399,MO,WNC,SERC,NAICS-22 Non-Cogen,22,WT,246382.0,2024
56770,Locust Ridge II LLC,Avangrid Power LLC,15399,PA,MAT,RFC,NAICS-22 Non-Cogen,22,WT,184083.0,2024
56771,Silver Star I Wind Power Project,Silver Star I Power Partners LLC,62076,TX,WSC,TRE,NAICS-22 Non-Cogen,22,WT,200544.0,2024
56773,McAdoo Wind Energy LLC,Invenergy Services LLC,49893,TX,WSC,TRE,NAICS-22 Non-Cogen,22,WT,363622.0,2024
56774,Turkey Track Wind Energy LLC,Invenergy Services LLC,49893,TX,WSC,TRE,NAICS-22 Non-Cogen,22,WT,300668.0,2024
56775,Scurry County Wind II,Invenergy Services LLC,49893,TX,WSC,TRE,NAICS-22 Non-Cogen,22,WT,164892.0,2024
56776,Gunsight Mountain Wind Energy LLC,Invenergy Services LLC,49893,TX,WSC,TRE,NAICS-22 Non-Cogen,22,WT,460726.0,2024
56777,Fowler Ridge Wind Farm LLC,AE Power Services LLC,55963,IN,ENC,RFC,NAICS-22 Non-Cogen,22,WT,1521940.0,2024
56782,Diamond Willow Wind Facility,Montana-Dakota Utilities Co,12199,MT,MTN,MRO,Electric Utility,22,WT,85972.0,2024
56783,Elbow Creek Wind Project LLC,Elbow Creek Wind Project LLC,55981,TX,WSC,TRE,NAICS-22 Non-Cogen,22,WT,376709.0,2024
56784,Cloud County Wind Farm,"Cloud County Windfarm, LLC",55990,KS,WNC,MRO,NAICS-22 Non-Cogen,22,WT,326622.0,2024
56789,Pebble Springs Wind LLC,Avangrid Power LLC,15399,OR,PACC,WECC,NAICS-22 Non-Cogen,22,WT,219023.0,2024
56790,Hay Canyon Wind Power LLC,Avangrid Power LLC,15399,OR,PACC,WECC,NAICS-22 Non-Cogen,22,WT,179752.0,2024
56791,Dillon Wind LLC,Avangrid Power LLC,15399,CA,PACC,WECC,NAICS-22 Non-Cogen,22,WT,142400.0,2024
56792,Buffalo Ridge I LLC,Avangrid Power LLC,15399,SD,WNC,MRO,NAICS-22 Non-Cogen,22,WT,79785.0,2024
56793,Elm Creek Wind LLC,Avangrid Power LLC,15399,MN,WNC,MRO,NAICS-22 Non-Cogen,22,WT,176072.0,2024
56794,Moraine II Wind LLC,Avangrid Power LLC,15399,MN,WNC,MRO,NAICS-22 Non-Cogen,22,WT,72881.0,2024
56795,Penascal Wind Power LLC,Avangrid Power LLC,15399,TX,WSC,TRE,NAICS-22 Non-Cogen,22,WT,363387.0,2024
56796,South Chestnut LLC,Avangrid Power LLC,15399,PA,MAT,RFC,NAICS-22 Non-Cogen,22,WT,95567.0,2024
56797,Pioneer Prairie Wind Farm,"Pioneer Prairie Wind Farm I, LLC",55992,IA,WNC,MRO,NAICS-22 Non-Cogen,22,WT,863071.0,2024
56800,Hull Wind II,Hull Municipal Light Plant,8797,MA,NEW,NPCC,Electric Utility,22,WT,0.0,2024
56804,Red Hills Wind Project LLC,Acciona Wind Energy USA LLC,55918,OK,WSC,MRO,NAICS-22 Non-Cogen,22,WT,121067.0,2024
56805,EcoGrove Wind LLC,Acciona Wind Energy USA LLC,55918,IL,ENC,RFC,NAICS-22 Non-Cogen,22,WT,257993.0,2024
56809,Carroll Wind Farm,MidAmerican Energy Co,12341,IA,WNC,MRO,Electric Utility,22,WT,562602.0,2024
56810,Adair Wind Farm,MidAmerican Energy Co,12341,IA,WNC,MRO,Electric Utility,22,WT,554807.0,2024
56811,Walnut Wind Farm,MidAmerican Energy Co,12341,IA,WNC,MRO,Electric Utility,22,WT,584078.0,2024
56818,Central Plains Wind Farm,"Evergy Kansas Central, Inc",22500,KS,WNC,MRO,Electric Utility,22,WT,102192.0,2024
56819,Flat Ridge Wind Farm,"Evergy Kansas Central, Inc",22500,KS,WNC,MRO,Electric Utility,22,WT,36713.0,2024
56823,Hackberry Wind Farm,Hackberry Wind LLC,56033,TX,WSC,TRE,NAICS-22 Non-Cogen,22,WT,325680.0,2024
56824,Marshall Wind 2 LLC,"Marshall Wind Farm, LLC",63166,MN,WNC,MRO,NAICS-22 Non-Cogen,22,WT,6414.0,2024
56825,Marshall Wind 3 LLC,"Marshall Wind Farm, LLC",63166,MN,WNC,MRO,NAICS-22 Non-Cogen,22,WT,6009.0,2024
56826,Marshall Wind 4 LLC,"Marshall Wind Farm, LLC",63166,MN,WNC,MRO,NAICS-22 Non-Cogen,22,WT,6179.0,2024
56827,Marshall Wind 5 LLC,"Marshall Wind Farm, LLC",63166,MN,WNC,MRO,NAICS-22 Non-Cogen,22,WT,2112.0,2024
56828,Marshall Wind 6 LLC,"Marshall Wind Farm, LLC",63166,MN,WNC,MRO,NAICS-22 Non-Cogen,22,WT,3017.0,2024
56829,Kibby Wind Facility,"Helix Maine Wind Development, LLC",61191,ME,NEW,NPCC,NAICS-22 Non-Cogen,22,WT,257830.0,2024
56831,Crane Creek Wind Energy Center,Wisconsin Public Service Corp,20860,IA,WNC,MRO,Electric Utility,22,WT,302016.0,2024
56835,Ribeye Wind (11) LLC,UPC Power Solutions,65983,TX,WSC,MRO,NAICS-22 Non-Cogen,22,WT,5913.0,2024
56836,T-Bone Wind (10) LLC,UPC Power Solutions,65983,TX,WSC,MRO,NAICS-22 Non-Cogen,22,WT,5333.0,2024
56837,Tri-Tip Wind (9) LLC,UPC Power Solutions,65983,TX,WSC,MRO,NAICS-22 Non-Cogen,22,WT,6261.0,2024
56838,Brisket Wind (8) LLC,UPC Power Solutions,65983,TX,WSC,MRO,NAICS-22 Non-Cogen,22,WT,5863.0,2024
56839,Flat Iron Wind (7) LLC,UPC Power Solutions,65983,TX,WSC,MRO,NAICS-22 Non-Cogen,22,WT,4908.0,2024
56840,Marshall Wind 1 LLC,"Marshall Wind Farm, LLC",63166,MN,WNC,MRO,NAICS-22 Non-Cogen,22,WT,2502.0,2024
56841,Glenrock,PacifiCorp,14354,WY,MTN,WECC,Electric Utility,22,WT,400989.0,2024
56842,Rolling Hills,PacifiCorp,14354,WY,MTN,WECC,Electric Utility,22,WT,244790.0,2024
56843,Seven Mile Hill,PacifiCorp,14354,WY,MTN,WECC,Electric Utility,22,WT,399752.0,2024
56854,Wheat Field Wind Power Project,Wheat Field Wind Power Project LLC,56073,OR,PACC,WECC,NAICS-22 Non-Cogen,22,WT,198020.0,2024
56855,Arlington Wind Power Project,Arlington Wind Power Project LLC,56074,OR,PACC,WECC,NAICS-22 Non-Cogen,22,WT,201046.0,2024
56856,Rail Splitter Wind Farm,Rail Splitter Wind Farm LLC,56075,IL,ENC,SERC,NAICS-22 Non-Cogen,22,WT,278054.0,2024
56857,Marble River Wind Farm,"Marble River, LLC",56072,NY,MAT,NPCC,NAICS-22 Non-Cogen,22,WT,386302.0,2024
56858,Sagebrush Power Partners,"Sagebrush Power Partners, LLC",56071,WA,PACC,WECC,NAICS-22 Non-Cogen,22,WT,277752.0,2024
56859,Crosswind Energy Project,Junction Hilltop Management LLC,58439,IA,WNC,MRO,NAICS-22 Non-Cogen,22,WT,55271.0,2024
56860,Hardin Hilltop Wind LLC,Junction Hilltop Management LLC,58439,IA,WNC,MRO,NAICS-22 Non-Cogen,22,WT,32421.0,2024
56874,Shiloh Wind Project 2 LLC,"EDF Renewable Asset Holdings, Inc.",57170,CA,PACC,WECC,NAICS-22 Non-Cogen,22,WT,393051.0,2024
56876,Wapsipinicon Wind Project,"EDF Renewable Asset Holdings, Inc.",57170,MN,WNC,MRO,NAICS-22 Non-Cogen,22,WT,259689.0,2024
56879,Flat Ridge Wind Energy LLC,AE Power Services LLC,55963,KS,WNC,MRO,NAICS-22 Non-Cogen,22,WT,197494.0,2024
56901,Altona,"Valcour Operating Services, LLC",63858,NY,MAT,NPCC,NAICS-22 Non-Cogen,22,WT,157939.0,2024
56902,Wethersfield,"Valcour Operating Services, LLC",63858,NY,MAT,NPCC,NAICS-22 Non-Cogen,22,WT,218525.0,2024
56904,Chateaugay,"Valcour Operating Services, LLC",63858,NY,MAT,NPCC,NAICS-22 Non-Cogen,22,WT,170482.0,2024
56905,Great Plains Windpark LLC,Great Plains Windpark Legacy LLC,61671,TX,WSC,MRO,NAICS-22 Non-Cogen,22,WT,107122.0,2024
56912,Langdon Wind II LLC,FPL Energy Langdon Wind LLC,55799,ND,WNC,MRO,NAICS-22 Non-Cogen,22,WT,170937.0,2024
56913,Osceola Windpower II,Osceola Windpower II,56121,IA,WNC,MRO,NAICS-22 Non-Cogen,22,WT,200999.0,2024
56919,FPL Energy Ashtabula Wind LLC,FPL Energy Ashtabula Wind LLC,56122,ND,WNC,MRO,NAICS-22 Non-Cogen,22,WT,594064.0,2024
56920,Panther Creek Wind Farm I,"Big Sky Wind, LLC",56215,TX,WSC,TRE,NAICS-22 Non-Cogen,22,WT,528849.0,2024
56921,Panther Creek Wind Farm II,"Big Sky Wind, LLC",56215,TX,WSC,TRE,NAICS-22 Non-Cogen,22,WT,402092.0,2024
56923,FPL Energy Crystal Lake Wind LLC,FPL Energy Crystal Lake Wind LLC,56123,IA,WNC,MRO,NAICS-22 Non-Cogen,22,WT,570147.0,2024
56924,FPL Energy Story Wind LLC,FPL Energy Story Wind LLC,56119,IA,WNC,MRO,NAICS-22 Non-Cogen,22,WT,574713.0,2024
56925,FPL Energy Crystal Lake Wind II LLC,FPL Energy Crystal Lake Wind II LLC,56124,IA,WNC,MRO,NAICS-22 Non-Cogen,22,WT,737341.0,2024
56933,Threemile Canyon,"Threemile Canyon Wind I, LLC",56159,OR,PACC,WECC,NAICS-22 Non-Cogen,22,WT,22416.0,2024
56934,Cassia Wind,"Cassia Wind Farm, LLC",56158,ID,MTN,WECC,NAICS-22 Non-Cogen,22,WT,18898.0,2024
56935,Cassia Gulch,"Cassia Gulch Wind Park, LLC",56157,ID,MTN,WECC,NAICS-22 Non-Cogen,22,WT,39495.0,2024
56941,Grand Ridge Wind Energy Center,Invenergy Services LLC,49893,IL,ENC,RFC,NAICS-22 Non-Cogen,22,WT,485548.0,2024
56942,Forward Wind Energy Center,Wisconsin Public Service Corp,20860,WI,ENC,MRO,Electric Utility,22,WT,146220.0,2024
56945,High Lonesome Mesa LLC,"High Lonesome Mesa, LLC",64648,NM,MTN,WECC,NAICS-22 Non-Cogen,22,WT,351712.0,2024
56946,Buffalo Bear LLC,"Buffalo Bear, LLC",64633,OK,WSC,MRO,NAICS-22 Non-Cogen,22,WT,18775.0,2024
56947,Elkhorn Ridge Wind LLC,"Elkhorn Ridge Wind, LLC",64631,NE,WNC,MRO,NAICS-22 Non-Cogen,22,WT,138221.0,2024
56952,Willow Creek Energy Center,Invenergy Services LLC,49893,OR,PACC,WECC,NAICS-22 Non-Cogen,22,WT,168658.0,2024
56953,High Sheldon Wind Farm,Invenergy Services LLC,49893,NY,MAT,NPCC,NAICS-22 Non-Cogen,22,WT,201404.0,2024
56956,Bull Creek Wind,Bull Creek Wind LLC,56222,TX,WSC,TRE,NAICS-22 Non-Cogen,22,WT,265228.0,2024
56959,Ocotillo Windpower,Duke Energy Renewables Services,65411,TX,WSC,TRE,NAICS-22 Non-Cogen,22,WT,80895.0,2024
56960,Happy Jack Windpower Project,Duke Energy Renewables Services,65411,WY,MTN,WECC,NAICS-22 Non-Cogen,22,WT,56779.0,2024
56961,Notrees Windpower Hybrid,Duke Energy Renewables Services,65411,TX,WSC,TRE,NAICS-22 Non-Cogen,22,WT,262352.0,2024
56967,Butter Creek Power LLC,Odessa Energy Services LLC,65187,OR,PACC,WECC,NAICS-22 Non-Cogen,22,WT,10890.0,2024
56968,Big Top LLC,Odessa Energy Services LLC,65187,OR,PACC,WECC,NAICS-22 Non-Cogen,22,WT,3362.0,2024
56969,Four Corners Windfarm LLC,Echo 2,56803,OR,PACC,WECC,NAICS-22 Non-Cogen,22,WT,20656.0,2024
56970,Four Mile Canyon Windfarm LLC,Echo 2,56803,OR,PACC,WECC,NAICS-22 Non-Cogen,22,WT,20817.0,2024
56971,Oregon Trail Windfarm LLC,Echo 1,56802,OR,PACC,WECC,NAICS-22 Non-Cogen,22,WT,22865.0,2024
56972,Pacific Canyon Windfarm LLC,Echo 1,56802,OR,PACC,WECC,NAICS-22 Non-Cogen,22,WT,18179.0,2024
56973,Sand Ranch Windfarm LLC,Echo 1,56802,OR,PACC,WECC,NAICS-22 Non-Cogen,22,WT,22225.0,2024
56974,Wagon Trail LLC,Odessa Energy Services LLC,65187,OR,PACC,WECC,NAICS-22 Non-Cogen,22,WT,5809.0,2024
56975,Ward Butte Windfarm LLC,Echo 1,56802,OR,PACC,WECC,NAICS-22 Non-Cogen,22,WT,15854.0,2024
56979,Panther Creek Wind Farm Three,"Big Sky Wind, LLC",56215,TX,WSC,TRE,NAICS-22 Non-Cogen,22,WT,706173.0,2024
56980,Stony Creek Wind Farm LLC,"Big Sky Wind, LLC",56215,PA,MAT,RFC,NAICS-22 Non-Cogen,22,WT,131969.0,2024
56981,Pyron Wind Farm LLC Hybrid,"Big Sky Wind, LLC",56215,TX,WSC,TRE,NAICS-22 Non-Cogen,22,WT,838130.0,2024
56983,Papalote Creek I LLC,"Big Sky Wind, LLC",56215,TX,WSC,TRE,NAICS-22 Non-Cogen,22,WT,335767.0,2024
56984,Inadale Wind Farm LLC Hybrid,"Big Sky Wind, LLC",56215,TX,WSC,TRE,NAICS-22 Non-Cogen,22,WT,335998.0,2024
56985,Smoky Hills Wind Project Phase II,Smoky Hills Wind Project II LLC,56285,KS,WNC,MRO,NAICS-22 Non-Cogen,22,WT,414253.0,2024
56989,Stetson Wind I,"Evergreen Wind, LLC",59155,ME,NEW,NPCC,NAICS-22 Non-Cogen,22,WT,120671.0,2024
56990,Rollins Wind Project,"Evergreen Wind, LLC",59155,ME,NEW,NPCC,NAICS-22 Non-Cogen,22,WT,136050.0,2024
56991,Stetson Wind II,"Evergreen Wind, LLC",59155,ME,NEW,NPCC,NAICS-22 Non-Cogen,22,WT,49655.0,2024
56994,Grand Meadow,Northern States Power Co - Minnesota,13781,MN,WNC,MRO,Electric Utility,22,WT,380290.0,2024
57002,Oakfield Wind Project,Onward Energy,60453,ME,NEW,NPCC,NAICS-22 Non-Cogen,22,WT,348158.0,2024
57031,Luverne Wind Energy Center,Otter Tail Power Co,14232,ND,WNC,MRO,Electric Utility,22,WT,110091.0,2024
57032,Ashtabula Wind Energy Center,Otter Tail Power Co,14232,ND,WNC,MRO,Electric Utility,22,WT,116064.0,2024
57033,Langdon Wind Energy Center,Otter Tail Power Co,14232,ND,WNC,MRO,Electric Utility,22,WT,94873.0,2024
57038,Bison I Wind Energy Center,"ALLETE, Inc.",12647,ND,WNC,MRO,Electric Utility,22,WT,165884.0,2024
57039,McFadden Ridge,PacifiCorp,14354,WY,MTN,WECC,Electric Utility,22,WT,84133.0,2024
57040,High Plains,PacifiCorp,14354,WY,MTN,WECC,Electric Utility,22,WT,274080.0,2024
57044,Armenia Mountain Wind Farm,ALLETE Clean Energy,59496,PA,MAT,RFC,NAICS-22 Non-Cogen,22,WT,235358.0,2024
57045,Rolling Thunder Wind Farm Hybrid,AE Power Services LLC,55963,SD,WNC,MRO,NAICS-22 Non-Cogen,22,WT,77246.0,2024
57047,Nobles Wind Project,Northern States Power Co - Minnesota,13781,MN,WNC,MRO,Electric Utility,22,WT,753523.0,2024
57048,Merricourt Wind Energy Center,Otter Tail Power Co,14232,ND,WNC,MRO,Electric Utility,22,WT,573477.0,2024
57049,NaturEner Glacier Wind Energy 1,NaturEner Glacier Wind Energy 1 LLC,56365,MT,MTN,WECC,NAICS-22 Non-Cogen,22,WT,225577.0,2024
57050,NaturEner Glacier Wind Energy 2,NaturEner Glacier Wind Energy 2 LLC,56366,MT,MTN,WECC,NAICS-22 Non-Cogen,22,WT,267992.0,2024
57078,Steel Winds II,"Evergreen Wind, LLC",59155,NY,MAT,NPCC,NAICS-22 Non-Cogen,22,WT,41277.0,2024
57079,Milford Wind Corridor I LLC,"Milford Wind Corridor Phase I, LLC (Longroad)",65908,UT,MTN,WECC,NAICS-22 Non-Cogen,22,WT,379444.0,2024
57080,Sheffield Wind,"Evergreen Wind, LLC",59155,VT,NEW,NPCC,NAICS-22 Non-Cogen,22,WT,70262.0,2024
57082,Kaheawa Wind Power II LLC,"Evergreen Wind, LLC",59155,HI,PACN,,NAICS-22 Non-Cogen,22,WT,55550.0,2024
57083,Bull Hill Wind Project,"Evergreen Wind, LLC",59155,ME,NEW,NPCC,NAICS-22 Non-Cogen,22,WT,74036.0,2024
57087,Kahuku Wind Power LLC,"Evergreen Wind, LLC",59155,HI,PACN,,NAICS-22 Non-Cogen,22,WT,68291.0,2024
57090,Campbell Hill Windpower,Duke Energy Renewables Services,65411,WY,MTN,WECC,NAICS-22 Non-Cogen,22,WT,282412.0,2024
57091,Silver Sage Windpower,Duke Energy Renewables Services,65411,WY,MTN,WECC,NAICS-22 Non-Cogen,22,WT,108803.0,2024
57093,Casper Wind Farm,Chevron USA,56394,WY,MTN,WECC,NAICS-22 Non-Cogen,22,WT,0.0,2024
57094,Streator Cayuga Ridge South,Avangrid Power LLC,15399,IL,ENC,RFC,NAICS-22 Non-Cogen,22,WT,717629.0,2024
57095,Penascal II Wind Project LLC,Avangrid Power LLC,15399,TX,WSC,TRE,NAICS-22 Non-Cogen,22,WT,249095.0,2024
57096,Star Point Wind Project LLC,Avangrid Power LLC,15399,OR,PACC,WECC,NAICS-22 Non-Cogen,22,WT,217759.0,2024
57097,Rugby Wind Power Project,Avangrid Power LLC,15399,ND,WNC,MRO,NAICS-22 Non-Cogen,22,WT,335401.0,2024
57098,Dry Lake Wind LLC,Avangrid Power LLC,15399,AZ,MTN,WECC,NAICS-22 Non-Cogen,22,WT,106816.0,2024
57106,Mesalands Comm College Wind Turbine,Mesalands Community College,56410,NM,MTN,MRO,Commercial NAICS Non-Cogen,611,WT,0.0,2024
57107,Milford Wind Corridor Stage II LLC,Milford Wind Corridor Stage II LLC,56409,UT,MTN,WECC,NAICS-22 Non-Cogen,22,WT,171996.0,2024
57108,Blue Canyon Windpower V LLC,Blue Canyon Windpower V LLC,56416,OK,WSC,MRO,NAICS-22 Non-Cogen,22,WT,262753.0,2024
57109,Meadow Lake Wind Farm LLC,Meadow Lake Wind Farm LLC,56417,IN,ENC,RFC,NAICS-22 Non-Cogen,22,WT,442822.0,2024
57110,Blackstone Wind Farm LLC,Blackstone Wind Farm LLC,56418,IL,ENC,RFC,NAICS-22 Non-Cogen,22,WT,250086.0,2024
57111,Lost Lakes Wind Farm LLC,Lost Lakes Wind Farm LLC,56419,IA,WNC,MRO,NAICS-22 Non-Cogen,22,WT,243676.0,2024
57112,Meadow Lake Wind Farm II LLC,Meadow Lake Wind Farm II LLC,56420,IN,ENC,RFC,NAICS-22 Non-Cogen,22,WT,237382.0,2024
57113,Blackstone Wind Farm II LLC,Blackstone Wind Farm II LLC,56421,IL,ENC,RFC,NAICS-22 Non-Cogen,22,WT,506937.0,2024
57115,Meadow Lake Wind Farm III LLC,Meadow Lake Wind Farm III LLC,56423,IN,ENC,RFC,NAICS-22 Non-Cogen,22,WT,269312.0,2024
57116,Quilt Block Wind Farm LLC,Quilt Block Wind Farm LLC,56424,WI,ENC,MRO,NAICS-22 Non-Cogen,22,WT,394889.0,2024
57118,Greensburg,"Greensburg Wind Farm, LLC",56246,KS,WNC,MRO,NAICS-22 Non-Cogen,22,WT,10545.0,2024
57120,Wilton Wind II LLC,Wilton Wind II LLC,56415,ND,WNC,MRO,NAICS-22 Non-Cogen,22,WT,199566.0,2024
57121,Ashtabula Wind II LLC,Ashtabula Wind II LLC,56414,ND,WNC,MRO,NAICS-22 Non-Cogen,22,WT,328107.0,2024
57124,Payne's Ferry,Idaho Wind Partners 1 LLC,56592,ID,MTN,WECC,NAICS-22 Non-Cogen,22,WT,67787.0,2024
57125,Camp Reed,Idaho Wind Partners 1 LLC,56592,ID,MTN,WECC,NAICS-22 Non-Cogen,22,WT,69365.0,2024
57126,Yahoo Creek,Idaho Wind Partners 1 LLC,56592,ID,MTN,WECC,NAICS-22 Non-Cogen,22,WT,68427.0,2024
57130,Beaver Ridge Wind,CPV Beaver Ridge Wind LLC,56439,ME,NEW,NPCC,NAICS-22 Non-Cogen,22,WT,10362.0,2024
57131,Stoney Corners Wind Farm,DTE Sustainable Generation,64331,MI,ENC,RFC,NAICS-22 Non-Cogen,22,WT,126722.0,2024
57135,Big Sky Wind LLC,Big Sky Wind LLC,64499,IL,ENC,RFC,NAICS-22 Non-Cogen,22,WT,730889.0,2024
57136,Tuana Springs,"Tuana Springs Energy, LLC",56475,ID,MTN,WECC,NAICS-22 Non-Cogen,22,WT,31524.0,2024
57137,Eurus Combine Hills Turbine Ranch 2,Eurus Combine Hills II LLC,56483,OR,PACC,WECC,NAICS-22 Non-Cogen,22,WT,163606.0,2024
57139,Cambria Wind LLC,Exus Pennsylvania Wind Holdings,66972,PA,MAT,RFC,NAICS-22 Non-Cogen,22,WT,126066.0,2024
57151,Beech Ridge Energy LLC,Invenergy Services LLC,49893,WV,SAT,RFC,NAICS-22 Non-Cogen,22,WT,227987.0,2024
57152,Harvest Wind Project,Harvest Wind Project TIC,56499,WA,PACC,WECC,NAICS-22 Non-Cogen,22,WT,263712.0,2024
57153,Langford Wind Power,Langford Wind Power LLC,56506,TX,WSC,TRE,NAICS-22 Non-Cogen,22,WT,572942.0,2024
57156,Barton Chapel Wind Farm,Avangrid Power LLC,15399,TX,WSC,TRE,NAICS-22 Non-Cogen,22,WT,210862.0,2024
57159,Windy Flats Wind Project,Windy Flats Partners LLC,56514,WA,PACC,WECC,NAICS-22 Non-Cogen,22,WT,671560.0,2024
57171,Cedar Hills Wind Farm,Montana-Dakota Utilities Co,12199,ND,WNC,MRO,Electric Utility,22,WT,55563.0,2024
57174,Colorado Highlands Wind,Colorado Highlands Wind LLC,56523,CO,MTN,WECC,NAICS-22 Non-Cogen,22,WT,354987.0,2024
57176,University of Delaware Wind Turbine,First State Marine Wind,56518,DE,SAT,RFC,Commercial NAICS Non-Cogen,611,WT,2632.0,2024
57177,Meadow Lake Wind Farm IV,Meadow Lake Wind Farm IV LLC,56520,IN,ENC,RFC,NAICS-22 Non-Cogen,22,WT,200140.0,2024
57182,PPL Frey Farm Landfill Wind,"NextEra Renewable Fuels, LLC",57249,PA,MAT,RFC,NAICS-22 Non-Cogen,22,WT,3421.0,2024
57187,Pillar Mountain Wind Project Microgrid,Kodiak Electric Assn Inc,10433,AK,PACN,,Electric Utility,22,WT,26135.0,2024
57188,Vantage Wind Energy LLC,Invenergy Services LLC,49893,WA,PACC,WECC,NAICS-22 Non-Cogen,22,WT,273232.0,2024
57189,Lost Creek Wind Energy Facility,Pattern Operators LP,56545,MO,WNC,SERC,NAICS-22 Non-Cogen,22,WT,398803.0,2024
57192,Spring Valley Wind Project,Pattern Operators LP,56545,NV,MTN,WECC,NAICS-22 Non-Cogen,22,WT,319340.0,2024
57194,Day County Wind LLC,Day County Wind LLC,56561,SD,WNC,MRO,NAICS-22 Non-Cogen,22,WT,429118.0,2024
57195,Lower Snake River Wind Energy Project,Puget Sound Energy Inc,15500,WA,PACC,WECC,Electric Utility,22,WT,864875.0,2024
57198,Bent Tree Wind Farm Phase 1,Wisconsin Power & Light Co,20856,MN,WNC,MRO,Electric Utility,22,WT,342995.0,2024
57199,Glacier Hills,Wisconsin Electric Power Co,20847,WI,ENC,RFC,Electric Utility,22,WT,372159.0,2024
57201,FPL Energy Montezuma Winds LLC,FPL Energy Montezuma Wind,56555,CA,PACC,WECC,NAICS-22 Non-Cogen,22,WT,85429.0,2024
57210,Cedar Creek II,AE Power Services LLC,55963,CO,MTN,WECC,NAICS-22 Non-Cogen,22,WT,586818.0,2024
57211,Goshen Phase II,AE Power Services LLC,55963,ID,MTN,WECC,NAICS-22 Non-Cogen,22,WT,369216.0,2024
57212,Papalote Creek II LLC,"Big Sky Wind, LLC",56215,TX,WSC,TRE,NAICS-22 Non-Cogen,22,WT,441931.0,2024
57214,Waverly Community Wind Project,Waverly Municipal Elec Utility,20214,IA,WNC,MRO,Electric Utility,22,WT,6496.0,2024
57239,Roth Rock Wind Farm LLC,Roth Rock Wind Farm LLC,56603,MD,SAT,RFC,NAICS-22 Non-Cogen,22,WT,95371.0,2024
57240,"Roth Rock North Wind Farm, LLC",Roth Rock Wind Farm LLC,56603,MD,SAT,RFC,NAICS-22 Non-Cogen,22,WT,23843.0,2024
57244,Kit Carson Windpower,Duke Energy Renewables Services,65411,CO,MTN,WECC,NAICS-22 Non-Cogen,22,WT,168510.0,2024
57248,Welcome Wind Turbine,Federated Rural Electric Assn,6258,MN,WNC,MRO,Electric Utility,22,WT,3937.0,2024
57251,Lakota Wind Wind Farm,Iowa Lakes Electric Coop,9425,IA,WNC,MRO,Electric Utility,22,WT,34732.0,2024
57252,Iowa Lakes Superior Wind Farm,Iowa Lakes Electric Coop,9425,IA,WNC,MRO,Electric Utility,22,WT,36032.0,2024
57253,MA Military Reservation Wind Project,Air Force Civil Engineer Center,56619,MA,NEW,NPCC,NAICS-22 Non-Cogen,22,WT,9693.0,2024
57257,Iowa Lakes Community College Wind Farm,Iowa Lakes Community College,56617,IA,WNC,MRO,Commercial NAICS Non-Cogen,611,WT,2096.0,2024
57260,Cedro Hill Wind LLC,"Cedro Hill Wind, LLC",64634,TX,WSC,TRE,NAICS-22 Non-Cogen,22,WT,344535.0,2024
57261,Taloga Wind LLC,Taloga Wind LLC,64663,OK,WSC,MRO,NAICS-22 Non-Cogen,22,WT,189070.0,2024
57262,Laredo Ridge Wind LLC,Laredo Ridge Wind LLC,64649,NE,WNC,MRO,NAICS-22 Non-Cogen,22,WT,199468.0,2024
57264,Little Pringle II Wind Farm,Everpoint Services Inc,65609,TX,WSC,TRE,NAICS-22 Non-Cogen,22,WT,0.0,2024
57268,Chestnut Flats Wind Farm,"EDF Renewable Asset Holdings, Inc.",57170,PA,MAT,RFC,NAICS-22 Non-Cogen,22,WT,90674.0,2024
57274,Grant County Wind LLC,"Grant County Wind, LLC",56642,MN,WNC,MRO,NAICS-22 Non-Cogen,22,WT,54900.0,2024
57278,Crofton Bluffs Wind LLC,"Crofton Bluffs Wind, LLC",64636,NE,WNC,MRO,NAICS-22 Non-Cogen,22,WT,103797.0,2024
57282,Alta Wind Energy Center I,"Alta Wind I, LLC",64618,CA,PACC,WECC,NAICS-22 Non-Cogen,22,WT,434672.0,2024
57283,Flat Water Wind Farm LLC,Flat Water Wind Farm LLC,56625,NE,WNC,MRO,NAICS-22 Non-Cogen,22,WT,215587.0,2024
57284,Minonk Wind Farm,Algonquin Power Co,59050,IL,ENC,RFC,NAICS-22 Non-Cogen,22,WT,651061.0,2024
57285,Sandy Ridge Wind Farm,Algonquin Power Co,59050,PA,MAT,RFC,NAICS-22 Non-Cogen,22,WT,116764.0,2024
57286,OU Spirit Wind Farm,Oklahoma Gas & Electric Co,14063,OK,WSC,MRO,Electric Utility,22,WT,136406.0,2024
57287,Hardscrabble Wind Power LLC,Avangrid Power LLC,15399,NY,MAT,NPCC,NAICS-22 Non-Cogen,22,WT,163781.0,2024
57289,Big Blue,Big Blue Wind Farm LLC (MN),58150,MN,WNC,MRO,NAICS-22 Non-Cogen,22,WT,69975.0,2024
57290,Northern Colorado Wind LLC,Northern Colorado Wind LLC,56653,CO,MTN,WECC,NAICS-22 Non-Cogen,22,WT,557526.0,2024
57291,Alta Wind Energy Center II,"Alta Wind II, LLC",64620,CA,PACC,WECC,NAICS-22 Non-Cogen,22,WT,364602.0,2024
57292,Alta Wind Energy Center III,"Alta Wind III, LLC",64621,CA,PACC,WECC,NAICS-22 Non-Cogen,22,WT,363214.0,2024
57293,Alta Wind Energy Center IV,"Alta Wind IV, LLC",64622,CA,PACC,WECC,NAICS-22 Non-Cogen,22,WT,193377.0,2024
57294,Alta Wind Energy Center V,"Alta Wind V, LLC",64623,CA,PACC,WECC,NAICS-22 Non-Cogen,22,WT,288403.0,2024
57296,Carleton College,Carleton College,56654,MN,WNC,MRO,Commercial NAICS Non-Cogen,611,WT,8454.0,2024
57299,Dunlap,PacifiCorp,14354,WY,MTN,WECC,Electric Utility,22,WT,366476.0,2024
57300,Criterion,Criterion Power Partners LLC,56661,MD,SAT,RFC,NAICS-22 Non-Cogen,22,WT,242319.0,2024
57302,Garnet Wind Energy Center,Terra-Gen Operating Co-Wind,2770,CA,PACC,WECC,NAICS-22 Non-Cogen,22,WT,11921.0,2024
57303,Loraine Windpark Project LLC,Loraine Windpower Project,56667,TX,WSC,TRE,NAICS-22 Non-Cogen,22,WT,307802.0,2024
57315,Cedar Point Wind,Cedar Point LLC,56662,CO,MTN,WECC,NAICS-22 Non-Cogen,22,WT,670507.0,2024
57319,Big Horn Wind II,Avangrid Power LLC,15399,WA,PACC,WECC,NAICS-22 Non-Cogen,22,WT,111174.0,2024
57320,Juniper Canyon I Wind Project,Avangrid Power LLC,15399,WA,PACC,WECC,NAICS-22 Non-Cogen,22,WT,270525.0,2024
57325,FPL Energy Illinois Wind LLC Hybrid,FPL Energy Illinois Wind LLC,56678,IL,ENC,RFC,NAICS-22 Non-Cogen,22,WT,621614.0,2024
57326,Sunray Wind I,Diamond Shamrock Refining Company LP,56680,TX,WSC,TRE,NAICS-22 Non-Cogen,22,WT,129718.0,2024
57327,Top of the World Windpower Project,Duke Energy Renewables Services,65411,WY,MTN,WECC,NAICS-22 Non-Cogen,22,WT,341574.0,2024
57332,Crossroads Wind Farm,Oklahoma Gas & Electric Co,14063,OK,WSC,MRO,Electric Utility,22,WT,318097.0,2024
57333,Leaning Juniper Wind Power II,Avangrid Power LLC,15399,OR,PACC,WECC,NAICS-22 Non-Cogen,22,WT,416568.0,2024
57342,White Oak Energy LLC,White Oak Energy LLC,56684,IL,ENC,SERC,NAICS-22 Non-Cogen,22,WT,376223.0,2024
57346,Elk City LLC,Elk City LLC,56683,OK,WSC,MRO,NAICS-22 Non-Cogen,22,WT,494444.0,2024
57347,Baldwin Wind LLC,Baldwin Wind LLC,56688,ND,WNC,MRO,NAICS-22 Non-Cogen,22,WT,381144.0,2024
57351,Uilk Wind LLC,RENEW Energy Inc,56689,MN,WNC,MRO,Commercial NAICS Non-Cogen,561,WT,8616.0,2024
57354,Fox Island Wind LLC,Fox Island Wind LLC,56693,ME,NEW,NPCC,NAICS-22 Non-Cogen,22,WT,7640.0,2024
57357,Red Mesa Wind LLC,Red Mesa Wind LLC,56698,NM,MTN,WECC,NAICS-22 Non-Cogen,22,WT,162128.0,2024
57358,Keenan II Renewable Energy Co LLC,CPV Keenan II Renewable Energy Co LLC,56699,OK,WSC,MRO,NAICS-22 Non-Cogen,22,WT,260565.0,2024
57374,Lakefield Wind Project LLC,"EDF Renewable Asset Holdings, Inc.",57170,MN,WNC,MRO,NAICS-22 Non-Cogen,22,WT,330187.0,2024
57375,Adams Wind Generations LLC,"BEAM US, LLC",63024,MN,WNC,MRO,NAICS-22 Non-Cogen,22,WT,46485.0,2024
57379,"Poseidon Wind, LLC","Axium Arizona Renewables, LLC",63287,AZ,MTN,WECC,NAICS-22 Non-Cogen,22,WT,116285.0,2024
57380,New England Wind LLC,Avangrid Power LLC,15399,MA,NEW,NPCC,NAICS-22 Non-Cogen,22,WT,64262.0,2024
57385,Community Wind North LLC,Northern States Power Co - Minnesota,13781,MN,WNC,MRO,Electric Utility,22,WT,114749.0,2024
57386,Ridgewind,Ridgewind Power Partners LLC,56715,MN,WNC,MRO,NAICS-22 Non-Cogen,22,WT,81401.0,2024
57387,Ashtabula Wind III LLC,Otter Tail Power Co,14232,ND,WNC,MRO,Electric Utility,22,WT,142585.0,2024
57396,Danielson Wind Farms LLC,"BEAM US, LLC",63024,MN,WNC,MRO,NAICS-22 Non-Cogen,22,WT,46665.0,2024
57414,Notus Wind 1,Notus Clean Energy LLC,56742,MA,NEW,NPCC,NAICS-22 Non-Cogen,22,WT,4263.0,2024
57415,Sherbino II,Sherbino II Wind Farm LLC,62077,TX,WSC,TRE,NAICS-22 Non-Cogen,22,WT,570628.0,2024
57417,Elk Wind Farm,Greenbacker Renewable Energy Corporation,60025,IA,WNC,MRO,NAICS-22 Non-Cogen,22,WT,178318.0,2024
57421,Gratiot Wind Park,DTE Electric Company,5109,MI,ENC,RFC,Electric Utility,22,WT,215448.0,2024
57424,Buffalo Ridge II LLC,Avangrid Power LLC,15399,SD,WNC,WECC,NAICS-22 Non-Cogen,22,WT,341469.0,2024
57427,Ryegrass Windfarm,"Mountain Air Projects, LLC",64742,ID,MTN,WECC,NAICS-22 Non-Cogen,22,WT,57944.0,2024
57428,Hammett Hill Windfarm,"Mountain Air Projects, LLC",64742,ID,MTN,WECC,NAICS-22 Non-Cogen,22,WT,62216.0,2024
57429,Mainline Windfarm,"Mountain Air Projects, LLC",64742,ID,MTN,WECC,NAICS-22 Non-Cogen,22,WT,61718.0,2024
57430,Desert Meadow Windfarm,"Mountain Air Projects, LLC",64742,ID,MTN,WECC,NAICS-22 Non-Cogen,22,WT,62882.0,2024
57431,Cold Springs Windfarm,"Mountain Air Projects, LLC",64742,ID,MTN,WECC,NAICS-22 Non-Cogen,22,WT,55597.0,2024
57432,Oak Glen Wind Farm,Minnesota Municipal Power Agny,12667,MN,WNC,MRO,Electric Utility,22,WT,120522.0,2024
57434,Valley View Transmission LLC,Consolidated Edison Development Inc.,56769,MN,WNC,MRO,NAICS-22 Non-Cogen,22,WT,8322.0,2024
57444,Two Ponds Windfarm,"Mountain Air Projects, LLC",64742,ID,MTN,WECC,NAICS-22 Non-Cogen,22,WT,63870.0,2024
57447,Laurel Mountain Hybrid,AES Distributed Energy,61012,WV,SAT,RFC,NAICS-22 Non-Cogen,22,WT,245047.0,2024
57449,Blue Creek Wind Project,Avangrid Power LLC,15399,OH,ENC,RFC,NAICS-22 Non-Cogen,22,WT,754400.0,2024
57459,Mountain View IV,AES Distributed Energy,61012,CA,PACC,WECC,NAICS-22 Non-Cogen,22,WT,186819.0,2024
57463,Bishop Hill Energy LLC,SunEdison LLC,59139,IL,ENC,RFC,NAICS-22 Non-Cogen,22,WT,591615.0,2024
57468,Crystal Lake 3 LLC,Crystal Lake 3 LLC,56786,IA,WNC,MRO,NAICS-22 Non-Cogen,22,WT,246991.0,2024
57469,Garden Wind LLC,Garden Wind LLC,56787,IA,WNC,MRO,NAICS-22 Non-Cogen,22,WT,356280.0,2024
57474,Ralls Wind Farm,Ralls Wind Farm LLC,56790,TX,WSC,MRO,NAICS-22 Non-Cogen,22,WT,10563.0,2024
57484,Manzana Wind LLC,Avangrid Power LLC,15399,CA,PACC,WECC,NAICS-22 Non-Cogen,22,WT,543661.0,2024
57493,Settlers Trail Wind Farm LLC,"Big Sky Wind, LLC",56215,IL,ENC,SERC,NAICS-22 Non-Cogen,22,WT,353945.0,2024
57500,Laurel Wind Farm,MidAmerican Energy Co,12341,IA,WNC,MRO,Electric Utility,22,WT,463130.0,2024
57501,Rolling Hills Wind Farm,MidAmerican Energy Co,12341,IA,WNC,MRO,Electric Utility,22,WT,1665718.0,2024
57514,Ocotillo Express LLC,Pattern Operators LP,56545,CA,PACC,WECC,NAICS-22 Non-Cogen,22,WT,533398.0,2024
57520,Trinity Hills,Trinity Hills Wind Farm LLC,62075,TX,WSC,TRE,NAICS-22 Non-Cogen,22,WT,752898.0,2024
57526,North Hurlburt Wind LLC,Caithness Shepherds Flat LLC,56865,OR,PACC,WECC,NAICS-22 Non-Cogen,22,WT,619333.48,2024
57529,Kawailoa Wind,Kawailoa Wind LLC,56868,HI,PACN,,NAICS-22 Non-Cogen,22,WT,119974.0,2024
57530,Palouse,Onward Energy,60453,WA,PACC,WECC,NAICS-22 Non-Cogen,22,WT,325878.0,2024
57531,Bingham Wind,Onward Energy,60453,ME,NEW,NPCC,NAICS-22 Non-Cogen,22,WT,448219.0,2024
57549,South Hurlburt Wind LLC,Caithness Shepherds Flat LLC,56865,OR,PACC,WECC,NAICS-22 Non-Cogen,22,WT,619466.82,2024
57550,Horseshoe Bend Wind LLC,Caithness Shepherds Flat LLC,56865,OR,PACC,WECC,NAICS-22 Non-Cogen,22,WT,608562.11,2024
57553,Shirley Wind,Duke Energy Renewables Services,65411,WI,ENC,MRO,NAICS-22 Non-Cogen,22,WT,59500.0,2024
57568,Record Hill Wind,Record Hill Wind LLC,56909,ME,NEW,NPCC,NAICS-22 Non-Cogen,22,WT,114977.0,2024
57570,Cooper Farms VW Project,Cooper Hatchery Inc.,56912,OH,ENC,RFC,Industrial NAICS Non-Cogen,311,WT,12755.0,2024
57578,PaTu Wind Farm LLC,PaTu Wind Farm LLC,56916,OR,PACC,WECC,NAICS-22 Non-Cogen,22,WT,29861.0,2024
57586,Shiloh III Wind Project LLC,"EDF Renewable Asset Holdings, Inc.",57170,CA,PACC,WECC,NAICS-22 Non-Cogen,22,WT,265239.0,2024
57590,"Minco Wind I, LLC","FPLE Wind, LLC",56925,OK,WSC,MRO,NAICS-22 Non-Cogen,22,WT,304864.0,2024
57593,Broken Bow Wind LLC,Broken Bow Wind LLC,64616,NE,WNC,MRO,NAICS-22 Non-Cogen,22,WT,205682.0,2024
57594,Teichert Materials-Teichert Vernalis,"Foundation HA Energy Generation, LLC",56930,CA,PACC,WECC,NAICS-22 Non-Cogen,22,WT,1899.0,2024
57595,Pinnacle Wind Force LLC,"Pinnacle Wind, LLC",64537,WV,SAT,RFC,NAICS-22 Non-Cogen,22,WT,187018.0,2024
57609,New Harvest Wind Project LLC,Avangrid Power LLC,15399,IA,WNC,MRO,NAICS-22 Non-Cogen,22,WT,287462.0,2024
57613,LE Wind Turbine 1,Lincoln Electric Company,56952,OH,ENC,RFC,Industrial NAICS Non-Cogen,333,WT,3384.0,2024
57614,Waverly Wind Farm LLC,Waverly Wind Farm LLC,56948,KS,WNC,MRO,NAICS-22 Non-Cogen,22,WT,770735.0,2024
57616,Blue Canyon Windpower VI LLC,Blue Canyon Windpower VI LLC,56945,OK,WSC,MRO,NAICS-22 Non-Cogen,22,WT,163450.0,2024
57617,Hidalgo Wind Farm LLC,Hidalgo Wind Farm LLC,56946,TX,WSC,TRE,NAICS-22 Non-Cogen,22,WT,702920.0,2024
57620,Paulding Wind Farm II,Paulding Wind Farm II LLC,56936,OH,ENC,RFC,NAICS-22 Non-Cogen,22,WT,302042.0,2024
57621,Rising Tree Wind Farm,Rising Tree Wind Farm LLC,56937,CA,PACC,WECC,NAICS-22 Non-Cogen,22,WT,248965.0,2024
57623,Bright Stalk Wind Farm I,Lexington Chenoa Wind Farm LLC,56940,IL,ENC,SERC,NAICS-22 Non-Cogen,22,WT,705318.0,2024
57626,Foundation ST,"Foundation HA Energy Generation, LLC",56930,CA,PACC,WECC,NAICS-22 Non-Cogen,22,WT,2177.0,2024
57628,Meadow Lake Wind Farm V LLC,Meadow Lake Wind Farm V LLC,56941,IN,ENC,RFC,NAICS-22 Non-Cogen,22,WT,337015.0,2024
57631,Wolverine,"Wolverine Wind Energy, LLC",56962,IA,WNC,MRO,NAICS-22 Non-Cogen,22,WT,4875.0,2024
57632,Bulldog,"Bulldog Wind Energy, LLC",56961,IA,WNC,MRO,NAICS-22 Non-Cogen,22,WT,4137.0,2024
57635,Linden Wind Energy Project,Los Angeles Department of Water & Power,11208,WA,PACC,WECC,Electric Utility,22,WT,96525.0,2024
57639,Ironwood Wind,Duke Energy Renewables Services,65411,KS,WNC,MRO,NAICS-22 Non-Cogen,22,WT,251707.0,2024
57643,"Vestas Towers America, Inc.","CS Wind America, Inc.",64489,CO,MTN,WECC,Industrial NAICS Non-Cogen,311,WT,2738.0,2024
57644,Prairie Rose Wind Farm,"Enel Green Power NA, Inc.",59380,MN,WNC,MRO,NAICS-22 Non-Cogen,22,WT,403103.0,2024
57648,Henkel U.S. Operations Corporation,Henkel U.S. Operations Corporation,56977,NY,MAT,NPCC,Industrial NAICS Non-Cogen,339,WT,1875.0,2024
57649,Elm Creek Wind II LLC,Avangrid Power LLC,15399,MN,WNC,MRO,NAICS-22 Non-Cogen,22,WT,205366.0,2024
57663,Cimarron Windpower II,Duke Energy Renewables Services,65411,KS,WNC,MRO,NAICS-22 Non-Cogen,22,WT,284862.0,2024
57675,"Pioneer Trail Wind Farm, LLC","Big Sky Wind, LLC",56215,IL,ENC,SERC,NAICS-22 Non-Cogen,22,WT,458826.0,2024
57678,"Post Rock Wind Power Project, LLC",Pattern Operators LP,56545,KS,WNC,MRO,NAICS-22 Non-Cogen,22,WT,392444.0,2024
57700,Vasco Winds,"Vasco Winds, LLC",57024,CA,PACC,WECC,NAICS-22 Non-Cogen,22,WT,222990.0,2024
57701,Montezuma Wind II,"NextEra Energy Montezuma Wind II, LLC",57026,CA,PACC,WECC,NAICS-22 Non-Cogen,22,WT,195726.0,2024
57721,Berkshire Wind Power Project,Massachusetts Mun Wholes Electric Co,11806,MA,NEW,NPCC,Electric Utility,22,WT,27193.0,2024
57725,Shiloh IV Wind Project LLC,"EDF Renewable Asset Holdings, Inc.",57170,CA,PACC,WECC,NAICS-22 Non-Cogen,22,WT,278300.0,2024
57732,UMM Wind Turbine,University of Minnesota Morris Campus,57046,MN,WNC,MRO,Commercial NAICS Non-Cogen,611,WT,4047.0,2024
57744,Laurel Hill Wind,Duke Energy Renewables Services,65411,PA,MAT,RFC,NAICS-22 Non-Cogen,22,WT,132250.0,2024
57748,Gordon Butte Wind LLC,Gordon Butte Wind LLC,57042,MT,MTN,WECC,NAICS-22 Non-Cogen,22,WT,72751.0,2024
57749,Sawtooth Wind Project,Idaho Winds LLC,57041,ID,MTN,WECC,NAICS-22 Non-Cogen,22,WT,60272.0,2024
57751,Los Vientos Wind 1A,Duke Energy Renewables Services,65411,TX,WSC,TRE,NAICS-22 Non-Cogen,22,WT,327559.0,2024
57752,Los Vientos Wind 1B,Duke Energy Renewables Services,65411,TX,WSC,TRE,NAICS-22 Non-Cogen,22,WT,190468.0,2024
57755,TPW Petersburg,TPW Petersburg LLC,57050,NE,WNC,MRO,NAICS-22 Non-Cogen,22,WT,162392.0,2024
57757,Pacific Wind LLC,"EDF Renewable Asset Holdings, Inc.",57170,CA,PACC,WECC,NAICS-22 Non-Cogen,22,WT,311194.0,2024
57760,Power County Wind Park South,Power County Wind Park South LLC,57068,ID,MTN,WECC,NAICS-22 Non-Cogen,22,WT,53383.0,2024
57761,Power County Wind Park North,Power County Wind Park North LLC,57069,ID,MTN,WECC,NAICS-22 Non-Cogen,22,WT,61294.0,2024
57762,Cimarron Wind Energy LLC,Cimarron Wind Energy LLC,58143,KS,WNC,MRO,NAICS-22 Non-Cogen,22,WT,465981.0,2024
57766,Rockland Wind Farm,Ridgeline Energy LLC,57075,ID,MTN,WECC,NAICS-22 Non-Cogen,22,WT,250606.0,2024
57767,Brown County Wind Turbine,Adams Electric Cooperative,57077,IL,ENC,SERC,Electric Utility,22,WT,1.0,2024
57769,Mehoopany Wind Energy LLC,AE Power Services LLC,55963,PA,MAT,RFC,NAICS-22 Non-Cogen,22,WT,265015.0,2024
57774,Windstar 1,Nextera Energy Resources,64260,CA,PACC,WECC,NAICS-22 Non-Cogen,22,WT,262965.0,2024
57775,Kingman 1,Brookfield Renewable Trading and Marketing LP,63235,AZ,MTN,WECC,NAICS-22 Non-Cogen,22,WT,16559.63,2024
57787,Flat Ridge 2 Wind Energy LLC,AE Power Services LLC,55963,KS,WNC,MRO,NAICS-22 Non-Cogen,22,WT,1052381.0,2024
57791,Foundation AB,"Foundation HA Energy Generation, LLC",56930,CA,PACC,WECC,NAICS-22 Non-Cogen,22,WT,2099.0,2024
57792,Foundation IE,"Foundation HA Energy Generation, LLC",56930,CA,PACC,WECC,NAICS-22 Non-Cogen,22,WT,373.0,2024
57800,Bison 2 Wind Energy Center,"ALLETE, Inc.",12647,ND,WNC,MRO,Electric Utility,22,WT,218654.0,2024
57801,Bison 3 Wind Energy Center,"ALLETE, Inc.",12647,ND,WNC,MRO,Electric Utility,22,WT,223306.0,2024
57802,Magic Valley Wind Farm I LLC,"Big Sky Wind, LLC",56215,TX,WSC,TRE,NAICS-22 Non-Cogen,22,WT,370745.0,2024
57803,Lime Wind,Lime Wind LLC,57122,OR,PACC,WECC,NAICS-22 Non-Cogen,22,WT,5331.0,2024
57813,GL Wind,GL Wind LLC,57127,MN,WNC,MRO,NAICS-22 Non-Cogen,22,WT,6495.0,2024
57823,WCROC Wind Farm,University of Minnesota WCROC,57138,MN,WNC,MRO,NAICS-22 Non-Cogen,22,WT,4008.0,2024
57830,Rippey Wind Farm,Greenbacker Renewable Energy Corporation,60025,IA,WNC,MRO,NAICS-22 Non-Cogen,22,WT,154422.0,2024
57832,Hawkeye Wind Farm,Greenbacker Renewable Energy Corporation,60025,IA,WNC,MRO,NAICS-22 Non-Cogen,22,WT,173276.0,2024
57833,Mustang Hills LLC,"Mustang Hills, LLC (Longroad)",65911,CA,PACC,WECC,NAICS-22 Non-Cogen,22,WT,301474.0,2024
57834,Pinyon Pine I,"Pinyon Pines Wind I, LLC",59868,CA,PACC,WECC,NAICS-22 Non-Cogen,22,WT,306599.0,2024
57835,Alta Wind VIII,Nextera Energy Resources,64260,CA,PACC,WECC,NAICS-22 Non-Cogen,22,WT,221971.0,2024
57837,Pinyon Pine II,"Pinyon Pines Wind II, LLC",59869,CA,PACC,WECC,NAICS-22 Non-Cogen,22,WT,233115.0,2024
57844,Franklin County Wind Farm,Interstate Power and Light Co,9417,IA,WNC,MRO,Electric Utility,22,WT,190739.0,2024
57851,Sigel Wind Park,DTE Electric Company,5109,MI,ENC,RFC,Electric Utility,22,WT,245284.0,2024
57852,Minden Wind Park,DTE Electric Company,5109,MI,ENC,RFC,Electric Utility,22,WT,108178.0,2024
57853,McKinley Wind Park,DTE Electric Company,5109,MI,ENC,RFC,Electric Utility,22,WT,50978.0,2024
57855,Ipswich Wind Turbine,Town of Ipswich - (MA),9442,MA,NEW,NPCC,Electric Utility,22,WT,1520.0,2024
57858,Caney River Wind Project,Caney River Wind Project,57191,KS,WNC,MRO,NAICS-22 Non-Cogen,22,WT,636440.0,2024
57862,"Wildcat Wind Farm I, LLC","Big Sky Wind, LLC",56215,IN,ENC,RFC,NAICS-22 Non-Cogen,22,WT,673841.0,2024
57866,Golden Spread Panhandle Wnd Rch,"Golden Spread Electric Cooperative, Inc",7349,TX,WSC,MRO,Electric Utility,22,WT,181729.0,2024
57867,Howard Wind Farm,Howard Wind LLC (Longroad),65910,NY,MAT,NPCC,NAICS-22 Non-Cogen,22,WT,109079.0,2024
57873,Eclipse Wind Farm,MidAmerican Energy Co,12341,IA,WNC,MRO,Electric Utility,22,WT,759222.0,2024
57874,Vienna Wind Farm,MidAmerican Energy Co,12341,IA,WNC,MRO,Electric Utility,22,WT,397585.0,2024
57875,Morning Light Wind Farm,MidAmerican Energy Co,12341,IA,WNC,MRO,Electric Utility,22,WT,413327.0,2024
57880,Eolos Wind Energy Research Field Station,Regents of the University of Minnesota,57215,MN,WNC,MRO,NAICS-22 Non-Cogen,22,WT,2565.0,2024
57887,Wildcat Wind,"Wildcat Wind, LLC",57257,NM,MTN,MRO,NAICS-22 Non-Cogen,22,WT,56425.0,2024
57888,Harvest 2,"Harvest II Windfarm, LLC",57256,MI,ENC,RFC,NAICS-22 Non-Cogen,22,WT,201796.0,2024
57890,"Horse Butte Wind I, LLC",Utah Associated Mun Power Sys,40575,ID,MTN,WECC,Electric Utility,22,WT,167388.0,2024
57913,Tule Wind LLC,Avangrid Power LLC,15399,CA,PACC,WECC,NAICS-22 Non-Cogen,22,WT,316801.0,2024
57927,Baffin Wind,Avangrid Power LLC,15399,TX,WSC,TRE,NAICS-22 Non-Cogen,22,WT,276574.0,2024
57935,Eva Creek Wind,Golden Valley Elec Assn Inc,7353,AK,PACN,,Electric Utility,22,WT,39657.0,2024
57947,Macho Springs Power I,Capital Power Corporation,59365,NM,MTN,WECC,NAICS-22 Non-Cogen,22,WT,130225.0,2024
57956,"Minco Wind II, LLC","FPLE Wind, LLC",56925,OK,WSC,MRO,NAICS-22 Non-Cogen,22,WT,251028.0,2024
57962,Brookfield Tehachapi 1,"Coram California Development, L.P.",60081,CA,PACC,WECC,NAICS-22 Non-Cogen,22,WT,276867.0,2024
57963,Musselshell Wind Project,Musselshell Wind Project LLC,57333,MT,MTN,WECC,NAICS-22 Non-Cogen,22,WT,23090.0,2024
57964,Shady Oaks Wind Farm,Algonquin Power Co,59050,IL,ENC,MRO,NAICS-22 Non-Cogen,22,WT,326352.0,2024
57965,Musselshell Wind Project Two LLC,Musselshell Wind Project Two LLC,57338,MT,MTN,WECC,NAICS-22 Non-Cogen,22,WT,26514.0,2024
57968,Cashton Greens Wind Farm,Cashton Greens Wind Farm LLC,57340,WI,ENC,MRO,NAICS-22 Non-Cogen,22,WT,10725.0,2024
57973,Spinning Spur Wind LLC,"EDF Renewable Asset Holdings, Inc.",57170,TX,WSC,MRO,NAICS-22 Non-Cogen,22,WT,334234.0,2024
57974,Bobcat Bluff Wind Project LLC,"EDF Renewable Asset Holdings, Inc.",57170,TX,WSC,TRE,NAICS-22 Non-Cogen,22,WT,462263.0,2024
57975,Spearville 3 LLC,"EDF Renewable Asset Holdings, Inc.",57170,KS,WNC,MRO,NAICS-22 Non-Cogen,22,WT,170430.0,2024
57976,Pocahontas Prairie Wind Farm,MidAmerican Energy Co,12341,IA,WNC,MRO,Electric Utility,22,WT,382030.0,2024
57979,Kingdom Community Wind,Green Mountain Power Corp,7601,VT,NEW,NPCC,Electric Utility,22,WT,161924.0,2024
57980,Busch Ranch Wind Energy,"Black Hills Colorado Electric, LLC",56146,CO,MTN,WECC,Electric Utility,22,WT,83737.0,2024
57981,Senate Wind LLC,Algonquin Power Co,59050,TX,WSC,TRE,NAICS-22 Non-Cogen,22,WT,413686.0,2024
57983,Stephens Ranch Wind Energy LLC,Stephens Ranch Wind Energy LLC,57355,TX,WSC,TRE,NAICS-22 Non-Cogen,22,WT,1163212.0,2024
57984,Lake Winds Energy Park,Consumers Energy Co - (MI),4254,MI,ENC,RFC,Electric Utility,22,WT,262060.0,2024
57987,Canadian Hills Wind,Canadian Hills Wind LLC,57363,OK,WSC,MRO,NAICS-22 Non-Cogen,22,WT,303904.0,2024
57991,Highland North Wind Farm,Exus Pennsylvania Wind Holdings,66972,PA,MAT,RFC,NAICS-22 Non-Cogen,22,WT,173016.0,2024
57995,NaturEner Rim Rock Energy,NaturEner Rim Rock Energy LLC,57370,MT,MTN,WECC,NAICS-22 Non-Cogen,22,WT,600534.0,2024
57996,Auwahi Wind Energy Hybrid,Auwahi Wind Energy LLC,57372,HI,PACN,,NAICS-22 Non-Cogen,22,WT,87299.0,2024
57998,Twin Ridges Wind Farm,Exus Pennsylvania Wind Holdings,66972,PA,MAT,RFC,NAICS-22 Non-Cogen,22,WT,273905.0,2024
57999,Patton Wind Farm,Exus Pennsylvania Wind Holdings,66972,PA,MAT,RFC,NAICS-22 Non-Cogen,22,WT,87223.0,2024
58000,"Anacacho Wind Farm, LLC","Big Sky Wind, LLC",56215,TX,WSC,TRE,NAICS-22 Non-Cogen,22,WT,315981.0,2024
58004,Granite Reliable Power,NexteraEnergy,64421,NH,NEW,NPCC,NAICS-22 Non-Cogen,22,WT,189118.0,2024
58008,California Ridge Wind Energy LLC,SunEdison LLC,59139,IL,ENC,SERC,NAICS-22 Non-Cogen,22,WT,737206.0,2024
58018,Shooting Star,"Shooting Star Power Partners, LLC",57395,KS,WNC,MRO,NAICS-22 Non-Cogen,22,WT,187190.0,2024
58019,High Mesa,"High Mesa Energy, LLC",57396,ID,MTN,WECC,NAICS-22 Non-Cogen,22,WT,91518.0,2024
58020,Beebe 1A,"Beebe Renewable Energy, LLC",57397,MI,ENC,RFC,NAICS-22 Non-Cogen,22,WT,187030.0,2024
58021,Whitetail,"Whitetail Wind Energy, LLC",57398,TX,WSC,TRE,NAICS-22 Non-Cogen,22,WT,170370.0,2024
58025,Mt Wachusett Community College,Mt Wachusett Community College,57401,MA,NEW,NPCC,Commercial NAICS Non-Cogen,611,WT,4061.97,2024
58026,Spruce Mountain WInd,CPV Spruce Mountain Wind LLC,57402,ME,NEW,NPCC,NAICS-22 Non-Cogen,22,WT,53792.0,2024
58038,Buffalo Center Wind LLC,Buffalo Center Wind LLC,57409,IA,WNC,MRO,NAICS-22 Non-Cogen,22,WT,4798.0,2024
58041,Chisholm View Wind Project,Chisholm View Wind Project,57412,OK,WSC,MRO,NAICS-22 Non-Cogen,22,WT,977739.0,2024
58044,"Anchor Wind, LLC","Acciona Energy USA Global, LLC",57416,IA,WNC,MRO,NAICS-22 Non-Cogen,22,WT,3377.0,2024
58045,Community Wind South,Greenbacker Renewable Energy Corporation,60025,MN,WNC,MRO,NAICS-22 Non-Cogen,22,WT,132307.0,2024
58048,BayWa r.e Mozart LLC,"Chopin Wind, LLC",57421,TX,WSC,TRE,NAICS-22 Non-Cogen,22,WT,54111.0,2024
58065,Charlestown Wind Turbine,MWRA Charlestown,57443,MA,NEW,NPCC,NAICS-22 Non-Cogen,22,WT,1246.0,2024
58071,Windwalkers LLC,Consolidated Edison Development Inc.,56769,IA,WNC,MRO,NAICS-22 Non-Cogen,22,WT,2377.0,2024
58078,Rocky Ridge Wind Project,Rocky Ridge Wind Project LLC,57451,OK,WSC,MRO,NAICS-22 Non-Cogen,22,WT,259483.0,2024
58080,Wolf Ridge Wind,NextEra Wolf Ridge LLC,57460,TX,WSC,TRE,NAICS-22 Non-Cogen,22,WT,374548.0,2024
58088,Stony Creek Wind Farm NY,Invenergy Services LLC,49893,NY,MAT,NPCC,NAICS-22 Non-Cogen,22,WT,232854.0,2024
58089,Roeder Family Wind Farm LLC,Consolidated Edison Development Inc.,56769,IA,WNC,MRO,NAICS-22 Non-Cogen,22,WT,5060.0,2024
58098,El Cabo Wind,Avangrid Power LLC,15399,NM,MTN,WECC,NAICS-22 Non-Cogen,22,WT,1119501.0,2024
58099,Montague Wind Power Facility LLC,Avangrid Power LLC,15399,OR,PACC,WECC,NAICS-22 Non-Cogen,22,WT,524111.0,2024
58101,Foundation Cemex River Plant,Foundation CA Fund VI Manager LLC,57476,CA,PACC,WECC,NAICS-22 Non-Cogen,22,WT,3105.0,2024
58102,Foundation Cemex BMQ,Foundation CA Fund VI Manager LLC,57476,CA,PACC,WECC,NAICS-22 Non-Cogen,22,WT,3260.0,2024
58103,Heritage Garden Wind Farm I LLC,DTE Sustainable Generation,64331,MI,ENC,RFC,NAICS-22 Non-Cogen,22,WT,74919.0,2024
58104,Foundation Superior Farms,Foundation CA Fund VI Manager LLC,57476,CA,PACC,WECC,Industrial NAICS Non-Cogen,311,WT,744.0,2024
58105,Foundation Wal-Mart Red Bluff,Foundation CA Fund VI Manager LLC,57476,CA,PACC,WECC,Commercial NAICS Non-Cogen,421,WT,1934.0,2024
58106,Meadow Creek Project Company,Ridgeline Energy LLC,57075,ID,MTN,WECC,NAICS-22 Non-Cogen,22,WT,325048.0,2024
58111,Bishop Hill II Wind Farm,"Bishop Hill Energy II, LLC",59870,IL,ENC,SERC,NAICS-22 Non-Cogen,22,WT,339897.0,2024
58112,Foundation Cemex Madison,"Foundation CA Fund V Manager, LLC",57484,CA,PACC,WECC,NAICS-22 Non-Cogen,22,WT,1609.0,2024
58113,Foundation RRM,"Foundation CA Fund V Manager, LLC",57484,CA,PACC,WECC,NAICS-22 Non-Cogen,22,WT,8885.0,2024
58114,Foundation NWNA,"Foundation CA Fund V Manager, LLC",57484,CA,PACC,WECC,NAICS-22 Non-Cogen,22,WT,18085.0,2024
58121,Echo Wind Park,DTE Electric Company,5109,MI,ENC,RFC,Electric Utility,22,WT,528853.0,2024
58126,Limon Wind I,Limon,57503,CO,MTN,WECC,NAICS-22 Non-Cogen,22,WT,591742.0,2024
58127,Limon Wind II,Limon,57503,CO,MTN,WECC,NAICS-22 Non-Cogen,22,WT,514550.0,2024
58137,Ensign Wind LLC,NextEra Energy Resources Ensign Wind,58090,KS,WNC,MRO,NAICS-22 Non-Cogen,22,WT,464197.0,2024
58141,Groton Wind LLC,Avangrid Power LLC,15399,NH,NEW,NPCC,NAICS-22 Non-Cogen,22,WT,102405.0,2024
58154,North Sky River Energy LLC,North Sky River Energy LLC,58121,CA,PACC,WECC,NAICS-22 Non-Cogen,22,WT,435045.0,2024
58155,Perrin Ranch Wind LLC,Perrin Ranch Wind LLC,58132,AZ,MTN,WECC,NAICS-22 Non-Cogen,22,WT,183118.0,2024
58203,"Minco Wind III, LLC","FPLE Wind, LLC",56925,OK,WSC,MRO,NAICS-22 Non-Cogen,22,WT,362498.0,2024
58209,"NextEra-Blackwell Wind, LLC","Blackwell Wind, LLC",58180,OK,WSC,MRO,NAICS-22 Non-Cogen,22,WT,86729.0,2024
58218,Spion Kop Wind Farm,NorthWestern Energy (MT wind/thermal),56815,MT,MTN,WECC,Electric Utility,22,WT,110819.0,2024
58220,Haviland Plastic Products,Haviland Plastic Products Co,58187,OH,ENC,RFC,Industrial NAICS Non-Cogen,326,WT,12891.0,2024
58233,Wagner Wind LLC,Greenbacker Renewable Energy Corporation,60025,CA,PACC,WECC,NAICS-22 Non-Cogen,22,WT,15506.0,2024
58238,Georgia Mountain Community Wind Farm,Greenbacker Renewable Energy Corporation,60025,VT,NEW,NPCC,NAICS-22 Non-Cogen,22,WT,26971.0,2024
58242,Pattern Panhandle Wind LLC,Pattern Operators LP,56545,TX,WSC,TRE,NAICS-22 Non-Cogen,22,WT,523176.0,2024
58321,Goldthwaite Wind Energy Facility,Invenergy Services LLC,49893,TX,WSC,TRE,NAICS-22 Non-Cogen,22,WT,433647.0,2024
58322,Prairie Breeze,SunEdison LLC,59139,NE,WNC,MRO,NAICS-22 Non-Cogen,22,WT,595657.0,2024
58324,Vansycle II Wind Energy Center,FPL Energy Stateline II Inc,58298,OR,PACC,WECC,NAICS-22 Non-Cogen,22,WT,357311.0,2024
58351,Tuscola Bay Wind,Tuscola Bay Wind LLC,58340,MI,ENC,RFC,NAICS-22 Non-Cogen,22,WT,356546.0,2024
58363,Majestic II Wind,NextEra Energy Majestic Wind,58353,TX,WSC,TRE,NAICS-22 Non-Cogen,22,WT,157406.0,2024
58372,Blue Summit Wind LLC,Blue Summit Wind LLC,58360,TX,WSC,TRE,NAICS-22 Non-Cogen,22,WT,508146.0,2024
58394,Alta Wind X,"Alta Wind X, LLC",58379,CA,PACC,WECC,NAICS-22 Non-Cogen,22,WT,379046.0,2024
58395,Alta Wind XI,"Alta Wind XI, LLC",58380,CA,PACC,WECC,NAICS-22 Non-Cogen,22,WT,269452.0,2024
58404,Pantex,Pantex (NNSA),58388,TX,WSC,MRO,Commercial NAICS Non-Cogen,928,WT,23733.0,2024
58407,Luther College Wind Project,Luther College Wind Energy Project LLC,58389,IA,WNC,MRO,NAICS-22 Non-Cogen,22,WT,2652.0,2024
58414,NLMU Wind,New London Municipal Utilities,13468,IA,WNC,MRO,Electric Utility,22,WT,4284.0,2024
58416,Headwaters Wind Farm LLC,Headwaters Wind Farm LLC,58412,IN,ENC,RFC,NAICS-22 Non-Cogen,22,WT,617776.0,2024
58425,Fire Island Wind,Fire Island Wind LLC,58422,AK,PACN,,NAICS-22 Non-Cogen,22,WT,49379.0,2024
58441,Swauk Wind LLC,Gamesa Wind US LLC,58430,WA,PACC,WECC,NAICS-22 Non-Cogen,22,WT,2364.0,2024
58444,Junction Hilltop Wind Farm,Junction Hilltop Management LLC,58439,IA,WNC,MRO,NAICS-22 Non-Cogen,22,WT,25380.0,2024
58456,Cumberland Rose,"Cumberland Rose Wind Energy, LLC",58444,IA,WNC,MRO,NAICS-22 Non-Cogen,22,WT,5230.0,2024
58457,Fontanelle,"Forward Fontanelle Power, LLC",58445,IA,WNC,MRO,NAICS-22 Non-Cogen,22,WT,5699.0,2024
58458,Greenfield Wind,"Greenfield Wind Power, LLC",58446,IA,WNC,MRO,NAICS-22 Non-Cogen,22,WT,5310.0,2024
58459,Meadow Ridge,"Meadow Ridge Wind Energy, LLC",58447,IA,WNC,MRO,NAICS-22 Non-Cogen,22,WT,5276.0,2024
58460,Sky Volt,"Sky Volt, LLC",58448,IA,WNC,MRO,NAICS-22 Non-Cogen,22,WT,5098.0,2024
58461,Wiota,"Wiota Wind Energy, LLC #1",58449,IA,WNC,MRO,NAICS-22 Non-Cogen,22,WT,4398.0,2024
58464,Broadview Energy Prime LLC,"Chopin Wind, LLC",57421,NM,MTN,MRO,NAICS-22 Non-Cogen,22,WT,22245.0,2024
58465,Broadview Energy Prime 2 LLC,"Chopin Wind, LLC",57421,NM,MTN,MRO,NAICS-22 Non-Cogen,22,WT,17811.0,2024
58474,Buffalo Dunes Wind Project,Buffalo Dunes Wind Project LLC,58461,KS,WNC,MRO,NAICS-22 Non-Cogen,22,WT,866939.0,2024
58511,Delta Wind Farm,Alaska Environmental Power,58488,AK,PACN,,NAICS-22 Non-Cogen,22,WT,3871.0,2024
58548,Huerfano River Wind,"Huerfano River Wind, LLC",58520,CO,MTN,WECC,NAICS-22 Non-Cogen,22,WT,12766.0,2024
58571,Tucannon River Wind Farm,Portland General Electric Co,15248,WA,PACC,WECC,Electric Utility,22,WT,808346.0,2024
58580,Pheasant Run Wind LLC,Pheasant Run Wind LLC,58539,MI,ENC,RFC,NAICS-22 Non-Cogen,22,WT,248348.0,2024
58587,Tuscola Wind II LLC,Tuscola Wind II LLC,58545,MI,ENC,RFC,NAICS-22 Non-Cogen,22,WT,293268.0,2024
58594,Steele Flats Wind Project LLC,Steele Flats Wind Project LLC,58551,NE,WNC,MRO,NAICS-22 Non-Cogen,22,WT,199353.0,2024
58596,"Grandview Wind Farm, LLC","Big Sky Wind, LLC",56215,TX,WSC,TRE,NAICS-22 Non-Cogen,22,WT,903786.0,2024
58608,Saddleback Ridge Wind Farm,"CPV Saddleback Ridge Wind, LLC",58565,ME,NEW,NPCC,NAICS-22 Non-Cogen,22,WT,82884.0,2024
58614,Patriot Wind Farm,Avangrid Power LLC,15399,TX,WSC,TRE,NAICS-22 Non-Cogen,22,WT,570879.0,2024
58620,Canton Mountain Wind,CPV Canton Mountain Wind LLC,58574,ME,NEW,NPCC,NAICS-22 Non-Cogen,22,WT,50538.0,2024
58630,RP Wind,Consolidated Edison Solutions Inc.,57365,OH,ENC,RFC,NAICS-22 Non-Cogen,22,WT,8328.0,2024
58657,Odell Wind Farm,Algonquin Power Co,59050,MN,WNC,MRO,NAICS-22 Non-Cogen,22,WT,773060.0,2024
58658,Courtenay Wind Farm,Northern States Power Co - Minnesota,13781,ND,WNC,MRO,Electric Utility,22,WT,737416.0,2024
58661,Cape Cod Air Force Station - 6 SWS,US Air Force,58604,MA,NEW,NPCC,Commercial NAICS Non-Cogen,928,WT,4631.0,2024
58666,Alexander Wind Farm LLC,SRIV Partnership LLC,62042,KS,WNC,MRO,NAICS-22 Non-Cogen,22,WT,188812.0,2024
58677,Gratiot County Wind LLC,Invenergy Services LLC,49893,MI,ENC,RFC,NAICS-22 Non-Cogen,22,WT,228407.0,2024
58681,Route 66 Wind Plant,Onward Energy,60453,TX,WSC,TRE,NAICS-22 Non-Cogen,22,WT,608174.0,2024
58683,"Osage Wind, LLC","Enel Green Power NA, Inc.",59380,OK,WSC,MRO,NAICS-22 Non-Cogen,22,WT,549031.0,2024
58686,Hancock Wind Plant,Onward Energy,60453,ME,NEW,NPCC,NAICS-22 Non-Cogen,22,WT,117247.0,2024
58690,Apple Blossom Wind Farm,"Apple Blossom Wind, LLC",60456,MI,ENC,RFC,NAICS-22 Non-Cogen,22,WT,254134.0,2024
58691,South Fork Wind Farm,"South Fork Wind, LLC",60458,MN,WNC,MRO,NAICS-22 Non-Cogen,22,WT,52260.0,2024
58692,Black Oak Wind Farm,"Black Oak Wind, LLC",58625,MN,WNC,MRO,NAICS-22 Non-Cogen,22,WT,301766.0,2024
58694,Walnut Ridge Wind Farm,"BHE Renewables, LLC",59359,IL,ENC,RFC,NAICS-22 Non-Cogen,22,WT,730632.0,2024
58695,Grande Prairie Wind Farm,"BHE Renewables, LLC",59359,NE,WNC,MRO,NAICS-22 Non-Cogen,22,WT,1431007.0,2024
58719,Brookfield,DTE Electric Company,5109,MI,ENC,RFC,Electric Utility,22,WT,241603.0,2024
58720,Pattern Panhandle Wind 2 LLC,Pattern Operators LP,56545,TX,WSC,TRE,NAICS-22 Non-Cogen,22,WT,613961.0,2024
58765,Miami Wind Energy Center,Invenergy Services LLC,49893,TX,WSC,TRE,NAICS-22 Non-Cogen,22,WT,847715.52,2024
58766,Wake Wind Energy Center,Southern Power Co,17650,TX,WSC,TRE,NAICS-22 Non-Cogen,22,WT,883780.0,2024
58767,Buckeye Wind Energy Center,Invenergy Services LLC,49893,KS,WNC,MRO,NAICS-22 Non-Cogen,22,WT,712233.0,2024
58768,Marsh Hill Wind Farm,Invenergy Services LLC,49893,NY,MAT,NPCC,NAICS-22 Non-Cogen,22,WT,44739.0,2024
58769,Spring Canyon Expansion Wind Energy Ctr,Spring Canyon Expansion LLC,64662,CO,MTN,WECC,NAICS-22 Non-Cogen,22,WT,71930.0,2024
58771,Roosevelt County,Boralex US Operations LLC,66100,NM,MTN,MRO,NAICS-22 Non-Cogen,22,WT,1085188.0,2024
58772,Longhorn Wind,Boralex US Operations LLC,66100,TX,WSC,TRE,NAICS-22 Non-Cogen,22,WT,773325.0,2024
58773,TX Hereford Wind,Boralex US Operations LLC,66100,TX,WSC,TRE,NAICS-22 Non-Cogen,22,WT,748905.0,2024
58774,Spinning Spur Wind II,"EDF Renewable Asset Holdings, Inc.",57170,TX,WSC,TRE,NAICS-22 Non-Cogen,22,WT,516401.0,2024
58775,Spinning Spur Wind III,Boralex US Operations LLC,66100,TX,WSC,TRE,NAICS-22 Non-Cogen,22,WT,815752.0,2024
58777,Cassadaga Wind Farm,"Big Sky Wind, LLC",56215,NY,MAT,NPCC,NAICS-22 Non-Cogen,22,WT,213739.0,2024
58780,Scioto Ridge Wind Farm,"Big Sky Wind, LLC",56215,OH,ENC,RFC,NAICS-22 Non-Cogen,22,WT,527964.0,2024
58830,Cross Winds Energy Park,Consumers Energy Co - (MI),4254,MI,ENC,RFC,Electric Utility,22,WT,720922.0,2024
58833,Red Horse 2,Red Horse 2,59146,AZ,MTN,WECC,NAICS-22 Non-Cogen,22,WT,60123.0,2024
58836,Lakeswind Power Partners,Lakeswind Power Partners,58710,MN,WNC,MRO,NAICS-22 Non-Cogen,22,WT,150867.0,2024
58837,Na Pua Makani Wind Project,Na Pua Makani Power Partners LLC,58718,HI,PACN,,NAICS-22 Non-Cogen,22,WT,109314.0,2024
58838,Keechi Wind,"Keechi Wind, LLC",62969,TX,WSC,TRE,NAICS-22 Non-Cogen,22,WT,394863.0,2024
58872,Bison 4 Wind Energy Center,"ALLETE, Inc.",12647,ND,WNC,MRO,Electric Utility,22,WT,624234.0,2024
58883,Highland Wind Project (IA),MidAmerican Energy Co,12341,IA,WNC,MRO,Electric Utility,22,WT,1648139.0,2024
58884,Lundgren Wind Project,MidAmerican Energy Co,12341,IA,WNC,MRO,Electric Utility,22,WT,804153.0,2024
58885,Macksburg Wind Project,MidAmerican Energy Co,12341,IA,WNC,MRO,Electric Utility,22,WT,329946.0,2024
58886,Wellsburg Wind Project,MidAmerican Energy Co,12341,IA,WNC,MRO,Electric Utility,22,WT,468726.0,2024
58887,Com Adam 1WF-1,FPC Services Inc.,58760,IL,ENC,RFC,NAICS-22 Non-Cogen,22,WT,7202.0,2024
58891,"Big Turtle Wind Farm, LLC",DTE Sustainable Generation,64331,MI,ENC,RFC,NAICS-22 Non-Cogen,22,WT,69899.0,2024
58898,Pilot Hill Wind Farm,"EDF Renewable Asset Holdings, Inc.",57170,IL,ENC,RFC,NAICS-22 Non-Cogen,22,WT,618270.0,2024
58900,Balko Wind LLC,Balko Wind LLC,58770,OK,WSC,MRO,NAICS-22 Non-Cogen,22,WT,947238.0,2024
58902,Kingfisher Wind LLC,Kingfisher Wind LLC,58773,OK,WSC,MRO,NAICS-22 Non-Cogen,22,WT,817970.0,2024
58904,Fourmile Ridge,"Fourmile Wind Energy, LLC",58784,MD,SAT,RFC,NAICS-22 Non-Cogen,22,WT,113077.0,2024
58908,Beebe 1B,"Beebe 1B Renewable Energy, LLC",58785,MI,ENC,RFC,NAICS-22 Non-Cogen,22,WT,127005.0,2024
58924,Sugar Creek Wind One LLC,Sugar Creek Wind One LLC,60568,IL,ENC,SERC,NAICS-22 Non-Cogen,22,WT,664565.0,2024
58925,Lincoln Land Wind,"Lincoln Land Wind, LLC",60569,IL,ENC,SERC,NAICS-22 Non-Cogen,22,WT,1064331.0,2024
58927,Story City Wind Project,Hamilton Wind Energy LLC,58795,IA,WNC,MRO,NAICS-22 Non-Cogen,22,WT,5071.0,2024
58932,Traer Wind Project,City of Traer - (IA),19062,IA,WNC,MRO,Electric Utility,22,WT,5822.0,2024
58938,Origin Wind,"Enel Green Power NA, Inc.",59380,OK,WSC,MRO,NAICS-22 Non-Cogen,22,WT,514319.0,2024
58939,Anderson Wind I,"Chopin Wind, LLC",57421,NM,MTN,MRO,NAICS-22 Non-Cogen,22,WT,9743.0,2024
58940,Anderson Wind II,"Chopin Wind, LLC",57421,NM,MTN,MRO,NAICS-22 Non-Cogen,22,WT,26405.0,2024
58958,Camelot Wind LLC,Camelot Wind LLC,58821,MA,NEW,NPCC,NAICS-22 Non-Cogen,22,WT,2314.0,2024
58965,"Thunder Spirit Wind, LLC",Montana-Dakota Utilities Co,12199,ND,WNC,MRO,Electric Utility,22,WT,522572.0,2024
58966,Fairfield Wind,Greenbacker Renewable Energy Corporation,60025,MT,MTN,WECC,NAICS-22 Non-Cogen,22,WT,25925.0,2024
58979,Copenhagen Wind Farm,"EDF Renewable Asset Holdings, Inc.",57170,NY,MAT,NPCC,NAICS-22 Non-Cogen,22,WT,238258.0,2024
58981,"Broken Bow Wind II, LLC",Consolidated Edison Development Inc.,56769,NE,WNC,MRO,NAICS-22 Non-Cogen,22,WT,253599.0,2024
58992,Dept of Corrections NCCI Wind,Dept of Corrections NCCI Wind,58844,MA,NEW,NPCC,Commercial NAICS Non-Cogen,92214,WT,4934.0,2024
58994,Breckinridge Wind Project LLC,NextEra Energy Resources Breckinridge,59394,OK,WSC,MRO,NAICS-22 Non-Cogen,22,WT,362198.0,2024
58995,St. Olaf Wind Turbine,St. Olaf College,58828,MN,WNC,MRO,Commercial NAICS Non-Cogen,611,WT,2582.0,2024
58998,Goodwell Wind Project LLC,"Enel Green Power NA, Inc.",59380,OK,WSC,MRO,NAICS-22 Non-Cogen,22,WT,713388.0,2024
58999,Little Elk Wind Project LLC,"Enel Green Power NA, Inc.",59380,OK,WSC,MRO,NAICS-22 Non-Cogen,22,WT,323692.0,2024
59003,Two Dot Wind Farm,NorthWestern Energy (MT wind/thermal),56815,MT,MTN,WECC,Electric Utility,22,WT,34841.0,2024
59005,Mariah del Norte,"BHE Renewables, LLC",59359,TX,WSC,TRE,NAICS-22 Non-Cogen,22,WT,910872.0,2024
59021,Hoopeston Wind LLC,Hoopeston Wind LLC,58865,IL,ENC,SERC,NAICS-22 Non-Cogen,22,WT,371250.0,2024
59024,"Euclid Farm, Stamco N-54",Case Western Reserve University,58869,OH,ENC,RFC,NAICS-22 Non-Cogen,22,WT,710.0,2024
59034,Shannon Wind,Shannon Wind LLC,58872,TX,WSC,TRE,NAICS-22 Non-Cogen,22,WT,472713.0,2024
59053,Michelangelo Wind 3 LLC,Michelangelo Wind 3 LLC,58887,IA,WNC,MRO,NAICS-22 Non-Cogen,22,WT,8624.0,2024
59061,Radfords Run Wind Farm,"Big Sky Wind, LLC",56215,IL,ENC,RFC,NAICS-22 Non-Cogen,22,WT,1072223.0,2024
59063,Stella Wind Farm,"Big Sky Wind, LLC",56215,TX,WSC,TRE,NAICS-22 Non-Cogen,22,WT,556374.0,2024
59065,Drift Sand Wind Project LLC,"Enel Green Power NA, Inc.",59380,OK,WSC,MRO,NAICS-22 Non-Cogen,22,WT,385761.0,2024
59066,Bruennings Breeze Wind Farm,"Big Sky Wind, LLC",56215,TX,WSC,TRE,NAICS-22 Non-Cogen,22,WT,497710.0,2024
59068,"Colbeck's Corner, LLC","Big Sky Wind, LLC",56215,TX,WSC,TRE,NAICS-22 Non-Cogen,22,WT,849934.0,2024
59070,Jericho Power,Jericho Power LLC,58891,NH,NEW,NPCC,NAICS-22 Non-Cogen,22,WT,20680.0,2024
59071,Carroll Area Wind Farm,SRIV Partnership LLC,62042,IA,WNC,MRO,NAICS-22 Non-Cogen,22,WT,53845.0,2024
59076,Chopin Wind LLC,"Chopin Wind, LLC",57421,OR,PACC,WECC,NAICS-22 Non-Cogen,22,WT,28767.0,2024
59083,Limon III Wind LLC,Limon,57503,CO,MTN,WECC,NAICS-22 Non-Cogen,22,WT,757191.0,2024
59084,Marshall Wind Farm,"BHE Renewables, LLC",59359,KS,WNC,MRO,NAICS-22 Non-Cogen,22,WT,304821.0,2024
59118,Cameron Wind 1 LLC,Cameron Wind 1 LLC,58939,TX,WSC,TRE,NAICS-22 Non-Cogen,22,WT,338958.0,2024
59147,Fair Wind,"Fair Wind Power Partners, LLC",58962,MD,SAT,RFC,NAICS-22 Non-Cogen,22,WT,83710.0,2024
59187,Beethoven Wind,NorthWestern Energy - (SD),13809,SD,WNC,MRO,Electric Utility,22,WT,302584.0,2024
59193,Chapman Ranch Wind I,Chapman Ranch Wind LLC,58998,TX,WSC,TRE,NAICS-22 Non-Cogen,22,WT,517952.0,2024
59200,Border Winds Wind Farm,Northern States Power Co - Minnesota,13781,ND,WNC,MRO,Electric Utility,22,WT,614037.0,2024
59201,Pleasant Valley Wind Farm,Northern States Power Co - Minnesota,13781,MN,WNC,MRO,Electric Utility,22,WT,770251.0,2024
59222,Passadumkeag Windpark LLC,Southern Power Co,17650,ME,NEW,NPCC,NAICS-22 Non-Cogen,22,WT,127803.0,2024
59223,Optimum Wind 5 LLC,Optimum Wind 5 LLC,59017,IA,WNC,MRO,NAICS-22 Non-Cogen,22,WT,8997.0,2024
59224,Optimum Wind 6 LLC,Optimum Wind 6 LLC,59018,IA,WNC,MRO,NAICS-22 Non-Cogen,22,WT,8729.0,2024
59225,Optimum Wind 7 LLC,Optimum Wind 7 LLC,59019,IA,WNC,MRO,NAICS-22 Non-Cogen,22,WT,11035.0,2024
59226,Optimum Wind 4 LLC,Optimum Wind 4 LLC,59024,IA,WNC,MRO,NAICS-22 Non-Cogen,22,WT,10469.0,2024
59227,Optimum Wind 3 LLC,Optimum Wind 3 LLC,59025,IA,WNC,MRO,NAICS-22 Non-Cogen,22,WT,10356.0,2024
59228,Leonardo Wind 1 LLC,Leonardo Wind 1 LLC,59022,IA,WNC,MRO,NAICS-22 Non-Cogen,22,WT,10011.0,2024
59230,Venus Wind 3 LLC,Venus Wind 3 LLC,59021,IA,WNC,MRO,NAICS-22 Non-Cogen,22,WT,10295.0,2024
59231,Michelangelo Wind 1 LLC,Michelangelo Wind 1 LLC,59026,IA,WNC,MRO,NAICS-22 Non-Cogen,22,WT,7888.0,2024
59232,Michelangelo Wind 4 LLC,Michelangelo Wind 4 LLC,59027,IA,WNC,MRO,NAICS-22 Non-Cogen,22,WT,10439.0,2024
59234,Arbuckle Mountain Wind Farm LLC,Arbuckle Mountain Wind Farm LLC,59039,OK,WSC,MRO,NAICS-22 Non-Cogen,22,WT,355926.0,2024
59235,Rising Tree Wind Farm II,Rising Tree Wind Farm II LLC,59040,CA,PACC,WECC,NAICS-22 Non-Cogen,22,WT,58741.0,2024
59236,Rising Tree Wind Farm III,Rising Tree Wind Farm III LLC,59042,CA,PACC,WECC,NAICS-22 Non-Cogen,22,WT,261417.0,2024
59238,Windthorst-2,"EDF Renewable Asset Holdings, Inc.",57170,TX,WSC,TRE,NAICS-22 Non-Cogen,22,WT,169490.0,2024
59244,Lorenzo Wind,"Lorenzo Wind, LLC",61133,TX,WSC,MRO,NAICS-22 Non-Cogen,22,WT,354238.0,2024
59245,Fluvanna,TC Energy,67080,TX,WSC,TRE,NAICS-22 Non-Cogen,22,WT,535119.0,2024
59246,Goodnight,"FGE Goodnight I, LLC",65226,TX,WSC,TRE,NAICS-22 Non-Cogen,22,WT,575208.0,2024
59247,Hale Community Wind Farm,Southwestern Public Service Co,17718,TX,WSC,MRO,Electric Utility,22,WT,2106314.0,2024
59284,Mammoth Plains,Mammoth Plains Wind Project,60768,OK,WSC,MRO,NAICS-22 Non-Cogen,22,WT,719868.0,2024
59292,Rattlesnake Creek Wind Project,"Rattlesnake Creek Wind Project, LLC",61414,NE,WNC,MRO,NAICS-22 Non-Cogen,22,WT,942434.0,2024
59295,WED NK Green,WED NK Green LLC,59097,RI,NEW,NPCC,NAICS-22 Non-Cogen,22,WT,2406.0,2024
59296,Northwest Ohio Wind,"Northwest Ohio Wind, LLC",59098,OH,ENC,RFC,NAICS-22 Non-Cogen,22,WT,267924.0,2024
59301,WED Coventry 1,"WED Coventry One, LLC",59105,RI,NEW,NPCC,NAICS-22 Non-Cogen,22,WT,2415.0,2024
59302,WED Coventry 2,"WED Coventry Two, LLC",59106,RI,NEW,NPCC,NAICS-22 Non-Cogen,22,WT,6686.0,2024
59305,WED Coventry 3,"WED Coventry Three, LLC",59107,RI,NEW,NPCC,NAICS-22 Non-Cogen,22,WT,2220.0,2024
59306,WED Coventry 4,"WED Coventry Four, LLC",59108,RI,NEW,NPCC,NAICS-22 Non-Cogen,22,WT,2264.0,2024
59311,Seiling Wind I,NextEra Energy Seiling Wind,59115,OK,WSC,MRO,NAICS-22 Non-Cogen,22,WT,668969.0,2024
59312,Seiling Wind II,NextEra Energy Seiling Wind,59115,OK,WSC,MRO,NAICS-22 Non-Cogen,22,WT,356050.0,2024
59313,WED Coventry 5,Greenbacker Renewable Energy Corporation,60025,RI,NEW,NPCC,NAICS-22 Non-Cogen,22,WT,2770.0,2024
59314,WED Coventry 6,Greenbacker Renewable Energy Corporation,60025,RI,NEW,NPCC,NAICS-22 Non-Cogen,22,WT,6540.0,2024
59320,Los Vientos Windpower III,Duke Energy Renewables Services,65411,TX,WSC,TRE,NAICS-22 Non-Cogen,22,WT,486054.0,2024
59321,Los Vientos Windpower IV,Duke Energy Renewables Services,65411,TX,WSC,TRE,NAICS-22 Non-Cogen,22,WT,466943.0,2024
59328,Golden Acorn Casino,"Foundation HA Energy Generation, LLC",56930,CA,PACC,WECC,Commercial NAICS Non-Cogen,713,WT,3784.0,2024
59329,City of Soledad Water Reclamation,"Foundation HA Energy Generation, LLC",56930,CA,PACC,WECC,NAICS-22 Non-Cogen,22,WT,3977.0,2024
59330,Taylor Farms,"Foundation HA Energy Generation, LLC",56930,CA,PACC,WECC,NAICS-22 Non-Cogen,22,WT,3851.0,2024
59331,Anheuser-Busch #2,"Foundation HA Energy Generation, LLC",56930,CA,PACC,WECC,Industrial NAICS Non-Cogen,312,WT,3800.0,2024
59332,Mesquite Creek Wind,Duke Energy Renewables Services,65411,TX,WSC,TRE,NAICS-22 Non-Cogen,22,WT,409109.0,2024
59384,South Plains Wind Phase I,"Evergreen Wind, LLC",59155,TX,WSC,TRE,NAICS-22 Non-Cogen,22,WT,592424.0,2024
59417,Pleasant Hill Wind Energy Project,Pleasant Hill Wind Energy LLC,59188,TX,WSC,MRO,NAICS-22 Non-Cogen,22,WT,39859.0,2024
59435,Oak Tree Energy,Consolidated Edison Development Inc.,56769,SD,WNC,MRO,NAICS-22 Non-Cogen,22,WT,69421.0,2024
59442,Logans Gap Wind LLC,Pattern Operators LP,56545,TX,WSC,TRE,NAICS-22 Non-Cogen,22,WT,589082.0,2024
59448,Waxdale,"S.C. Johnson & Son, Inc.",59216,WI,ENC,RFC,Industrial NAICS Cogen,325,WT,4879.0,2024
59460,"Kay Wind, LLC",Southern Power Co,17650,OK,WSC,MRO,NAICS-22 Non-Cogen,22,WT,982817.0,2024
59475,Palo Duro Wind,Palo Duro Wind,59238,TX,WSC,MRO,NAICS-22 Non-Cogen,22,WT,1016222.0,2024
59490,Jett Creek Windfarm (Burnt River),Jett Creek,59860,OR,PACC,WECC,NAICS-22 Non-Cogen,22,WT,18439.0,2024
59491,Benson Creek Windfarm (Burnt River),Benson Creek,59861,OR,PACC,WECC,NAICS-22 Non-Cogen,22,WT,20120.0,2024
59492,Durbin Creek Windfarm (Burnt River),Durbin Creek,59862,OR,PACC,WECC,NAICS-22 Non-Cogen,22,WT,17091.0,2024
59493,Prospector Windfarm (Burnt River),Prospector,59863,OR,PACC,WECC,NAICS-22 Non-Cogen,22,WT,18420.0,2024
59494,Willow Spring Windfarm (Burnt River),Willow Spring,59864,OR,PACC,WECC,NAICS-22 Non-Cogen,22,WT,21411.0,2024
59547,Fowler Ridge IV Wind Farm LLC,Pattern Operators LP,56545,IN,ENC,RFC,NAICS-22 Non-Cogen,22,WT,429694.0,2024
59621,TX Jumbo Road Wind,"TX Jumbo Road Wind, LLC",59871,TX,WSC,TRE,NAICS-22 Non-Cogen,22,WT,974650.0,2024
59622,Future Generation Wind,Consolidated Edison Solutions Inc.,57365,MA,NEW,NPCC,NAICS-22 Non-Cogen,22,WT,14118.0,2024
59629,Jericho Rise Wind Farm LLC,Jericho Rise Wind Farm LLC,59362,NY,MAT,NPCC,NAICS-22 Non-Cogen,22,WT,207022.0,2024
59637,Adams Wind,MidAmerican Energy Co,12341,IA,WNC,MRO,Electric Utility,22,WT,474468.0,2024
59639,"631-56 Airport Owner, LLC","631-56 Airport Owner, LLC",59395,MA,NEW,NPCC,Industrial NAICS Non-Cogen,335,WT,0.0,2024
59654,Sendero,"Sendero Wind Energy, LLC",59428,TX,WSC,TRE,NAICS-22 Non-Cogen,22,WT,257667.0,2024
59655,Campbell County Wind Farm,Consolidated Edison Development Inc.,56769,SD,WNC,MRO,NAICS-22 Non-Cogen,22,WT,286083.0,2024
59684,"Lindahl Wind Project, LLC","Enel Green Power NA, Inc.",59380,ND,WNC,MRO,NAICS-22 Non-Cogen,22,WT,528588.0,2024
59692,NBC Field's Point Wind Farm,Narragansett Bay Commission,59463,RI,NEW,NPCC,Commercial NAICS Non-Cogen,22132,WT,5847.0,2024
59712,"San Roman Wind I, LLC","Acciona Energy USA Global, LLC",57416,TX,WSC,TRE,NAICS-22 Non-Cogen,22,WT,229188.0,2024
59724,Scituate Wind,Scituate Wind LLC,59493,MA,NEW,NPCC,NAICS-22 Non-Cogen,22,WT,2354.0,2024
59725,Fairhaven Wind,Fairhaven Wind LLC,59494,MA,NEW,NPCC,NAICS-22 Non-Cogen,22,WT,3686.0,2024
59732,Green Pastures Wind I,"Green Pastures Wind I, LLC",59501,TX,WSC,TRE,NAICS-22 Non-Cogen,22,WT,277548.0,2024
59733,Green Pastures Wind II,"Green Pastures Wind II, LLC",59502,TX,WSC,TRE,NAICS-22 Non-Cogen,22,WT,291083.0,2024
59734,Briscoe Wind Farm,"Briscoe Wind Farm, LLC",65757,TX,WSC,TRE,NAICS-22 Non-Cogen,22,WT,451108.0,2024
59735,Kirkwood Wind Turbine,Kirkwood Community College,59504,IA,WNC,MRO,NAICS-22 Non-Cogen,22,WT,0.0,2024
59736,"Valentine Wind, LLC","Valentine Wind, LLC",59506,NE,WNC,MRO,NAICS-22 Non-Cogen,22,WT,5573.0,2024
59757,Pryor Mountain Wind,PacifiCorp,14354,MT,MTN,WECC,Electric Utility,22,WT,730700.0,2024
59776,Heartland Community College,Heartland Community College,59543,IL,ENC,SERC,Commercial NAICS Non-Cogen,611,WT,3857.0,2024
59797,Bayonne MUA- Leitner-Poma Wind Turbine,"SUEZ North America, Inc.",59568,NJ,MAT,RFC,NAICS-22 Non-Cogen,22,WT,0.0,2024
59817,Tooele Army Depot(CSG),Tooele Army Depot,59598,UT,MTN,WECC,NAICS-22 Non-Cogen,22,WT,0.0,2024
59837,Slate Creek Wind Project LLC,"EDF Renewable Asset Holdings, Inc.",57170,KS,WNC,MRO,NAICS-22 Non-Cogen,22,WT,510899.0,2024
59838,Milo Wind Project LLC,Boralex US Operations LLC,66100,NM,MTN,MRO,NAICS-22 Non-Cogen,22,WT,197593.0,2024
59888,Bloom Wind,CP Bloom Wind LLC,64781,KS,WNC,MRO,NAICS-22 Non-Cogen,22,WT,669447.0,2024
59902,Cardinal Point Wind,Cardinal Point LLC,64782,IL,ENC,MRO,NAICS-22 Non-Cogen,22,WT,535069.0,2024
59903,New Frontier Wind,Meadowlark Wind I LLC,64799,ND,WNC,MRO,NAICS-22 Non-Cogen,22,WT,380125.0,2024
59943,Rattlesnake Den,SunEdison LLC,59139,TX,WSC,TRE,NAICS-22 Non-Cogen,22,WT,735846.0,2024
59953,Antrim Wind,Antrim Wind Energy LLC,59714,NH,NEW,NPCC,NAICS-22 Non-Cogen,22,WT,70960.0,2024
59965,Latigo Wind Park,AES Distributed Energy,61012,UT,MTN,WECC,NAICS-22 Non-Cogen,22,WT,152190.0,2024
59968,"Desert Wind Farm, LLC",Avangrid Power LLC,15399,NC,SAT,SERC,NAICS-22 Non-Cogen,22,WT,508991.0,2024
59972,Bearkat,"Bearkat Wind Energy 1, LLC",63428,TX,WSC,TRE,NAICS-22 Non-Cogen,22,WT,681520.0,2024
59974,Golden West Power Partners LLC,"Golden West Power Partners, LLC",59729,CO,MTN,WECC,NAICS-22 Non-Cogen,22,WT,856642.0,2024
59975,Carousel Wind Farm LLC,"Carousel Wind Farm, LLC",59730,CO,MTN,WECC,NAICS-22 Non-Cogen,22,WT,613881.0,2024
60013,"Grant Wind, LLC",Southern Power Co,17650,OK,WSC,MRO,NAICS-22 Non-Cogen,22,WT,571640.0,2024
60015,Findlay Wind Farm,Findlay Wind Farm,59760,OH,ENC,RFC,Industrial NAICS Non-Cogen,326,WT,4995.0,2024
60049,Golden Hills Wind,"Golden Hills Wind, LLC",59780,CA,PACC,WECC,NAICS-22 Non-Cogen,22,WT,247376.0,2024
60059,Los Vientos V Wind Power,Duke Energy Renewables Services,65411,TX,WSC,TRE,NAICS-22 Non-Cogen,22,WT,233607.0,2024
60069,"Cedar Bluff Wind, LLC","Cedar Bluff Wind, LLC",59817,KS,WNC,MRO,NAICS-22 Non-Cogen,22,WT,814447.0,2024
60087,South Plains II,Onward Energy,60453,TX,WSC,TRE,NAICS-22 Non-Cogen,22,WT,975908.0,2024
60088,Sunflower Wind Project,Onward Energy,60453,ND,WNC,MRO,NAICS-22 Non-Cogen,22,WT,427512.0,2024
60104,"Javelina Wind Energy, LLC","Javelina Wind Energy, LLC",59882,TX,WSC,TRE,NAICS-22 Non-Cogen,22,WT,839547.0,2024
60126,Harpster Wind,"OEE XVII, LLC",59899,OH,ENC,RFC,Commercial NAICS Non-Cogen,486,WT,1970.0,2024
60128,Zephyr Wind,"OEE XIX, LLC",59905,OH,ENC,RFC,Industrial NAICS Non-Cogen,332,WT,6654.0,2024
60132,New Creek Wind,"New Creek Wind, LLC",62967,WV,SAT,SERC,NAICS-22 Non-Cogen,22,WT,271983.0,2024
60143,Peak View Wind Farm,"Black Hills Colorado Electric, LLC",56146,CO,MTN,WECC,Electric Utility,22,WT,190089.0,2024
60145,"Broadview Energy JN, LLC",Pattern Operators LP,56545,NM,MTN,WECC,NAICS-22 Non-Cogen,22,WT,716281.0,2024
60152,"Broadview Energy KW, LLC",Pattern Operators LP,56545,NM,MTN,WECC,NAICS-22 Non-Cogen,22,WT,568338.0,2024
60210,Cotton Plains Wind Farm,"Cotton Plains Wind I, LLC",59979,TX,WSC,TRE,NAICS-22 Non-Cogen,22,WT,195578.0,2024
60217,Rocksprings,"Rocksprings Val Verde Wind, LLC",59999,TX,WSC,TRE,NAICS-22 Non-Cogen,22,WT,460673.0,2024
60218,Frontier Windpower,Duke Energy Renewables Services,65411,OK,WSC,MRO,NAICS-22 Non-Cogen,22,WT,541624.0,2024
60256,Bluestem,"Bluestem Wind Energy, LLC",60044,OK,WSC,MRO,NAICS-22 Non-Cogen,22,WT,814840.0,2024
60259,"Pioneer Wind Park, LLC",AES Distributed Energy,61012,WY,MTN,WECC,NAICS-22 Non-Cogen,22,WT,273017.0,2024
60262,Prairie Breeze II,Invenergy Services LLC,49893,NE,WNC,MRO,NAICS-22 Non-Cogen,22,WT,277423.0,2024
60270,Blue Cloud Wind Energy LLC,TC Energy,67080,TX,WSC,MRO,NAICS-22 Non-Cogen,22,WT,599921.0,2024
60271,"Canyon Wind Project, LLC","Canyon Wind Project, LLC",65489,TX,WSC,TRE,NAICS-22 Non-Cogen,22,WT,1034194.0,2024
60314,Prairie Breeze III,Invenergy Services LLC,49893,NE,WNC,MRO,NAICS-22 Non-Cogen,22,WT,136320.0,2024
60317,"Grady Wind Energy Center, LLC",Pattern Operators LP,56545,NM,MTN,WECC,NAICS-22 Non-Cogen,22,WT,895659.0,2024
60326,O'Brien Wind,MidAmerican Energy Co,12341,IA,WNC,MRO,Electric Utility,22,WT,875933.0,2024
60329,"Ringer Hill Wind Farm, LLC",Ringer Hill Wind LLC,62892,PA,MAT,RFC,NAICS-22 Non-Cogen,22,WT,94257.0,2024
60338,Electra Wind Farm,"Electra Wind, LLC",60128,TX,WSC,TRE,NAICS-22 Non-Cogen,22,WT,828706.0,2024
60339,Horse Creek Wind Farm,"Horse Creek Wind, LLC",60129,TX,WSC,TRE,NAICS-22 Non-Cogen,22,WT,811896.0,2024
60342,Ida Grove Wind,MidAmerican Energy Co,12341,IA,WNC,MRO,Electric Utility,22,WT,1060559.0,2024
60354,Brady II Wind Energy Center,"Brady Wind II, LLC",60149,ND,WNC,MRO,NAICS-22 Non-Cogen,22,WT,632202.0,2024
60355,Brady Wind Energy Center,"Brady Wind, LLC",60148,ND,WNC,MRO,NAICS-22 Non-Cogen,22,WT,632297.0,2024
60366,Old Settler Wind,"Old Settler Wind, LLC",60155,TX,WSC,TRE,NAICS-22 Non-Cogen,22,WT,547652.0,2024
60404,Pisgah Mountain Wind,"Pisgah Mountain, LLC",60207,ME,NEW,NPCC,NAICS-22 Non-Cogen,22,WT,25263.0,2024
60414,Bethel Wind Farm LLC,Southern Power Co,17650,TX,WSC,MRO,NAICS-22 Non-Cogen,22,WT,1107747.0,2024
60470,Paulding Wind Farm III,Paulding Wind Farm III LLC,60258,OH,ENC,RFC,NAICS-22 Non-Cogen,22,WT,299261.0,2024
60471,Green River Wind Farm,"Green River Wind Farm Phase 1, LLC",60259,IL,ENC,RFC,NAICS-22 Non-Cogen,22,WT,545231.0,2024
60486,Greenfield Wind - MT,Greenbacker Renewable Energy Corporation,60025,MT,MTN,WECC,NAICS-22 Non-Cogen,22,WT,82086.0,2024
60502,"Tyler Bluff Wind Project, LLC",Southern Power Co,17650,TX,WSC,TRE,NAICS-22 Non-Cogen,22,WT,373278.0,2024
60503,Crowned Ridge Wind Energy Center,"Crowned Ridge Wind, LLC",61416,SD,WNC,MRO,NAICS-22 Non-Cogen,22,WT,762363.0,2024
60504,Blazing Star Wind Farm 1,Northern States Power Co - Minnesota,13781,MN,WNC,MRO,Electric Utility,22,WT,817108.0,2024
60505,Crocker Wind Farm,"Crocker Wind Farm, LLC",60290,SD,WNC,MRO,NAICS-22 Non-Cogen,22,WT,804559.0,2024
60541,Wind GEM,"Wind GEM, LLC",60302,IA,WNC,MRO,NAICS-22 Non-Cogen,22,WT,5127.0,2024
60545,"Grant Plains Wind, LLC",Southern Power Co,17650,OK,WSC,MRO,NAICS-22 Non-Cogen,22,WT,536040.0,2024
60551,Big Level Wind,Big Level Wind LLC,60328,PA,MAT,RFC,NAICS-22 Non-Cogen,22,WT,253419.0,2024
60574,"Great Western Wind Energy, LLC","EDF Renewable Asset Holdings, Inc.",57170,OK,WSC,MRO,NAICS-22 Non-Cogen,22,WT,947634.0,2024
60587,Kelly Creek Wind Project,"EDF Renewable Asset Holdings, Inc.",57170,IL,ENC,RFC,NAICS-22 Non-Cogen,22,WT,650922.0,2024
60592,Rush Springs Wind,Rush Springs Wind Project,60819,OK,WSC,MRO,NAICS-22 Non-Cogen,22,WT,929754.0,2024
60594,Voyager Wind I,Terra-Gen Operating Co-Wind,2770,CA,PACC,WECC,NAICS-22 Non-Cogen,22,WT,392765.0,2024
60596,Baron Winds Farm,"Big Sky Wind, LLC",56215,NY,MAT,NPCC,NAICS-22 Non-Cogen,22,WT,343761.0,2024
60619,Rush Creek Wind,Public Service Co of Colorado,15466,CO,MTN,WECC,Electric Utility,22,WT,2254445.0,2024
60620,"Ninnescah Wind Energy, LLC",Ninnescah Wind Energy LLC,60364,KS,WNC,MRO,NAICS-22 Non-Cogen,22,WT,806134.0,2024
60639,Kingman Wind,"Kingman Wind Energy, LLC",60371,KS,WNC,MRO,NAICS-22 Non-Cogen,22,WT,804147.0,2024
60645,"Javelina Wind Energy II, LLC","Javelina Wind Energy II, LLC",60384,TX,WSC,TRE,NAICS-22 Non-Cogen,22,WT,688666.0,2024
60655,Rock Creek Wind Project,"Enel Green Power NA, Inc.",59380,MO,WNC,MRO,NAICS-22 Non-Cogen,22,WT,1081630.0,2024
60657,"Salt Fork Wind Project, LLC",Southern Power Co,17650,TX,WSC,TRE,NAICS-22 Non-Cogen,22,WT,705146.0,2024
60672,Osborn Wind Energy,Osborn Wind Energy LLC,60397,MO,WNC,MRO,NAICS-22 Non-Cogen,22,WT,699048.0,2024
60687,"Cimarron Bend Wind Project I, LLC","Cimarron Bend Wind Project I, LLC",60406,KS,WNC,MRO,NAICS-22 Non-Cogen,22,WT,860688.0,2024
60688,"Cimarron Bend Wind Project II, LLC","Cimarron Bend Wind Project II, LLC",60407,KS,WNC,MRO,NAICS-22 Non-Cogen,22,WT,793211.0,2024
60689,Western Plains Wind Farm,"Evergy Kansas Central, Inc",22500,KS,WNC,MRO,Electric Utility,22,WT,1146666.0,2024
60700,Wind Colebrook South,Wind Colebrook South,60430,CT,NEW,NPCC,NAICS-22 Non-Cogen,22,WT,10450.0,2024
60743,"Rattlesnake Power, LLC","Rattlesnake Power, LLC",60443,TX,WSC,TRE,NAICS-22 Non-Cogen,22,WT,547697.0,2024
60856,Astra Wind Farm,Astra Wind LLC,60515,TX,WSC,TRE,NAICS-22 Non-Cogen,22,WT,583823.0,2024
60873,Prairie Wind Farm,MidAmerican Energy Co,12341,IA,WNC,MRO,Electric Utility,22,WT,594989.0,2024
60883,"Deerfield Wind Energy, LLC","Deerfield Wind Energy, LLC",60537,MI,ENC,RFC,NAICS-22 Non-Cogen,22,WT,504856.0,2024
60901,Willow Springs Wind Farm,"Willow Springs Windfarm, LLC",60542,TX,WSC,TRE,NAICS-22 Non-Cogen,22,WT,881340.0,2024
60902,Dermott Wind,"Dermott Wind, LLC",60543,TX,WSC,TRE,NAICS-22 Non-Cogen,22,WT,905076.0,2024
60905,"Oliver Wind III, LLC","Oliver Wind III, LLC",60562,ND,WNC,MRO,NAICS-22 Non-Cogen,22,WT,416948.0,2024
60911,Green Energy Machine,"Green Energy Machine, LLC",60567,IA,WNC,MRO,NAICS-22 Non-Cogen,22,WT,6706.0,2024
60931,CCC Hastings Wind Turbine,"CCC Hastings Renewable Energy, LLC",60578,NE,WNC,MRO,NAICS-22 Non-Cogen,22,WT,6637.0,2024
60932,Creston Ridge Wind Farm,"Creston Ridge, LLC",60577,NE,WNC,MRO,NAICS-22 Non-Cogen,22,WT,24342.0,2024
60983,Buckthorn Wind,"Buckthorn Wind Project, LLC",60617,TX,WSC,TRE,NAICS-22 Non-Cogen,22,WT,357678.0,2024
60987,Santa Rita Wind Energy,"BHE Renewables, LLC",59359,TX,WSC,TRE,NAICS-22 Non-Cogen,22,WT,1227521.0,2024
60991,Sterling I Wind Farm,AEM Wind LLC,60634,NM,MTN,MRO,NAICS-22 Non-Cogen,22,WT,117535.0,2024
60999,Reading Wind Project,Southern Power Co,17650,KS,WNC,MRO,NAICS-22 Non-Cogen,22,WT,673716.0,2024
61001,Cactus Flats Wind Energy Project,Southern Power Co,17650,TX,WSC,TRE,NAICS-22 Non-Cogen,22,WT,455798.0,2024
61002,"WED Portsmouth One, LLC",Greenbacker Renewable Energy Corporation,60025,RI,NEW,NPCC,NAICS-22 Non-Cogen,22,WT,4268.0,2024
61004,Whirlpool Corporation - Ottawa Wind Farm,OEE XXIV LLC,60644,OH,ENC,RFC,Industrial NAICS Non-Cogen,335,WT,1877.0,2024
61005,Whirlpool Corporation - Marion Wind Farm,OEE XXIII LLC,60645,OH,ENC,RFC,Industrial NAICS Non-Cogen,335,WT,5652.0,2024
61032,Heart of Texas Wind Project,Scout Clean Energy LLC,63074,TX,WSC,TRE,NAICS-22 Non-Cogen,22,WT,595795.0,2024
61039,Deerfield Wind LLC,Avangrid Power LLC,15399,VT,NEW,NPCC,NAICS-22 Non-Cogen,22,WT,86538.0,2024
61040,Twin Buttes II Wind,Avangrid Power LLC,15399,CO,MTN,WECC,NAICS-22 Non-Cogen,22,WT,295672.0,2024
61041,"Roaring Brook, LLC",Avangrid Power LLC,15399,NY,MAT,NPCC,NAICS-22 Non-Cogen,22,WT,163074.0,2024
61044,La Joya NM,Avangrid Power LLC,15399,NM,MTN,WECC,NAICS-22 Non-Cogen,22,WT,990351.0,2024
61046,Tatanka Ridge,Tatanka Ridge LLC,63897,SD,WNC,MRO,NAICS-22 Non-Cogen,22,WT,598191.0,2024
61047,Coyote Ridge,Coyote Ridge LLC,63083,SD,WNC,MRO,NAICS-22 Non-Cogen,22,WT,393219.0,2024
61056,Seward Wind Farm,Seward Wind LLC,61275,NE,WNC,MRO,NAICS-22 Non-Cogen,22,WT,7283.0,2024
61066,Foundation CDCR LAC,"Foundation CA Fund VIII Manager, LLC",60690,CA,PACC,WECC,NAICS-22 Non-Cogen,22,WT,4675.0,2024
61067,Foundation Scheid Vineyards,"Foundation CA Fund VIII Manager, LLC",60690,CA,PACC,WECC,NAICS-22 Non-Cogen,22,WT,3912.0,2024
61070,Saratoga Wind Farm,Madison Gas & Electric Co,11479,IA,WNC,MRO,Electric Utility,22,WT,281930.0,2024
61077,Orient Wind Farm,MidAmerican Energy Co,12341,IA,WNC,MRO,Electric Utility,22,WT,1806036.0,2024
61079,Beaver Creek Wind,MidAmerican Energy Co,12341,IA,WNC,MRO,Electric Utility,22,WT,1371484.0,2024
61100,"Burke Wind, LLC",Burke Wind LLC,60714,ND,WNC,MRO,NAICS-22 Non-Cogen,22,WT,796317.0,2024
61106,Pine River Wind Park,DTE Electric Company,5109,MI,ENC,RFC,Electric Utility,22,WT,336678.0,2024
61155,Big Timber Wind Farm,Consolidated Edison Development Inc.,56769,MT,MTN,WECC,NAICS-22 Non-Cogen,22,WT,72169.0,2024
61161,Harvest Ridge Wind Farm,Harvest Ridge Wind Farm,60719,IL,ENC,SERC,NAICS-22 Non-Cogen,22,WT,747181.0,2024
61212,Flat Top Wind I,"BHE Renewables, LLC",59359,TX,WSC,TRE,NAICS-22 Non-Cogen,22,WT,742606.0,2024
61221,Redbed Plains Wind Farm,Redbed Plains Wind Farm LLC,60859,OK,WSC,MRO,NAICS-22 Non-Cogen,22,WT,368107.0,2024
61222,Golden Hills North Wind Energy Center,"Golden Hills Interconnection Wind, LLC",60811,CA,PACC,WECC,NAICS-22 Non-Cogen,22,WT,128642.0,2024
61261,Rock Falls Wind Farm LLC,Public Service Co of Oklahoma,15474,OK,WSC,MRO,Electric Utility,22,WT,535947.0,2024
61269,Thunder Ranch Wind Project,"Thunder Ranch Wind Project, LLC",60881,OK,WSC,MRO,NAICS-22 Non-Cogen,22,WT,1026182.0,2024
61270,Red Dirt Wind Project,"Red Dirt Wind Project, LLC",60882,OK,WSC,MRO,NAICS-22 Non-Cogen,22,WT,763262.0,2024
61303,Bluff Point Wind Facility,"Bluff Point Wind, LLC",60944,IN,ENC,RFC,NAICS-22 Non-Cogen,22,WT,371124.0,2024
61330,Hog Creek Wind Project,Hog Creek Wind Project LLC,60969,OH,ENC,RFC,NAICS-22 Non-Cogen,22,WT,198986.0,2024
61343,Karankawa Wind LLC,Avangrid Power LLC,15399,TX,WSC,TRE,NAICS-22 Non-Cogen,22,WT,790608.0,2024
61344,Otter Creek Wind Farm LLC,Avangrid Power LLC,15399,IL,ENC,RFC,NAICS-22 Non-Cogen,22,WT,471039.0,2024
61356,Valfilm Wind Project,OEE XXV LLC,60996,OH,ENC,RFC,Industrial NAICS Non-Cogen,325211,WT,3572.0,2024
61357,Red Pine Wind Project,"EDF Renewable Asset Holdings, Inc.",57170,MN,WNC,MRO,NAICS-22 Non-Cogen,22,WT,703986.0,2024
61402,Foard City Wind,"Foard City Wind, LLC",61037,TX,WSC,TRE,NAICS-22 Non-Cogen,22,WT,1150962.0,2024
61407,Cottonwood Wind Energy Center,Cottonwood Wind Project,61042,NE,WNC,MRO,NAICS-22 Non-Cogen,22,WT,410585.0,2024
61417,Gopher Creek Wind Farm,Fluvanna Wind Energy LLC,61054,TX,WSC,TRE,NAICS-22 Non-Cogen,22,WT,578682.0,2024
61442,Foundation California Training Facility,"Foundation CA Fund IX Manager, LLC",61070,CA,PACC,WECC,NAICS-22 Non-Cogen,22,WT,5420.0,2024
61443,Foundation Mann Packing,"Foundation CA Fund IX Manager, LLC",61070,CA,PACC,WECC,NAICS-22 Non-Cogen,22,WT,5608.0,2024
61444,Foundation SaIinas Valley State Prison,"Foundation CA Fund IX Manager, LLC",61070,CA,PACC,WECC,NAICS-22 Non-Cogen,22,WT,4756.0,2024
61540,Fort Hays State University Wind Farm,Fort Hays State University,61149,KS,WNC,MRO,Commercial NAICS Non-Cogen,611,WT,12744.0,2024
61564,Upland Prairie,Interstate Power and Light Co,9417,IA,WNC,MRO,Electric Utility,22,WT,1091512.0,2024
61565,English Farms,Interstate Power and Light Co,9417,IA,WNC,MRO,Electric Utility,22,WT,589377.0,2024
61582,Voyager Wind II,Terra-Gen Operating Co-Wind,2770,CA,PACC,WECC,NAICS-22 Non-Cogen,22,WT,506670.0,2024
61583,Voyager Wind III,Terra-Gen Operating Co-Wind,2770,CA,PACC,WECC,NAICS-22 Non-Cogen,22,WT,151424.0,2024
61584,Voyager Wind IV,Terra-Gen Operating Co-Wind,2770,CA,PACC,WECC,NAICS-22 Non-Cogen,22,WT,80882.0,2024
61589,UL Advanced Wind Turbine Test Facility,West Texas A&M University,61188,TX,WSC,MRO,Commercial NAICS Non-Cogen,611,WT,8803.0,2024
61609,"Heartland Divide Wind Project, LLC","Heartland Divide Wind Project, LLC",61214,IA,WNC,MRO,NAICS-22 Non-Cogen,22,WT,434164.0,2024
61638,Turtle Creek Wind Farm LLC,Turtle Creek Wind Farm LLC,61330,IA,WNC,MRO,NAICS-22 Non-Cogen,22,WT,734625.0,2024
61644,August Wind Farm,"August Wind Energy, LLC",61254,IA,WNC,MRO,NAICS-22 Non-Cogen,22,WT,6463.0,2024
61650,Blazing Star 2 Wind Farm,Northern States Power Co - Minnesota,13781,MN,WNC,MRO,Electric Utility,22,WT,826752.0,2024
61660,Whirlpool Corp-Greenville Wind Farm,OEE XXVI LLC,61278,OH,ENC,RFC,NAICS-22 Non-Cogen,22,WT,6411.0,2024
61668,"Creston Ridge II, LLC","Creston Ridge II, LLC",61280,NE,WNC,MRO,NAICS-22 Non-Cogen,22,WT,28868.0,2024
61673,Arkwright Summit Wind Farm LLC,Arkwright Summit Wind Farm LLC,58261,NY,MAT,NPCC,NAICS-22 Non-Cogen,22,WT,229819.0,2024
61674,Wildcat Ranch Wind Project,"Wildcat Ranch Wind Project, LLC",61291,TX,WSC,MRO,NAICS-22 Non-Cogen,22,WT,690705.0,2024
61677,Perennial Windfarm,"Perennial Wind, LLC",61288,NE,WNC,MRO,NAICS-22 Non-Cogen,22,WT,29912.0,2024
61734,Seneca Nation Cattaraugus Wind Turbine,Seneca Nation,61363,NY,MAT,NPCC,Commercial NAICS Non-Cogen,441,WT,2767.0,2024
61735,Hilltopper Wind Project,"Hilltopper Wind Project, LLC",61365,IL,ENC,SERC,NAICS-22 Non-Cogen,22,WT,532072.0,2024
61745,Aurora County Wind,Consolidated Edison Development Inc.,56769,SD,WNC,MRO,NAICS-22 Non-Cogen,22,WT,67148.0,2024
61746,Brule County Wind,Consolidated Edison Development Inc.,56769,SD,WNC,MRO,NAICS-22 Non-Cogen,22,WT,72478.0,2024
61747,"Foxtail Wind, LLC","Foxtail Wind, LLC",61374,ND,WNC,MRO,Electric Utility,22,WT,586882.0,2024
61756,Meadow Lake Wind Farm VI LLC,Meadow Lake Wind Farm VI LLC,61381,IN,ENC,RFC,NAICS-22 Non-Cogen,22,WT,665087.0,2024
61773,"Palmas Wind, LLC","Acciona Energy USA Global, LLC",57416,TX,WSC,TRE,NAICS-22 Non-Cogen,22,WT,320994.0,2024
61776,"Midway Wind, LLC","Midway Wind, LLC",61396,TX,WSC,TRE,NAICS-22 Non-Cogen,22,WT,398008.0,2024
61782,Live Oak Wind Project,Engie North America,56201,TX,WSC,TRE,NAICS-22 Non-Cogen,22,WT,746745.0,2024
61784,Upstream Wind Energy LLC,Invenergy Services LLC,49893,NE,WNC,MRO,NAICS-22 Non-Cogen,22,WT,774381.0,2024
61787,Bishop Hill III,Invenergy Services LLC,49893,IL,ENC,SERC,NAICS-22 Non-Cogen,22,WT,446670.0,2024
61788,Hilltop Power,"Hilltop Power, LLC",61415,MN,WNC,MRO,NAICS-22 Non-Cogen,22,WT,4089.0,2024
61789,"Diamond Vista Wind Project, LLC","Enel Green Power Diamond Vista Wind Project, LLC",61413,KS,WNC,MRO,NAICS-22 Non-Cogen,22,WT,981741.0,2024
61836,"Minco Wind IV, LLC","Minco Wind IV, LLC",61458,OK,WSC,MRO,NAICS-22 Non-Cogen,22,WT,388330.0,2024
61858,"Stillwater Wind, LLC",Pattern Operators LP,56545,MT,MTN,WECC,NAICS-22 Non-Cogen,22,WT,274800.0,2024
61865,"Rio Bravo Windpower, LLC","Rio Bravo Windpower, LLC",61485,TX,WSC,TRE,NAICS-22 Non-Cogen,22,WT,398563.0,2024
61866,Wildhorse Mountain Wind Facility,Southern Power Co,17650,OK,WSC,MRO,NAICS-22 Non-Cogen,22,WT,420474.0,2024
61876,"Persimmon Creek Wind Farm 1, LLC","Evergy Kansas Central, Inc",22500,OK,WSC,MRO,Electric Utility,22,WT,876145.0,2024
61889,Sholes Wind Energy Center,"Sholes Wind Energy Center, LLC",61502,NE,WNC,MRO,NAICS-22 Non-Cogen,22,WT,711599.0,2024
61911,Ivester Wind Farm,MidAmerican Energy Co,12341,IA,WNC,MRO,Electric Utility,22,WT,340736.0,2024
61916,Pegasus Wind,"Pegasus Wind, LLC",61521,MI,ENC,RFC,NAICS-22 Non-Cogen,22,WT,383901.0,2024
61921,Tahoka Wind,"Tahoka Wind, LLC",61527,TX,WSC,TRE,NAICS-22 Non-Cogen,22,WT,1139020.0,2024
61925,Casa Mesa Wind Energy Center Hybrid,"Casa Mesa Wind, LLC",61531,NM,MTN,WECC,NAICS-22 Non-Cogen,22,WT,182333.0,2024
61926,"Armadillo Flats Wind Project, LLC","Armadillo Flats Wind Project, LLC",61530,OK,WSC,MRO,NAICS-22 Non-Cogen,22,WT,913976.0,2024
61957,"Pratt Wind, LLC","Pratt Wind, LLC",61537,KS,WNC,MRO,NAICS-22 Non-Cogen,22,WT,935914.0,2024
61969,"Torrecillas Wind Energy, LLC","Torrecillas Wind Energy, LLC",61562,TX,WSC,TRE,NAICS-22 Non-Cogen,22,WT,945143.0,2024
61970,Blue Summit II Wind,"Blue Summit II Wind, LLC",61563,TX,WSC,TRE,NAICS-22 Non-Cogen,22,WT,373636.0,2024
61984,"Solomon Forks Wind Project, LLC",Engie North America,56201,KS,WNC,MRO,NAICS-22 Non-Cogen,22,WT,1086980.0,2024
61990,TAC-Distributed Energy Resource Hybrid,Ameren Illinois,61576,IL,ENC,SERC,Electric Utility,22,WT,111.0,2024
62035,Glaciers Edge Wind Project,"EDF Renewable Asset Holdings, Inc.",57170,IA,WNC,MRO,NAICS-22 Non-Cogen,22,WT,865127.0,2024
62038,Santa Rita East,Invenergy Services LLC,49893,TX,WSC,TRE,NAICS-22 Non-Cogen,22,WT,1188864.0,2024
62079,Whispering Willow North,Interstate Power and Light Co,9417,IA,WNC,MRO,Electric Utility,22,WT,795509.0,2024
62080,Richland (IA),Interstate Power and Light Co,9417,IA,WNC,MRO,Electric Utility,22,WT,512433.0,2024
62081,Golden Plains,Interstate Power and Light Co,9417,IA,WNC,MRO,Electric Utility,22,WT,745896.0,2024
62103,Kossuth,Wisconsin Power & Light Co,20856,IA,WNC,MRO,Electric Utility,22,WT,536780.0,2024
62106,"WED Green Hill, LLC","WED Green Hill, LLC",61648,RI,NEW,NPCC,NAICS-22 Non-Cogen,22,WT,6269.0,2024
62107,"WED Plainfield II, LLC","WED Plainfield II, LLC",61649,RI,NEW,NPCC,NAICS-22 Non-Cogen,22,WT,5853.0,2024
62108,"WED Plainfield III, LLC","WED Plainfield III, LLC",61650,RI,NEW,NPCC,NAICS-22 Non-Cogen,22,WT,6117.0,2024
62109,"WED Plainfield, LLC","WED Plainfield, LLC",61651,RI,NEW,NPCC,NAICS-22 Non-Cogen,22,WT,6044.0,2024
62110,"WED Shun I, LLC","WED Shun I, LLC",61652,RI,NEW,NPCC,NAICS-22 Non-Cogen,22,WT,6327.0,2024
62111,"WED Shun II, LLC","WED Shun II, LLC",61653,RI,NEW,NPCC,NAICS-22 Non-Cogen,22,WT,6461.0,2024
62112,"WED Shun III, LLC","WED Shun III, LLC",61654,RI,NEW,NPCC,NAICS-22 Non-Cogen,22,WT,6639.0,2024
62113,Strauss Wind Farm,Strauss Wind LLC,61668,CA,PACC,WECC,NAICS-22 Non-Cogen,22,WT,229738.0,2024
62130,Roseman,"Roseman Energy, LLC",61676,IA,WNC,MRO,NAICS-22 Non-Cogen,22,WT,7239.0,2024
62132,Arbor Hill Wind Farm,MidAmerican Energy Co,12341,IA,WNC,MRO,Electric Utility,22,WT,1128089.0,2024
62133,North English,MidAmerican Energy Co,12341,IA,WNC,MRO,Electric Utility,22,WT,1337082.0,2024
62142,Amadeus Wind Farm,Amadeus Wind LLC,61683,TX,WSC,TRE,NAICS-22 Non-Cogen,22,WT,753164.0,2024
62161,Galactic Wind,Galactic Wind,61667,WI,ENC,MRO,Commercial NAICS Non-Cogen,519,WT,22044.0,2024
62172,Birch,Birch Power LLC,61706,IA,WNC,MRO,NAICS-22 Non-Cogen,22,WT,6850.0,2024
62207,Reloj del Sol Wind Farm,Reloj del Sol Wind Farm LLC,61727,TX,WSC,TRE,NAICS-22 Non-Cogen,22,WT,308302.0,2024
62220,"East Fork Wind Project, LLC",Engie North America,56201,KS,WNC,MRO,NAICS-22 Non-Cogen,22,WT,724987.0,2024
62227,"Seymour Hills Wind Project, LLC",Engie North America,56201,TX,WSC,TRE,NAICS-22 Non-Cogen,22,WT,129914.0,2024
62247,Prevailing Wind Park,AES Distributed Energy,61012,SD,WNC,MRO,NAICS-22 Non-Cogen,22,WT,871801.0,2024
62258,Mesteno,Duke Energy Renewables Services,65411,TX,WSC,TRE,NAICS-22 Non-Cogen,22,WT,460065.0,2024
62259,Ranchero Wind Farm LLC,Ranchero Wind Farm LLC,61771,TX,WSC,TRE,NAICS-22 Non-Cogen,22,WT,1167696.0,2024
62269,"Stoneray Power Partners, LLC","EDF Renewable Asset Holdings, Inc.",57170,MN,WNC,MRO,NAICS-22 Non-Cogen,22,WT,320576.0,2024
62290,Polaris Wind Park,DTE Electric Company,5109,MI,ENC,RFC,Electric Utility,22,WT,425113.0,2024
62291,"Palmer's Creek Wind Farm, LLC","Palmer's Creek Wind Farm, LLC",61815,MN,WNC,MRO,NAICS-22 Non-Cogen,22,WT,125511.0,2024
62333,"Polk County Renewables, LLC","Polk County Renewables, LLC",61845,NE,WNC,MRO,NAICS-22 Non-Cogen,22,WT,11574.0,2024
62356,Lockett Windfarm,"Lockett Windfarm, LLC",61886,TX,WSC,TRE,NAICS-22 Non-Cogen,22,WT,723285.0,2024
62364,Nobles 2 Wind Project,"Nobles 2 Power Partners, LLC",61890,MN,WNC,MRO,NAICS-22 Non-Cogen,22,WT,978793.0,2024
62380,"Emmons-Logan Wind, LLC","Emmons-Logan Wind, LLC",61915,ND,WNC,MRO,NAICS-22 Non-Cogen,22,WT,887238.0,2024
62411,Griffin Trail Wind,"Griffin Trail Wind, LLC",61942,TX,WSC,TRE,NAICS-22 Non-Cogen,22,WT,724619.0,2024
62416,Cranell Wind Farm LLC,"Big Sky Wind, LLC",56215,TX,WSC,TRE,NAICS-22 Non-Cogen,22,WT,582851.0,2024
62417,Peyton Creek Wind Farm LLC,"Big Sky Wind, LLC",56215,TX,WSC,TRE,NAICS-22 Non-Cogen,22,WT,392356.0,2024
62431,Willow Creek Wind Power LLC,Willow Creek Wind Power LLC,61981,SD,WNC,MRO,NAICS-22 Non-Cogen,22,WT,372828.0,2024
62442,"Lake Region Community Hybrid, LLC","Lake Region Community Hybrid, LLC",61893,MN,WNC,MRO,NAICS-22 Non-Cogen,22,WT,7988.0,2024
62445,Busch Ranch II Wind Farm,Black Hills Electric Generation LLC,61973,CO,MTN,WECC,NAICS-22 Non-Cogen,22,WT,177661.0,2024
62475,Kings Point Wind Energy Center,Empire District Electric Co,5860,MO,WNC,MRO,Electric Utility,22,WT,573205.0,2024
62478,North Fork Ridge Wind Energy Center,Empire District Electric Co,5860,MO,WNC,MRO,Electric Utility,22,WT,523507.0,2024
62481,Neosho Ridge Wind Energy Center,Empire District Electric Co,5860,KS,WNC,MRO,Electric Utility,22,WT,1263181.0,2024
62482,Beech Ridge II Wind Energy Center,Southern Power Co,17650,WV,SAT,RFC,NAICS-22 Non-Cogen,22,WT,138588.0,2024
62488,Prairie Queen Wind Farm,Prairie Queen Wind Farm LLC,62010,KS,WNC,MRO,NAICS-22 Non-Cogen,22,WT,604370.0,2024
62489,Crossing Trails Wind Power Project LLC.,EDP Renewables North America LLC,61785,CO,MTN,WECC,NAICS-22 Non-Cogen,22,WT,420001.0,2024
62494,Skeleton Creek Energy Center Hybrid,Skeleton Creek Energy Center,62023,OK,WSC,MRO,NAICS-22 Non-Cogen,22,WT,971526.0,2024
62516,TB Flats,PacifiCorp,14354,WY,MTN,WECC,Electric Utility,22,WT,1382056.0,2024
62562,"High Lonesome Wind Power, LLC Hybrid","High Lonesome Wind Power, LLC",62046,TX,WSC,TRE,NAICS-22 Non-Cogen,22,WT,1183711.0,2024
62563,High Prairie Wind Farm,Union Electric Co - (MO),19436,MO,WNC,SERC,Electric Utility,22,WT,648681.0,2024
62566,Blue Summit III Wind,"Blue Summit III Wind, LLC",62063,TX,WSC,TRE,NAICS-22 Non-Cogen,22,WT,733276.0,2024
62570,Jiminy Peak Wind QF,"Jiminy Peak Mountain Resort, LLC",62069,MA,NEW,NPCC,Commercial NAICS Non-Cogen,721,WT,0.0,2024
62587,Mesquite Star,Mesquite Star Special LLC,62085,TX,WSC,TRE,NAICS-22 Non-Cogen,22,WT,1186645.0,2024
62591,Ekola Flats,PacifiCorp,14354,WY,MTN,WECC,Electric Utility,22,WT,748141.0,2024
62592,Headwaters Wind Farm II LLC,EDP Renewables North America LLC,61785,IN,ENC,RFC,NAICS-22 Non-Cogen,22,WT,552565.0,2024
62606,Whitney Hill Wind Power LLC,Whitney Hill Wind Power LLC,62103,IL,ENC,SERC,NAICS-22 Non-Cogen,22,WT,162658.0,2024
62618,Hidalgo Wind Farm II,Hidalgo Wind Farm II LLC,62106,TX,WSC,TRE,NAICS-22 Non-Cogen,22,WT,134581.0,2024
62620,Sage Draw Wind,"Sage Draw Wind, LLC",62113,TX,WSC,TRE,NAICS-22 Non-Cogen,22,WT,1187757.0,2024
62624,"White Cloud Wind Project, LLC","White Cloud Wind Project, LLC",62079,MO,WNC,MRO,NAICS-22 Non-Cogen,22,WT,863371.0,2024
62630,Jumbo Hill Wind Project,Engie North America,56201,TX,WSC,TRE,NAICS-22 Non-Cogen,22,WT,593769.0,2024
62642,GE-Lubbock,GE Wind Energy LLC,58270,TX,WSC,MRO,NAICS-22 Non-Cogen,22,WT,1852.0,2024
62653,Zephyr Wind Project - 2.0,OEE XXX LLC,62128,OH,ENC,RFC,Industrial NAICS Non-Cogen,332,WT,3882.0,2024
62654,Foundation Dole Fresh Vegetables,Foundation CA Fund X Manager LLC,62130,CA,PACC,WECC,NAICS-22 Non-Cogen,22,WT,17084.0,2024
62711,Plum Creek Wind Project (NE),"Plum Creek Wind, LLC",62633,NE,WNC,MRO,NAICS-22 Non-Cogen,22,WT,835772.0,2024
62715,Wildcat Creek Wind Farm LLC,Wildcat Creek Wind Farm LLC,62635,TX,WSC,TRE,NAICS-22 Non-Cogen,22,WT,544395.0,2024
62736,Harbec Energy,Harbec Energy,62657,NY,MAT,NPCC,Industrial NAICS Cogen,326,WT,16.0,2024
62745,Wheatridge Hybrid,"Wheatridge Wind Holdings, LLC",62668,OR,PACC,WECC,NAICS-22 Non-Cogen,22,WT,616871.0,2024
62752,LafargeHolcim - Paulding Wind Project,OEE XXVIII LLC,62644,OH,ENC,RFC,Industrial NAICS Non-Cogen,32731,WT,5652.0,2024
62765,El Campo Wind,"El Campo Wind, LLC (Longroad)",65905,TX,WSC,TRE,NAICS-22 Non-Cogen,22,WT,767796.0,2024
62783,Blackjack Creek Wind Farm,"Big Sky Wind, LLC",56215,TX,WSC,TRE,NAICS-22 Non-Cogen,22,WT,524585.0,2024
62795,Ida Grove II,MidAmerican Energy Co,12341,IA,WNC,MRO,Electric Utility,22,WT,734514.0,2024
62809,BMP Wind (TX),BMP Wind LLC,62659,TX,WSC,TRE,NAICS-22 Non-Cogen,22,WT,690212.0,2024
62815,Fairbanks Wind Park,DTE Electric Company,5109,MI,ENC,RFC,Electric Utility,22,WT,205754.0,2024
62836,Maryneal Windpower,Duke Energy Renewables Services,65411,TX,WSC,TRE,NAICS-22 Non-Cogen,22,WT,570140.0,2024
62837,Frontier Windpower II,Duke Energy Renewables Services,65411,OK,WSC,MRO,NAICS-22 Non-Cogen,22,WT,608188.0,2024
62840,"Mountain Breeze Wind, LLC","Leeward Asset Management, LLC",50123,CO,MTN,WECC,NAICS-22 Non-Cogen,22,WT,547237.0,2024
62853,Maverick Creek Wind,Algonquin Power Co,59050,TX,WSC,TRE,NAICS-22 Non-Cogen,22,WT,1366201.0,2024
62855,West Raymond Wind Farm LLC,"Big Sky Wind, LLC",56215,TX,WSC,TRE,NAICS-22 Non-Cogen,22,WT,712924.0,2024
62857,RoxWind,RoxWind LLC,62743,ME,NEW,NPCC,NAICS-22 Non-Cogen,22,WT,35811.0,2024
62871,Boiling Springs Wind Farm,"Big Sky Wind, LLC",56215,OK,WSC,MRO,NAICS-22 Non-Cogen,22,WT,620479.0,2024
62891,Rosewater Wind Farm,Rosewater Wind Farm LLC,62761,IN,ENC,RFC,NAICS-22 Non-Cogen,22,WT,314820.0,2024
62897,Holiday Hill Community Wind,Greenbacker Renewable Energy Corporation,60025,MA,NEW,NPCC,NAICS-22 Non-Cogen,22,WT,10144.0,2024
62909,"Raymond Wind Farm, LLC","Big Sky Wind, LLC",56215,TX,WSC,TRE,NAICS-22 Non-Cogen,22,WT,613751.0,2024
62935,"Orchard Windfarm 1, LLC","Orchard Windfarm, LLC",62758,OR,PACC,WECC,NAICS-22 Non-Cogen,22,WT,29851.0,2024
62936,Rattlesnake Flat,"Rattlesnake Flat, LLC",62778,WA,PACC,WECC,NAICS-22 Non-Cogen,22,WT,415933.0,2024
62938,Glen Ullin Energy Center,ALLETE Clean Energy,59496,ND,WNC,MRO,NAICS-22 Non-Cogen,22,WT,432983.0,2024
62939,South Peak Wind,ALLETE Clean Energy,59496,MT,MTN,WECC,NAICS-22 Non-Cogen,22,WT,258911.0,2024
62943,Deuel Harvest Wind Energy LLC,Southern Power Co,17650,SD,WNC,MRO,NAICS-22 Non-Cogen,22,WT,1031431.0,2024
62944,Timber Road IV,Paulding Wind Farm IV LLC,62796,OH,ENC,RFC,NAICS-22 Non-Cogen,22,WT,381635.0,2024
62952,Cheyenne Ridge Wind Farm,Public Service Co of Colorado,15466,CO,MTN,WECC,Electric Utility,22,WT,1869095.0,2024
62956,Thunderhead Wind Energy LLC,Invenergy Services LLC,49893,NE,WNC,MRO,NAICS-22 Non-Cogen,22,WT,1178866.0,2024
63003,Midland Wind,Avangrid Power LLC,15399,IL,ENC,SERC,NAICS-22 Non-Cogen,22,WT,324264.0,2024
63025,Clear Creek Wind,"Clear Creek Wind, LLC",62855,MO,WNC,MRO,NAICS-22 Non-Cogen,22,WT,566783.0,2024
63030,"Canadian Breaks, LLC",Canadian Breaks LLC,64495,TX,WSC,TRE,NAICS-22 Non-Cogen,22,WT,865861.0,2024
63053,Palo Alto Wind Farm,MidAmerican Energy Co,12341,IA,WNC,MRO,Electric Utility,22,WT,1508664.0,2024
63100,Prairie Hill Wind Project,Engie North America,56201,TX,WSC,TRE,NAICS-22 Non-Cogen,22,WT,194016.0,2024
63101,Las Lomas Wind Project,Engie North America,56201,TX,WSC,TRE,NAICS-22 Non-Cogen,22,WT,520768.0,2024
63102,Dakota Range III Wind Project,Engie North America,56201,SD,WNC,MRO,NAICS-22 Non-Cogen,22,WT,494767.0,2024
63103,Triple H Wind Project,Engie North America,56201,SD,WNC,MRO,NAICS-22 Non-Cogen,22,WT,968341.0,2024
63104,King Plains Wind Project,Engie North America,56201,OK,WSC,MRO,NAICS-22 Non-Cogen,22,WT,732573.0,2024
63114,Mohave County Wind Farm,Mohave County Wind Farm,62916,AZ,MTN,WECC,NAICS-22 Non-Cogen,22,WT,972758.0,2024
63132,Weaver Wind,"Weaver Wind, LLC (Longroad)",65906,ME,NEW,NPCC,NAICS-22 Non-Cogen,22,WT,207705.0,2024
63133,Roundhouse Wind Energy Project,"Roundhouse Renewable Energy, LLC",62913,WY,MTN,WECC,NAICS-22 Non-Cogen,22,WT,845895.0,2024
63205,Skookumchuck Wind Facility,Southern Power Co,17650,WA,PACC,WECC,NAICS-22 Non-Cogen,22,WT,416926.0,2024
63209,Aviator Wind,"Aviator Wind, LLC",62993,TX,WSC,TRE,NAICS-22 Non-Cogen,22,WT,1785531.0,2024
63251,"Lone Tree Wind, LLC","Leeward Asset Management, LLC",50123,IL,ENC,RFC,NAICS-22 Non-Cogen,22,WT,296120.0,2024
63258,Aurora Wind Project,"Aurora Wind Project, LLC",63021,ND,WNC,MRO,NAICS-22 Non-Cogen,22,WT,993053.0,2024
63269,Crowned Ridge Wind II Energy Center,Northern States Power Co - Minnesota,13781,SD,WNC,MRO,Electric Utility,22,WT,834567.0,2024
63287,Cerro Gordo Wind Farm,Cerro Gordo Wind Farm,63072,IA,WNC,MRO,NAICS-22 Non-Cogen,22,WT,176054.0,2024
63327,"Diamond Spring, LLC",ALLETE Clean Energy,59496,OK,WSC,MRO,NAICS-22 Non-Cogen,22,WT,683917.0,2024
63384,Bennington Wind,Minonk Stewardship Wind LLC,63139,IL,ENC,SERC,NAICS-22 Non-Cogen,22,WT,304408.0,2024
63389,"Jordan Creek Wind Farm, LLC","Jordan Creek Wind Farm, LLC",63128,IN,ENC,RFC,NAICS-22 Non-Cogen,22,WT,1260823.0,2024
63393,"Cuming County Renewables, LLC",Cuming County Renewables. LLC,63124,NE,WNC,MRO,NAICS-22 Non-Cogen,22,WT,8857.0,2024
63431,Cisco,ALLETE Clean Energy,59496,MN,WNC,MRO,NAICS-22 Non-Cogen,22,WT,9087.0,2024
63432,Lincoln Heights I,ALLETE Clean Energy,59496,MN,WNC,MRO,NAICS-22 Non-Cogen,22,WT,10048.0,2024
63433,Lincoln Heights II,ALLETE Clean Energy,59496,MN,WNC,MRO,NAICS-22 Non-Cogen,22,WT,6648.0,2024
63436,Corriedale Wind Energy,Black Hills Service Company LLC,56771,WY,MTN,WECC,Electric Utility,22,WT,209040.0,2024
63460,"Rock County Wind Fuel, LLC","Rock County Wind Fuel, LLC",63189,MN,WNC,MRO,NAICS-22 Non-Cogen,22,WT,20288.0,2024
63479,"Traverse Wind Project, LLC",Southwestern Electric Power Co,17698,OK,WSC,MRO,Electric Utility,22,WT,3246147.0,2024
63482,Point Wind,Terra-Gen Operating Co-Wind,2770,CA,PACC,WECC,NAICS-22 Non-Cogen,22,WT,239312.0,2024
63489,"Sundance Wind Project, LLC",Public Service Co of Oklahoma,15474,OK,WSC,MRO,Electric Utility,22,WT,640376.0,2024
63494,"Maverick Wind Project, LLC",Public Service Co of Oklahoma,15474,OK,WSC,MRO,Electric Utility,22,WT,896271.0,2024
63502,Oso Grande Wind Farm,Tucson Electric Power Co,24211,NM,MTN,WECC,Electric Utility,22,WT,709607.0,2024
63521,CED Mason City Wind,Consolidated Edison Development Inc.,56769,IA,WNC,MRO,NAICS-22 Non-Cogen,22,WT,23887.0,2024
63574,Atchison County Wind,Union Electric Co - (MO),19436,MO,WNC,MRO,Electric Utility,22,WT,930777.0,2024
63578,Sagamore Wind,Southwestern Public Service Co,17718,NM,MTN,MRO,Electric Utility,22,WT,2233070.0,2024
63590,Ponderosa Wind Energy Center,"Ponderosa Wind, LLC",63299,OK,WSC,MRO,NAICS-22 Non-Cogen,22,WT,958019.0,2024
63601,Isabella Wind Park,DTE Electric Company,5109,MI,ENC,RFC,Electric Utility,22,WT,884694.0,2024
63624,"La Chalupa, LLC","Acciona Energy USA Global, LLC",57416,TX,WSC,TRE,NAICS-22 Non-Cogen,22,WT,454315.0,2024
63639,Contrail Wind Farm,MidAmerican Energy Co,12341,IA,WNC,MRO,Electric Utility,22,WT,336617.0,2024
63640,Southern Hills Wind Farm,MidAmerican Energy Co,12341,IA,WNC,MRO,Electric Utility,22,WT,835927.0,2024
63641,Diamond Trail Wind Farm,MidAmerican Energy Co,12341,IA,WNC,MRO,Electric Utility,22,WT,843401.0,2024
63655,Coyote Wind LLC,"EDF Renewable Asset Holdings, Inc.",57170,TX,WSC,TRE,NAICS-22 Non-Cogen,22,WT,635337.0,2024
63666,"Bitter Ridge Wind Farm, LLC","Bitter Ridge Wind Farm, LLC",63373,IN,ENC,RFC,NAICS-22 Non-Cogen,22,WT,368488.0,2024
63686,Crescent Wind Park,Consumers Energy Co - (MI),4254,MI,ENC,RFC,Electric Utility,22,WT,368506.0,2024
63687,Gratiot Farms Wind Project,Consumers Energy Co - (MI),4254,MI,ENC,RFC,Electric Utility,22,WT,364502.0,2024
63689,Red Lake Falls Community Hybrid,Consolidated Edison Development Inc.,56769,MN,WNC,MRO,NAICS-22 Non-Cogen,22,WT,13271.0,2024
63710,Golden Hill Wind,Avangrid Power LLC,15399,OR,PACC,WECC,NAICS-22 Non-Cogen,22,WT,620776.0,2024
63738,Helena Wind,"Helena Wind, LLC",63437,TX,WSC,TRE,NAICS-22 Non-Cogen,22,WT,753511.0,2024
63739,Las Majadas Wind Farm,"Las Majadas Wind Farm, LLC",63431,TX,WSC,TRE,NAICS-22 Non-Cogen,22,WT,833731.0,2024
63803,"Bronco Plains Wind, LLC","Bronco Plains Wind, LLC",63487,CO,MTN,WECC,NAICS-22 Non-Cogen,22,WT,1093961.0,2024
63914,Cedar Springs I,"Cedar Springs Wind, LLC",63580,WY,MTN,WECC,NAICS-22 Non-Cogen,22,WT,749149.0,2024
63915,Cedar Springs II,PacifiCorp,14354,WY,MTN,WECC,Electric Utility,22,WT,599952.0,2024
63916,Cedar Springs III,"Cedar Springs Wind III, LLC",63582,WY,MTN,WECC,NAICS-22 Non-Cogen,22,WT,527412.0,2024
63941,Oasis Alta,Terra-Gen Operating Co-Wind,2770,CA,PACC,WECC,NAICS-22 Non-Cogen,22,WT,56995.0,2024
63981,Red Cloud Wind LLC,Pattern Operators LP,56545,NM,MTN,WECC,NAICS-22 Non-Cogen,22,WT,1247403.0,2024
63988,Blooming Grove Wind Energy Center,Invenergy Services LLC,49893,IL,ENC,SERC,NAICS-22 Non-Cogen,22,WT,870494.0,2024
64003,Iron Star Wind Project,Engie North America,56201,KS,WNC,MRO,NAICS-22 Non-Cogen,22,WT,1252259.0,2024
64047,Caddo Wind,ALLETE Clean Energy,59496,OK,WSC,MRO,NAICS-22 Non-Cogen,22,WT,706040.0,2024
64051,"Orchard Windfarm 2, LLC","Orchard Windfarm, LLC",62758,OR,PACC,WECC,NAICS-22 Non-Cogen,22,WT,29762.0,2024
64052,"Orchard Windfarm 3, LLC","Orchard Windfarm, LLC",62758,OR,PACC,WECC,NAICS-22 Non-Cogen,22,WT,27908.0,2024
64053,"Orchard Windfarm 4, LLC","Orchard Windfarm, LLC",62758,OR,PACC,WECC,NAICS-22 Non-Cogen,22,WT,29715.0,2024
64054,Clines Corners Wind Farm LLC,Pattern Operators LP,56545,NM,MTN,WECC,NAICS-22 Non-Cogen,22,WT,1087117.0,2024
64057,Wheatridge 1,Portland General Electric Co,15248,OR,PACC,WECC,Electric Utility,22,WT,299273.0,2024
64065,Duran Mesa LLC,Pattern Operators LP,56545,NM,MTN,WECC,NAICS-22 Non-Cogen,22,WT,333903.0,2024
64066,Tecolote Wind LLC,Pattern Operators LP,56545,NM,MTN,WECC,NAICS-22 Non-Cogen,22,WT,879912.0,2024
64074,Cimarron Bend III,"Enel Kansas, LLC",61372,KS,WNC,MRO,NAICS-22 Non-Cogen,22,WT,538965.0,2024
64088,"Alta Farms II Wind Project, LLC","Alta Farms II Wind Project, LLC",63722,IL,ENC,SERC,NAICS-22 Non-Cogen,22,WT,581737.0,2024
64130,"REG Juhl Glenville Wind, LLC","REG Juhl Glenville Wind, LLC",63761,MN,WNC,MRO,NAICS-22 Non-Cogen,22,WT,9439.0,2024
64138,Irish Creek Wind,"Irish Creek Wind, LLC",63765,KS,WNC,MRO,NAICS-22 Non-Cogen,22,WT,950268.0,2024
64139,"Haystack Wind Project, LLC","Haystack Wind Project, LLC",63764,NE,WNC,MRO,NAICS-22 Non-Cogen,22,WT,735489.0,2024
64149,"Western Trail Wind, LLC",Orsted Onshore North America,63773,TX,WSC,TRE,NAICS-22 Non-Cogen,22,WT,1146541.0,2024
64164,"Azure Sky Wind Project, LLC Hybrid","Azure Sky Wind Project, LLC",63784,TX,WSC,TRE,NAICS-22 Non-Cogen,22,WT,1163641.0,2024
64165,Priddy Wind Project,Engie North America,56201,TX,WSC,TRE,NAICS-22 Non-Cogen,22,WT,958557.0,2024
64172,"Rockhaven Wind Project, LLC","Rockhaven Wind Project, LLC",63783,OK,WSC,MRO,NAICS-22 Non-Cogen,22,WT,531324.0,2024
64177,CED Manchester Wind,Consolidated Edison Development Inc.,56769,IA,WNC,MRO,NAICS-22 Non-Cogen,22,WT,30991.0,2024
64178,CED Centerville Wind,Consolidated Edison Development Inc.,56769,IA,WNC,MRO,NAICS-22 Non-Cogen,22,WT,26585.0,2024
64183,Independence Wind Farm,Independence Wind Energy LLC,63802,IA,WNC,MRO,NAICS-22 Non-Cogen,22,WT,218306.0,2024
64230,Indiana Crossroads Wind Farm LLC,Indiana Crossroads Wind Farms LLC,63835,IN,ENC,RFC,NAICS-22 Non-Cogen,22,WT,924201.0,2024
64309,Soldier Creek Wind,Soldier Creek Wind LLC,63887,KS,WNC,MRO,NAICS-22 Non-Cogen,22,WT,1073594.0,2024
64323,Coachella Hills Wind,Terra-Gen Operating Co-Wind,2770,CA,PACC,WECC,NAICS-22 Non-Cogen,22,WT,215896.0,2024
64326,Summit Winds,Greenbacker Renewable Energy Corporation,60025,CA,PACC,WECC,NAICS-22 Non-Cogen,22,WT,170493.0,2024
64336,"Little Blue Wind Project, LLC","Little Blue Wind Project, LLC",63956,NE,WNC,MRO,NAICS-22 Non-Cogen,22,WT,988875.0,2024
64339,Horizon Hill Wind Project,"Horizon Hill Wind, LLC",63959,OK,WSC,MRO,NAICS-22 Non-Cogen,22,WT,514253.0,2024
64340,White Rock West Wind Project,"White Rock Wind West, LLC",63960,OK,WSC,MRO,NAICS-22 Non-Cogen,22,WT,364390.0,2024
64341,White Rock East Wind Project,"White Rock Wind East, LLC",63961,OK,WSC,MRO,NAICS-22 Non-Cogen,22,WT,417560.0,2024
64377,Milligan 1 Wind Farm,"Milligan 1 Wind, LLC",63993,NE,WNC,MRO,NAICS-22 Non-Cogen,22,WT,1054000.0,2024
64381,"Glacier Sands Wind Power, LLC","Glacier Sands Wind Power, LLC",63995,IL,ENC,MRO,NAICS-22 Non-Cogen,22,WT,646388.0,2024
64407,Flat Ridge 3,Invenergy Services LLC,49893,KS,WNC,MRO,NAICS-22 Non-Cogen,22,WT,508832.0,2024
64433,Black Rock Wind,"Black Rock Wind Force, LLC",64068,WV,SAT,RFC,NAICS-22 Non-Cogen,22,WT,340832.0,2024
64544,Ranchland Wind Project II,"Ranchland Wind Project II, LLC",64178,TX,WSC,TRE,NAICS-22 Non-Cogen,22,WT,496954.0,2024
64551,Ranchland Wind Project I,"Ranchland Wind Project I, LLC",64177,TX,WSC,TRE,NAICS-22 Non-Cogen,22,WT,405399.0,2024
64591,"El Algodon Alto Wind Farm, LLC","El Algodon Alto Wind Farm, LLC",64209,TX,WSC,TRE,NAICS-22 Non-Cogen,22,WT,623318.0,2024
64623,Freeborn Wind Farm,Northern States Power Co - Minnesota,13781,MN,WNC,MRO,Electric Utility,22,WT,751040.0,2024
64638,"Borderlands Wind, LLC","Borderlands Wind, LLC",64250,NM,MTN,WECC,NAICS-22 Non-Cogen,22,WT,254465.0,2024
64639,TG East,TG East Wind Project LLC,64251,TX,WSC,TRE,NAICS-22 Non-Cogen,22,WT,1080881.0,2024
64661,Heartland Divide II,Heartland Divide II,64259,IA,WNC,MRO,NAICS-22 Non-Cogen,22,WT,811627.0,2024
64662,"Sac County Wind, LLC",Sac County Wind,64261,IA,WNC,MRO,NAICS-22 Non-Cogen,22,WT,339434.0,2024
64665,Great Prairie Wind,Great Prairie Wind LLC,64976,TX,WSC,MRO,NAICS-22 Non-Cogen,22,WT,4107360.0,2024
64688,Plymouth Wind,MidAmerican Energy Co,12341,IA,WNC,MRO,Electric Utility,22,WT,768609.0,2024
64710,White Mesa Wind,"White Mesa Wind, LLC",64288,TX,WSC,TRE,NAICS-22 Non-Cogen,22,WT,1831515.0,2024
64750,Glass Sands Wind Facility,Southern Power Co,17650,OK,WSC,MRO,NAICS-22 Non-Cogen,22,WT,435201.0,2024
64872,"Panorama Wind, LLC","Leeward Asset Management, LLC",50123,CO,MTN,WECC,NAICS-22 Non-Cogen,22,WT,562409.0,2024
65048,Hubbard Wind,Hubbard Wind LLC,64468,TX,WSC,TRE,NAICS-22 Non-Cogen,22,WT,983049.0,2024
65059,"Niyol Wind, LLC","Niyol Wind, LLC",64461,CO,MTN,WECC,NAICS-22 Non-Cogen,22,WT,788049.0,2024
65129,Jayhawk Wind Energy Center,Invenergy Services LLC,49893,KS,WNC,MRO,NAICS-22 Non-Cogen,22,WT,638388.0,2024
65143,Big Turtle Wind Farm 2,DTE Electric Company,5109,MI,ENC,RFC,Electric Utility,22,WT,106948.0,2024
65162,Lacy Creek Wind Energy Center,"Lacy Creek Wind, LLC",64533,TX,WSC,TRE,NAICS-22 Non-Cogen,22,WT,1297553.0,2024
65282,Red Barn Energy,Wisconsin Public Service Corp,20860,WI,ENC,MRO,Electric Utility,22,WT,267703.0,2024
65306,Limestone Wind Project,"Limestone Wind Project, LLC",64611,TX,WSC,TRE,NAICS-22 Non-Cogen,22,WT,662982.0,2024
65311,"Cedar Creek Wind, LLC","Cedar Creek Wind, LLC",64624,ID,MTN,WECC,NAICS-22 Non-Cogen,22,WT,353497.0,2024
65316,Sapphire Sky Wind Energy LLC,Invenergy Services LLC,49893,IL,ENC,SERC,NAICS-22 Non-Cogen,22,WT,950734.0,2024
65328,Meridian Wind Park,DTE Electric Company,5109,MI,ENC,RFC,Electric Utility,22,WT,484102.0,2024
65335,Appaloosa Run Wind,"Appaloosa Run Wind, LLC",64655,TX,WSC,TRE,NAICS-22 Non-Cogen,22,WT,708763.0,2024
65350,Ford County Wind Farm LLC,Ford Ridge,64683,IL,ENC,SERC,NAICS-22 Non-Cogen,22,WT,477142.0,2024
65390,"Ledyard Windpower, LLC",Duke Energy Renewables Services,65411,IA,WNC,MRO,NAICS-22 Non-Cogen,22,WT,790739.0,2024
65403,Boswell Wind,"Boswell Wind, LLC",64744,WY,MTN,WECC,NAICS-22 Non-Cogen,22,WT,3229.0,2024
65478,"Green Providence Wind I, LLC","Green Providence Wind I, LLC",64795,RI,NEW,NPCC,NAICS-22 Non-Cogen,22,WT,1565.0,2024
65479,"Green Providence Wind II, LLC","Green Providence Wind II, LLC",64796,RI,NEW,NPCC,NAICS-22 Non-Cogen,22,WT,3806.0,2024
65484,Western Plains Wind,"Western Plains Wind, LLC",64806,KS,WNC,MRO,Industrial NAICS Non-Cogen,325193,WT,12221.0,2024
65495,"Ball Hill Wind Energy, LLC","Ball Hill Wind Energy, LLC",64804,NY,MAT,NPCC,NAICS-22 Non-Cogen,22,WT,242766.0,2024
65496,"Bluestone Wind, LLC","Bluestone Wind, LLC",64805,NY,MAT,NPCC,NAICS-22 Non-Cogen,22,WT,292547.0,2024
65511,25 Mile Creek,"Enel Green Power NA, Inc.",59380,OK,WSC,MRO,NAICS-22 Non-Cogen,22,WT,1105758.0,2024
65522,Number Three Wind Project,Invenergy Services LLC,49893,NY,MAT,NPCC,NAICS-22 Non-Cogen,22,WT,272600.76,2024
65546,Inertia Wind Project,"Inertia Wind Project, LLC",64847,TX,WSC,TRE,NAICS-22 Non-Cogen,22,WT,1247496.0,2024
65577,Clearwater Wind I,Clearwater Energy Resources LLC,64896,MT,MTN,WECC,NAICS-22 Non-Cogen,22,WT,1234055.0,2024
65713,Rock Aetna Power Partners,Northern States Power Co - Minnesota,13781,MN,WNC,MRO,Electric Utility,22,WT,82276.0,2024
65714,Northern Wind,Northern States Power Co - Minnesota,13781,MN,WNC,MRO,Electric Utility,22,WT,369987.0,2024
65715,Great Pathfinder Wind,Great Pathfinder Wind,64989,IA,WNC,MRO,NAICS-22 Non-Cogen,22,WT,783927.0,2024
65725,Kossuth County Wind,"Kossuth County Wind, LLC",64979,IA,WNC,MRO,NAICS-22 Non-Cogen,22,WT,291804.0,2024
65737,Schumann Wind Farm,"Chopin Wind, LLC",57421,OR,PACC,WECC,NAICS-22 Non-Cogen,22,WT,24070.0,2024
65738,"Sunflower Energy Center, LLC","Sunflower Energy Center, LLC",64992,KS,WNC,MRO,NAICS-22 Non-Cogen,22,WT,805893.0,2024
65741,"Sandy Ridge Wind 2, LLC",Algonquin Power Co,59050,PA,MAT,RFC,NAICS-22 Non-Cogen,22,WT,219913.0,2024
65742,Deerfield Wind Energy 2,"Deerfield Wind Energy 2, LLC",64998,MI,ENC,RFC,NAICS-22 Non-Cogen,22,WT,308988.0,2024
65761,Buffalo Ridge Wind,"Buffalo Ridge Wind, LLC",65012,MN,WNC,MRO,NAICS-22 Non-Cogen,22,WT,451134.0,2024
65763,Young Wind,"Young Wind, LLC",65013,TX,WSC,TRE,NAICS-22 Non-Cogen,22,WT,1557154.0,2024
65764,Walleye Wind,"Walleye Wind, LLC",65015,MN,WNC,MRO,NAICS-22 Non-Cogen,22,WT,474247.0,2024
65790,Castle Gap Wind,"Castle Gap Wind Power, LLC",65044,TX,WSC,TRE,NAICS-22 Non-Cogen,22,WT,594855.0,2024
65971,"Seven Cowboy Wind Project, LLC","Seven Cowboy Wind Project, LLC",65148,OK,WSC,MRO,NAICS-22 Non-Cogen,22,WT,989888.0,2024
66000,Delta Wind Farm (MS),AES Clean Energy,64904,MS,ESC,SERC,NAICS-22 Non-Cogen,22,WT,346724.0,2024
66001,Chevelon Butte Wind Farm,AES Clean Energy,64904,AZ,MTN,WECC,NAICS-22 Non-Cogen,22,WT,572573.0,2024
66014,"Bronco Plains Wind II, LLC","Bronco Plains Wind II, LLC",65166,CO,MTN,WECC,NAICS-22 Non-Cogen,22,WT,729236.0,2024
66052,Eight Point Wind,"Eight Point Wind, LLC",65225,NY,MAT,NPCC,NAICS-22 Non-Cogen,22,WT,268681.0,2024
66093,Moraine Sands Wind Power,"Moraine Sands Wind Power, LLC",65268,IL,ENC,SERC,NAICS-22 Non-Cogen,22,WT,592510.0,2024
66110,Babbitt Ranch Energy Center,"Babbitt Ranch Energy Center, LLC",65280,AZ,MTN,WECC,NAICS-22 Non-Cogen,22,WT,214742.0,2024
66155,Ponderosa Wind II,"Ponderosa Wind II, LLC",65302,OK,WSC,MRO,NAICS-22 Non-Cogen,22,WT,51693.0,2024
66156,High Banks Wind,"High Banks Wind, LLC",65295,KS,WNC,MRO,NAICS-22 Non-Cogen,22,WT,2545176.0,2024
66183,Clearwater Wind East,"Clearwater Wind East, LLC",65311,MT,MTN,WECC,Electric Utility,22,WT,766640.0,2024
66184,Clearwater Wind II,"Clearwater Wind II, LLC",65312,MT,MTN,WECC,NAICS-22 Non-Cogen,22,WT,377083.0,2024
66192,Heartland Farms,Consumers Energy Co - (MI),4254,MI,ENC,RFC,Electric Utility,22,WT,323581.0,2024
66195,"SPPW1, LLC","SPPW1, LLC",65318,NE,WNC,MRO,NAICS-22 Non-Cogen,22,WT,25172.0,2024
66261,Martin Marietta Wind Project,OEE XXXIII LLC,65369,OH,ENC,RFC,NAICS-22 Non-Cogen,22,WT,7178.0,2024
66283,Silver Maple,WEB Silver Maple Wind LLC,65402,ME,NEW,NPCC,NAICS-22 Non-Cogen,22,WT,58734.0,2024
66321,"King Creek Wind Farm 1, LLC","King Creek Wind Farm 1, LLC",65408,TX,WSC,TRE,NAICS-22 Non-Cogen,22,WT,552499.0,2024
66323,"King Creek Wind Farm 2, LLC","King Creek Wind Farm 2, LLC",65409,TX,WSC,TRE,NAICS-22 Non-Cogen,22,WT,611861.0,2024
66496,"Sweetland Wind Farm, LLC","Sweetland Wind Farm, LLC",65553,SD,WNC,MRO,NAICS-22 Non-Cogen,22,WT,837768.0,2024
66531,Pioneer Hutt Wind Energy,"Pioneer Hutt Wind Energy, LLC",65580,TX,WSC,TRE,NAICS-22 Non-Cogen,22,WT,569636.0,2024
66540,Shamrock Wind,Shamrock Wind LLC,65578,TX,WSC,TRE,NAICS-22 Non-Cogen,22,WT,857107.0,2024
66568,Shady Oaks Wind 2,"Shady Oaks Wind 2, LLC",65614,IL,ENC,RFC,NAICS-22 Non-Cogen,22,WT,336147.0,2024
66668,Chickasaw Wind Farm,MidAmerican Energy Co,12341,IA,WNC,MRO,Electric Utility,22,WT,601446.0,2024
66811,Clearwater Wind III,"Clearwater Wind III, LLC",65780,MT,MTN,WECC,NAICS-22 Non-Cogen,22,WT,125121.0,2024
66861,Indiana Crossroads Wind Farm II,Indiana Crossroads Wind Farm II LLC,65794,IN,ENC,RFC,NAICS-22 Non-Cogen,22,WT,539242.0,2024
66902,Roadrunner Wind Farm,"Roadrunner Crossing Wind Farm, LLC",65826,TX,WSC,TRE,NAICS-22 Non-Cogen,22,WT,491749.0,2024
66952,Prescott Wind Farm,Prescott Wind Energy LLC,65857,IA,WNC,MRO,NAICS-22 Non-Cogen,22,WT,51943.0,2024
67002,"North Bend Wind Project, LLC","North Bend Wind Project, LLC",65929,SD,WNC,MRO,NAICS-22 Non-Cogen,22,WT,753770.0,2024
67026,Roundhouse Renewable Energy II,"Roundhouse Renewable Energy II, LLC",65948,WY,MTN,WECC,NAICS-22 Non-Cogen,22,WT,393578.0,2024
67160,Springfield Wind,Arkansas River Power Authority,712,CO,MTN,WECC,Electric Utility,22,WT,5287.0,2024
67176,Chevelon Butte Phase 2,AES Clean Energy,64904,AZ,MTN,WECC,NAICS-22 Non-Cogen,22,WT,297480.63,2024
67193,Anticline Wind,"Anticline Wind, LLC",66072,WY,MTN,WECC,NAICS-22 Non-Cogen,22,WT,16579.0,2024
67247,Mesa Wind Repower,Mesa Wind Repower,66119,CA,PACC,WECC,NAICS-22 Non-Cogen,22,WT,80117.35,2024
67425,"Century Oak Wind Project, LLC","Century Oak Wind Project, LLC",66200,TX,WSC,TRE,NAICS-22 Non-Cogen,22,WT,222509.0,2024
67502,Oliver Wind IV,"Oliver Wind IV, LLC",66233,ND,WNC,MRO,NAICS-22 Non-Cogen,22,WT,39699.0,2024
67601,Diversion Wind Energy LLC,Southwestern Electric Power Co,17698,TX,WSC,TRE,Electric Utility,22,WT,43097.0,2024
67910,"Timbermill Wind, LLC",Timbermill Wind,66473,NC,SAT,SERC,NAICS-22 Non-Cogen,22,WT,21052.0,2024
67916,Foote Creek Rim,PacifiCorp,14354,WY,MTN,,Electric Utility,22,WT,65029.0,2024
68318,Dakota Range Wind,Northern States Power Co - Minnesota,13781,SD,WNC,,Electric Utility,22,WT,175205.0,2024
69003,Windshare LLC,Greenbacker Renewable Energy Corporation,60025,MN,WNC,,NAICS-22 Non-Cogen,22,WT,11419.0,2024
99999,State-Fuel Level Increment,State-Fuel Level Increment,99999,MA,NEW,,NAICS-22 Non-Cogen,99999,WT,7377.557,2024
99999,State-Fuel Level Increment,State-Fuel Level Increment,99999,SD,WNC,,Electric Utility,99999,WT,734396.25,2024
99999,State-Fuel Level Increment,State-Fuel Level Increment,99999,WA,PACC,,NAICS-22 Non-Cogen,99999,WT,12680.275,2024
99999,State-Fuel Level Increment,State-Fuel Level Increment,99999,TX,WSC,,NAICS-22 Non-Cogen,99999,WT,181388.47,2024
99999,State-Fuel Level Increment,State-Fuel Level Increment,99999,SD,WNC,,NAICS-22 Non-Cogen,99999,WT,25820.838,2024
99999,State-Fuel Level Increment,State-Fuel Level Increment,99999,NY,MAT,,Industrial NAICS Non-Cogen,99999,WT,104.319,2024
99999,State-Fuel Level Increment,State-Fuel Level Increment,99999,MT,MTN,,NAICS-22 Non-Cogen,99999,WT,4479.413,2024
99999,State-Fuel Level Increment,State-Fuel Level Increment,99999,MA,NEW,,Commercial NAICS Non-Cogen,99999,WT,3061.688,2024
99999,State-Fuel Level Increment,State-Fuel Level Increment,99999,IN,ENC,,Electric Utility,99999,WT,228278.13,2024
99999,State-Fuel Level Increment,State-Fuel Level Increment,99999,IL,ENC,,NAICS-22 Non-Cogen,99999,WT,57869.873,2024
99999,State-Fuel Level Increment,State-Fuel Level Increment,99999,HI,PACN,,NAICS-22 Non-Cogen,99999,WT,31416.956,2024
99999,State-Fuel Level Increment,State-Fuel Level Increment,99999,CA,PACC,,Industrial NAICS Non-Cogen,99999,WT,11607.478,2024
99999,State-Fuel Level Increment,State-Fuel Level Increment,99999,CA,PACC,,NAICS-22 Non-Cogen,99999,WT,100777.13,2024
